S-01,S-02,S-03,S-04,S-05,S-06,S-07,S-08,S-09,S-10,S-11,S-12,S-13,S-15,S-16,S-17,S-18,S-19,Average,Variance
29,10,0,25,6,12,6,90,3,41.66666667,30.66666667,6.333333333,41,39,9,15,0,3,20.37037037,906.5481481
28.9,11,0.6,27.3,5.7,12.6,7.8,90.1,5.633333333,43,28.2,6,41,37.5,8.4,14.7,0.3,3.7,20.69074074,943.7185185
28.8,12,1.2,29.6,5.4,13.2,9.6,90.2,8.266666667,44.33333333,25.73333333,5.666666667,41,36,7.8,14.4,0.6,4.4,21.01111111,980.8888889
28.7,13,1.8,31.9,5.1,13.8,11.4,90.3,10.9,45.66666667,23.26666667,5.333333333,41,34.5,7.2,14.1,0.9,5.1,21.33148148,1018.059259
28.6,14,2.4,34.2,4.8,14.4,13.2,90.4,13.53333333,47,20.8,5,41,33,6.6,13.8,1.2,5.8,21.65185185,1055.22963
28.5,15,3,36.5,4.5,15,15,90.5,16.16666667,48.33333333,18.33333333,4.666666667,41,31.5,6,13.5,1.5,6.5,21.97222222,1092.4
28.4,16,3.6,38.8,4.2,15.6,16.8,90.6,18.8,49.66666667,15.86666667,4.333333333,41,30,5.4,13.2,1.8,7.2,22.29259259,1129.57037
28.3,17,4.2,41.1,3.9,16.2,18.6,90.7,21.43333333,51,13.4,4,41,28.5,4.8,12.9,2.1,7.9,22.61296296,1166.740741
28.2,18,4.8,43.4,3.6,16.8,20.4,90.8,24.06666667,52.33333333,10.93333333,3.666666667,41,27,4.2,12.6,2.4,8.6,22.93333333,1203.911111
28.1,19,5.4,45.7,3.3,17.4,22.2,90.9,26.7,53.66666667,8.466666667,3.333333333,41,25.5,3.6,12.3,2.7,9.3,23.2537037,1241.081481
28,20,6,48,3,18,24,91,29.33333333,55,6,3,41,24,3,12,3,10,23.57407407,1278.251852
26.1,22.9,6,43.9,3.6,19.1,24,96.6,26.7,50.9,6.3,4.433333333,40.26666667,25.1,3.8,12,2.7,10,23.57777778,1343.148148
24.2,25.8,6,39.8,4.2,20.2,24,102.2,24.06666667,46.8,6.6,5.866666667,39.53333333,26.2,4.6,12,2.4,10,23.58148148,1408.044444
22.3,28.7,6,35.7,4.8,21.3,24,107.8,21.43333333,42.7,6.9,7.3,38.8,27.3,5.4,12,2.1,10,23.58518519,1472.940741
20.4,31.6,6,31.6,5.4,22.4,24,113.4,18.8,38.6,7.2,8.733333333,38.06666667,28.4,6.2,12,1.8,10,23.58888889,1537.837037
18.5,34.5,6,27.5,6,23.5,24,119,16.16666667,34.5,7.5,10.16666667,37.33333333,29.5,7,12,1.5,10,23.59259259,1602.733333
16.6,37.4,6,23.4,6.6,24.6,24,124.6,13.53333333,30.4,7.8,11.6,36.6,30.6,7.8,12,1.2,10,23.5962963,1667.62963
14.7,40.3,6,19.3,7.2,25.7,24,130.2,10.9,26.3,8.1,13.03333333,35.86666667,31.7,8.6,12,0.9,10,23.6,1732.525926
12.8,43.2,6,15.2,7.8,26.8,24,135.8,8.266666667,22.2,8.4,14.46666667,35.13333333,32.8,9.4,12,0.6,10,23.6037037,1797.422222
10.9,46.1,6,11.1,8.4,27.9,24,141.4,5.633333333,18.1,8.7,15.9,34.4,33.9,10.2,12,0.3,10,23.60740741,1862.318519
9,49,6,7,9,29,24,147,3,14,9,17.33333333,33.66666667,35,11,12,0,10,23.61111111,1927.214815
11.9,48.4,6.9,6.3,9.3,27.1,24.3,143.1,3,14,8.7,18.8,32.4,36.7,11,11.1,0,10,23.5,1860.914667
14.8,47.8,7.8,5.6,9.6,25.2,24.6,139.2,3,14,8.4,20.26666667,31.13333333,38.4,11,10.2,0,10,23.38888889,1794.614519
17.7,47.2,8.7,4.9,9.9,23.3,24.9,135.3,3,14,8.1,21.73333333,29.86666667,40.1,11,9.3,0,10,23.27777778,1728.31437
20.6,46.6,9.6,4.2,10.2,21.4,25.2,131.4,3,14,7.8,23.2,28.6,41.8,11,8.4,0,10,23.16666667,1662.014222
23.5,46,10.5,3.5,10.5,19.5,25.5,127.5,3,14,7.5,24.66666667,27.33333333,43.5,11,7.5,0,10,23.05555556,1595.714074
26.4,45.4,11.4,2.8,10.8,17.6,25.8,123.6,3,14,7.2,26.13333333,26.06666667,45.2,11,6.6,0,10,22.94444444,1529.413926
29.3,44.8,12.3,2.1,11.1,15.7,26.1,119.7,3,14,6.9,27.6,24.8,46.9,11,5.7,0,10,22.83333333,1463.113778
32.2,44.2,13.2,1.4,11.4,13.8,26.4,115.8,3,14,6.6,29.06666667,23.53333333,48.6,11,4.8,0,10,22.72222222,1396.81363
35.1,43.6,14.1,0.7,11.7,11.9,26.7,111.9,3,14,6.3,30.53333333,22.26666667,50.3,11,3.9,0,10,22.61111111,1330.513481
38,43,15,0,12,10,27,108,3,14,6,32,21,52,11,3,0,10,22.5,1264.213333
38.7,41,15.3,0,12.1,12.9,25.93333333,103.9,3.333333333,18.6,6.6,30.53333333,23.3,47.1,9.9,3,0,10.7,22.38333333,1234.283259
39.4,39,15.6,0,12.2,15.8,24.86666667,99.8,3.666666667,23.2,7.2,29.06666667,25.6,42.2,8.8,3,0,11.4,22.26666667,1204.353185
40.1,37,15.9,0,12.3,18.7,23.8,95.7,4,27.8,7.8,27.6,27.9,37.3,7.7,3,0,12.1,22.15,1174.423111
40.8,35,16.2,0,12.4,21.6,22.73333333,91.6,4.333333333,32.4,8.4,26.13333333,30.2,32.4,6.6,3,0,12.8,22.03333333,1144.493037
41.5,33,16.5,0,12.5,24.5,21.66666667,87.5,4.666666667,37,9,24.66666667,32.5,27.5,5.5,3,0,13.5,21.91666667,1114.562963
42.2,31,16.8,0,12.6,27.4,20.6,83.4,5,41.6,9.6,23.2,34.8,22.6,4.4,3,0,14.2,21.8,1084.632889
42.9,29,17.1,0,12.7,30.3,19.53333333,79.3,5.333333333,46.2,10.2,21.73333333,37.1,17.7,3.3,3,0,14.9,21.68333333,1054.702815
43.6,27,17.4,0,12.8,33.2,18.46666667,75.2,5.666666667,50.8,10.8,20.26666667,39.4,12.8,2.2,3,0,15.6,21.56666667,1024.772741
44.3,25,17.7,0,12.9,36.1,17.4,71.1,6,55.4,11.4,18.8,41.7,7.9,1.1,3,0,16.3,21.45,994.8426667
45,23,18,0,13,39,16.33333333,67,6.333333333,60,12,17.33333333,44,3,0,3,0,17,21.33333333,964.9125926
41.8,22.3,20.4,0,53.7,37.4,15.3,67,6.833333333,58.9,12.3,15.9,44,4.1,0.3,2.7,0,15.3,23.23518519,3840.687407
38.6,21.6,22.8,0,94.4,35.8,14.26666667,67,7.333333333,57.8,12.6,14.46666667,44,5.2,0.6,2.4,0,13.6,25.13703704,6716.462222
35.4,20.9,25.2,0,135.1,34.2,13.23333333,67,7.833333333,56.7,12.9,13.03333333,44,6.3,0.9,2.1,0,11.9,27.03888889,9592.237037
32.2,20.2,27.6,0,175.8,32.6,12.2,67,8.333333333,55.6,13.2,11.6,44,7.4,1.2,1.8,0,10.2,28.94074074,12468.01185
29,19.5,30,0,216.5,31,11.16666667,67,8.833333333,54.5,13.5,10.16666667,44,8.5,1.5,1.5,0,8.5,30.84259259,15343.78667
25.8,18.8,32.4,0,257.2,29.4,10.13333333,67,9.333333333,53.4,13.8,8.733333333,44,9.6,1.8,1.2,0,6.8,32.74444444,18219.56148
22.6,18.1,34.8,0,297.9,27.8,9.1,67,9.833333333,52.3,14.1,7.3,44,10.7,2.1,0.9,0,5.1,34.6462963,21095.3363
19.4,17.4,37.2,0,338.6,26.2,8.066666667,67,10.33333333,51.2,14.4,5.866666667,44,11.8,2.4,0.6,0,3.4,36.54814815,23971.11111
16.2,16.7,39.6,0,379.3,24.6,7.033333333,67,10.83333333,50.1,14.7,4.433333333,44,12.9,2.7,0.3,0,1.7,38.45,26846.88593
13,16,42,0,420,23,6,67,11.33333333,49,15,3,44,14,3,0,0,0,40.35185185,29722.66074
59.5,15.8,41.2,6.3,834.1,21,6.266666667,65.3,12.2,47.4,14.66666667,3.2,39.6,17.2,3,0,0,0.3,65.9462963,413266.4441
106,15.6,40.4,12.6,1248.2,19,6.533333333,63.6,13.06666667,45.8,14.33333333,3.4,35.2,20.4,3,0,0,0.6,91.54074074,796810.2276
152.5,15.4,39.6,18.9,1662.3,17,6.8,61.9,13.93333333,44.2,14,3.6,30.8,23.6,3,0,0,0.9,117.1351852,1180354.011
199,15.2,38.8,25.2,2076.4,15,7.066666667,60.2,14.8,42.6,13.66666667,3.8,26.4,26.8,3,0,0,1.2,142.7296296,1563897.794
245.5,15,38,31.5,2490.5,13,7.333333333,58.5,15.66666667,41,13.33333333,4,22,30,3,0,0,1.5,168.3240741,1947441.578
292,14.8,37.2,37.8,2904.6,11,7.6,56.8,16.53333333,39.4,13,4.2,17.6,33.2,3,0,0,1.8,193.9185185,2330985.361
338.5,14.6,36.4,44.1,3318.7,9,7.866666667,55.1,17.4,37.8,12.66666667,4.4,13.2,36.4,3,0,0,2.1,219.512963,2714529.145
385,14.4,35.6,50.4,3732.8,7,8.133333333,53.4,18.26666667,36.2,12.33333333,4.6,8.8,39.6,3,0,0,2.4,245.1074074,3098072.928
431.5,14.2,34.8,56.7,4146.9,5,8.4,51.7,19.13333333,34.6,12,4.8,4.4,42.8,3,0,0,2.7,270.7018519,3481616.711
478,14,34,63,4561,3,8.666666667,50,20,33,11.66666667,5,0,46,3,0,0,3,296.2962963,3865160.495
668,14.3,34.3,2075.8,4238.3,4.1,7.8,52,19.83333333,30.3,12.7,5.2,0.3,48.5,3,1,0.3,2.7,401.0240741,8847141.396
858,14.6,34.6,4088.6,3915.6,5.2,6.933333333,54,19.66666667,27.6,13.73333333,5.4,0.6,51,3,2,0.6,2.4,505.7518519,13829122.3
1048,14.9,34.9,6101.4,3592.9,6.3,6.066666667,56,19.5,24.9,14.76666667,5.6,0.9,53.5,3,3,0.9,2.1,610.4796296,18811103.2
1238,15.2,35.2,8114.2,3270.2,7.4,5.2,58,19.33333333,22.2,15.8,5.8,1.2,56,3,4,1.2,1.8,715.2074074,23793084.1
1428,15.5,35.5,10127,2947.5,8.5,4.333333333,60,19.16666667,19.5,16.83333333,6,1.5,58.5,3,5,1.5,1.5,819.9351852,28775065
1618,15.8,35.8,12139.8,2624.8,9.6,3.466666667,62,19,16.8,17.86666667,6.2,1.8,61,3,6,1.8,1.2,924.662963,33757045.9
1808,16.1,36.1,14152.6,2302.1,10.7,2.6,64,18.83333333,14.1,18.9,6.4,2.1,63.5,3,7,2.1,0.9,1029.390741,38739026.8
1998,16.4,36.4,16165.4,1979.4,11.8,1.733333333,66,18.66666667,11.4,19.93333333,6.6,2.4,66,3,8,2.4,0.6,1134.118519,43721007.7
2188,16.7,36.7,18178.2,1656.7,12.9,0.866666667,68,18.5,8.7,20.96666667,6.8,2.7,68.5,3,9,2.7,0.3,1238.846296,48702988.6
2378,17,37,20191,1334,14,0,70,18.33333333,6,22,7,3,71,3,10,3,0,1343.574074,53684969.51
2537.5,16.3,34.2,20952.93333,1463.6,15.7,1.2,72.1,17,5.7,21.7,7.166666667,3.3,66.5,3,10.3,2.7,0.3,1401.733333,53521212.19
2697,15.6,31.4,21714.86667,1593.2,17.4,2.4,74.2,15.66666667,5.4,21.4,7.333333333,3.6,62,3,10.6,2.4,0.6,1459.892593,53357454.88
2856.5,14.9,28.6,22476.8,1722.8,19.1,3.6,76.3,14.33333333,5.1,21.1,7.5,3.9,57.5,3,10.9,2.1,0.9,1518.051852,53193697.56
3016,14.2,25.8,23238.73333,1852.4,20.8,4.8,78.4,13,4.8,20.8,7.666666667,4.2,53,3,11.2,1.8,1.2,1576.211111,53029940.25
3175.5,13.5,23,24000.66667,1982,22.5,6,80.5,11.66666667,4.5,20.5,7.833333333,4.5,48.5,3,11.5,1.5,1.5,1634.370371,52866182.93
3335,12.8,20.2,24762.6,2111.6,24.2,7.2,82.6,10.33333333,4.2,20.2,8,4.8,44,3,11.8,1.2,1.8,1692.52963,52702425.62
3494.5,12.1,17.4,25524.53333,2241.2,25.9,8.4,84.7,9,3.9,19.9,8.166666667,5.1,39.5,3,12.1,0.9,2.1,1750.688889,52538668.3
3654,11.4,14.6,26286.46667,2370.8,27.6,9.6,86.8,7.666666667,3.6,19.6,8.333333333,5.4,35,3,12.4,0.6,2.4,1808.848148,52374910.99
3813.5,10.7,11.8,27048.4,2500.4,29.3,10.8,88.9,6.333333333,3.3,19.3,8.5,5.7,30.5,3,12.7,0.3,2.7,1867.007407,52211153.68
3973,10,9,27810.33333,2630,31,12,91,5,3,19,8.666666667,6,26,3,13,0,3,1925.166666,52047396.36
3849.2,13.7,822.1,27041.26667,2674.5,408.8,13.2,90.8,4.5,3.7,17.1,8.9,6,25.4,2.7,12,0,4.7,1944.364815,51691942.69
3725.4,17.4,1635.2,26272.2,2719,786.6,14.4,90.6,4,4.4,15.2,9.133333333,6,24.8,2.4,11,0,6.4,1963.562963,51336489.02
3601.6,21.1,2448.3,25503.13333,2763.5,1164.4,15.6,90.4,3.5,5.1,13.3,9.366666667,6,24.2,2.1,10,0,8.1,1982.761111,50981035.36
3477.8,24.8,3261.4,24734.06667,2808,1542.2,16.8,90.2,3,5.8,11.4,9.6,6,23.6,1.8,9,0,9.8,2001.959259,50625581.69
3354,28.5,4074.5,23965,2852.5,1920,18,90,2.5,6.5,9.5,9.833333333,6,23,1.5,8,0,11.5,2021.157407,50270128.02
3230.2,32.2,4887.6,23195.93333,2897,2297.8,19.2,89.8,2,7.2,7.6,10.06666667,6,22.4,1.2,7,0,13.2,2040.355555,49914674.35
3106.4,35.9,5700.7,22426.86667,2941.5,2675.6,20.4,89.6,1.5,7.9,5.7,10.3,6,21.8,0.9,6,0,14.9,2059.553704,49559220.68
2982.6,39.6,6513.8,21657.8,2986,3053.4,21.6,89.4,1,8.6,3.8,10.53333333,6,21.2,0.6,5,0,16.6,2078.751852,49203767.01
2858.8,43.3,7326.9,20888.73333,3030.5,3431.2,22.8,89.2,0.5,9.3,1.9,10.76666667,6,20.6,0.3,4,0,18.3,2097.95,48848313.34
2735,47,8140,20119.66667,3075,3809,24,89,0,10,0,11,6,20,0,3,0,20,2117.148148,48492859.67
2665,45.9,7501.5,19391.86667,3089.3,3648.3,25.33333333,98.7,0.133333333,12.2,0.6,21,6.9,20.13333333,0,4.6,0,20.7,2030.675926,45206422.37
2595,44.8,6863,18664.06667,3103.6,3487.6,26.66666667,108.4,0.266666667,14.4,1.2,31,7.8,20.26666667,0,6.2,0,21.4,1944.203704,41919985.07
2525,43.7,6224.5,17936.26667,3117.9,3326.9,28,118.1,0.4,16.6,1.8,41,8.7,20.4,0,7.8,0,22.1,1857.731482,38633547.76
2455,42.6,5586,17208.46667,3132.2,3166.2,29.33333333,127.8,0.533333333,18.8,2.4,51,9.6,20.53333333,0,9.4,0,22.8,1771.259259,35347110.46
2385,41.5,4947.5,16480.66667,3146.5,3005.5,30.66666667,137.5,0.666666667,21,3,61,10.5,20.66666667,0,11,0,23.5,1684.787037,32060673.15
2315,40.4,4309,15752.86667,3160.8,2844.8,32,147.2,0.8,23.2,3.6,71,11.4,20.8,0,12.6,0,24.2,1598.314815,28774235.85
2245,39.3,3670.5,15025.06667,3175.1,2684.1,33.33333333,156.9,0.933333333,25.4,4.2,81,12.3,20.93333333,0,14.2,0,24.9,1511.842593,25487798.54
2175,38.2,3032,14297.26667,3189.4,2523.4,34.66666667,166.6,1.066666667,27.6,4.8,91,13.2,21.06666667,0,15.8,0,25.6,1425.370371,22201361.24
2105,37.1,2393.5,13569.46667,3203.7,2362.7,36,176.3,1.2,29.8,5.4,101,14.1,21.2,0,17.4,0,26.3,1338.898148,18914923.94
2035,36,1755,12841.66667,3218,2202,37.33333333,186,1.333333333,32,6,111,15,21.33333333,0,19,0,27,1252.425926,15628486.63
2566.5,37.8,1599.2,12571.66667,3049,2767.2,43.1,192.3333333,4.833333333,33.43333333,6,121.1,18.3,22.7,0.3,18,0,24.6,1282.003704,15717160.32
3098,39.6,1443.4,12301.66667,2880,3332.4,48.86666667,198.6666667,8.333333333,34.86666667,6,131.2,21.6,24.06666667,0.6,17,0,22.2,1311.581482,15805834
3629.5,41.4,1287.6,12031.66667,2711,3897.6,54.63333333,205,11.83333333,36.3,6,141.3,24.9,25.43333333,0.9,16,0,19.8,1341.159259,15894507.69
4161,43.2,1131.8,11761.66667,2542,4462.8,60.4,211.3333333,15.33333333,37.73333333,6,151.4,28.2,26.8,1.2,15,0,17.4,1370.737037,15983181.37
4692.5,45,976,11491.66667,2373,5028,66.16666667,217.6666667,18.83333333,39.16666667,6,161.5,31.5,28.16666667,1.5,14,0,15,1400.314815,16071855.06
5224,46.8,820.2,11221.66667,2204,5593.2,71.93333333,224,22.33333333,40.6,6,171.6,34.8,29.53333333,1.8,13,0,12.6,1429.892593,16160528.74
5755.5,48.6,664.4,10951.66667,2035,6158.4,77.7,230.3333333,25.83333333,42.03333333,6,181.7,38.1,30.9,2.1,12,0,10.2,1459.470371,16249202.43
6287,50.4,508.6,10681.66667,1866,6723.6,83.46666667,236.6666667,29.33333333,43.46666667,6,191.8,41.4,32.26666667,2.4,11,0,7.8,1489.048148,16337876.11
6818.5,52.2,352.8,10411.66667,1697,7288.8,89.23333333,243,32.83333333,44.9,6,201.9,44.7,33.63333333,2.7,10,0,5.4,1518.625926,16426549.8
7350,54,197,10141.66667,1528,7854,95,249.3333333,36.33333333,46.33333333,6,212,48,35,3,9,0,3,1548.203704,16515223.48
7551.6,54.7,196.3,10051.2,2184.4,7844,113.1666667,251.6,37,50.76666667,15.53333333,224.3333333,46.3,32.8,2.7,8.1,0,2.7,1592.622222,17672717.82
7753.2,55.4,195.6,9960.733333,2840.8,7834,131.3333333,253.8666667,37.66666667,55.2,25.06666667,236.6666667,44.6,30.6,2.4,7.2,0,2.4,1637.040741,18830212.15
7954.8,56.1,194.9,9870.266667,3497.2,7824,149.5,256.1333333,38.33333333,59.63333333,34.6,249,42.9,28.4,2.1,6.3,0,2.1,1681.459259,19987706.48
8156.4,56.8,194.2,9779.8,4153.6,7814,167.6666667,258.4,39,64.06666667,44.13333333,261.3333333,41.2,26.2,1.8,5.4,0,1.8,1725.877778,21145200.82
8358,57.5,193.5,9689.333333,4810,7804,185.8333333,260.6666667,39.66666667,68.5,53.66666667,273.6666667,39.5,24,1.5,4.5,0,1.5,1770.296296,22302695.15
8559.6,58.2,192.8,9598.866667,5466.4,7794,204,262.9333333,40.33333333,72.93333333,63.2,286,37.8,21.8,1.2,3.6,0,1.2,1814.714815,23460189.49
8761.2,58.9,192.1,9508.4,6122.8,7784,222.1666667,265.2,41,77.36666667,72.73333333,298.3333333,36.1,19.6,0.9,2.7,0,0.9,1859.133333,24617683.82
8962.8,59.6,191.4,9417.933333,6779.2,7774,240.3333333,267.4666667,41.66666667,81.8,82.26666667,310.6666667,34.4,17.4,0.6,1.8,0,0.6,1903.551852,25775178.16
9164.4,60.3,190.7,9327.466667,7435.6,7764,258.5,269.7333333,42.33333333,86.23333333,91.8,323,32.7,15.2,0.3,0.9,0,0.3,1947.97037,26932672.49
9366,61,190,9237,8092,7754,276.6666667,272,43,90.66666667,101.3333333,335.3333333,31,13,0,0,0,0,1992.388889,28090166.82
8713,56.2,203.9,8749.1,7669.8,7826.8,305.2,278,48.76666667,97.3,115.3,347.7,31.3,12.6,0,0.9,0,0,1914.214815,26141904.16
8060,51.4,217.8,8261.2,7247.6,7899.6,333.7333333,284,54.53333333,103.9333333,129.2666667,360.0666667,31.6,12.2,0,1.8,0,0,1836.040741,24193641.5
7407,46.6,231.7,7773.3,6825.4,7972.4,362.2666667,290,60.3,110.5666667,143.2333333,372.4333333,31.9,11.8,0,2.7,0,0,1757.866667,22245378.83
6754,41.8,245.6,7285.4,6403.2,8045.2,390.8,296,66.06666667,117.2,157.2,384.8,32.2,11.4,0,3.6,0,0,1679.692593,20297116.17
6101,37,259.5,6797.5,5981,8118,419.3333333,302,71.83333333,123.8333333,171.1666667,397.1666667,32.5,11,0,4.5,0,0,1601.518519,18348853.51
5448,32.2,273.4,6309.6,5558.8,8190.8,447.8666667,308,77.6,130.4666667,185.1333333,409.5333333,32.8,10.6,0,5.4,0,0,1523.344444,16400590.85
4795,27.4,287.3,5821.7,5136.6,8263.6,476.4,314,83.36666667,137.1,199.1,421.9,33.1,10.2,0,6.3,0,0,1445.17037,14452328.18
4142,22.6,301.2,5333.8,4714.4,8336.4,504.9333333,320,89.13333333,143.7333333,213.0666667,434.2666667,33.4,9.8,0,7.2,0,0,1366.996296,12504065.52
3489,17.8,315.1,4845.9,4292.2,8409.2,533.4666667,326,94.9,150.3666667,227.0333333,446.6333333,33.7,9.4,0,8.1,0,0,1288.822222,10555802.86
2836,13,329,4358,3870,8482,562,332,100.6666667,157,241,459,34,9,0,9,0,0,1210.648148,8607540.193
2789.4,13,336.2,4168.3,3570.3,8860.8,571.2,340.1,113.5333333,166.6,236.6,449.2333333,35.1,13.2,0,9.6,0,0,1204.064815,8776760.768
2742.8,13,343.4,3978.6,3270.6,9239.6,580.4,348.2,126.4,176.2,232.2,439.4666667,36.2,17.4,0,10.2,0,0,1197.481481,8945981.343
2696.2,13,350.6,3788.9,2970.9,9618.4,589.6,356.3,139.2666667,185.8,227.8,429.7,37.3,21.6,0,10.8,0,0,1190.898148,9115201.918
2649.6,13,357.8,3599.2,2671.2,9997.2,598.8,364.4,152.1333333,195.4,223.4,419.9333333,38.4,25.8,0,11.4,0,0,1184.314815,9284422.493
2603,13,365,3409.5,2371.5,10376,608,372.5,165,205,219,410.1666667,39.5,30,0,12,0,0,1177.731481,9453643.068
2556.4,13,372.2,3219.8,2071.8,10754.8,617.2,380.6,177.8666667,214.6,214.6,400.4,40.6,34.2,0,12.6,0,0,1171.148148,9622863.643
2509.8,13,379.4,3030.1,1772.1,11133.6,626.4,388.7,190.7333333,224.2,210.2,390.6333333,41.7,38.4,0,13.2,0,0,1164.564815,9792084.218
2463.2,13,386.6,2840.4,1472.4,11512.4,635.6,396.8,203.6,233.8,205.8,380.8666667,42.8,42.6,0,13.8,0,0,1157.981481,9961304.793
2416.6,13,393.8,2650.7,1172.7,11891.2,644.8,404.9,216.4666667,243.4,201.4,371.1,43.9,46.8,0,14.4,0,0,1151.398148,10130525.37
2370,13,401,2461,873,12270,654,413,229.3333333,253,197,361.3333333,45,51,0,15,0,0,1144.814815,10299745.94
2305.5,14.5,414.4,2349.4,856.3,11556.8,652.9,431.4,234.7,256.4,199,351.6,54.6,55.2,0,17,0,1.8,1097.305556,9454514.584
2241,16,427.8,2237.8,839.6,10843.6,651.8,449.8,240.0666667,259.8,201,341.8666667,64.2,59.4,0,19,0,3.6,1049.796296,8609283.224
2176.5,17.5,441.2,2126.2,822.9,10130.4,650.7,468.2,245.4333333,263.2,203,332.1333333,73.8,63.6,0,21,0,5.4,1002.287037,7764051.865
2112,19,454.6,2014.6,806.2,9417.2,649.6,486.6,250.8,266.6,205,322.4,83.4,67.8,0,23,0,7.2,954.7777778,6918820.505
2047.5,20.5,468,1903,789.5,8704,648.5,505,256.1666667,270,207,312.6666667,93,72,0,25,0,9,907.2685185,6073589.145
1983,22,481.4,1791.4,772.8,7990.8,647.4,523.4,261.5333333,273.4,209,302.9333333,102.6,76.2,0,27,0,10.8,859.7592593,5228357.785
1918.5,23.5,494.8,1679.8,756.1,7277.6,646.3,541.8,266.9,276.8,211,293.2,112.2,80.4,0,29,0,12.6,812.25,4383126.426
1854,25,508.2,1568.2,739.4,6564.4,645.2,560.2,272.2666667,280.2,213,283.4666667,121.8,84.6,0,31,0,14.4,764.7407407,3537895.066
1789.5,26.5,521.6,1456.6,722.7,5851.2,644.1,578.6,277.6333333,283.6,215,273.7333333,131.4,88.8,0,33,0,16.2,717.2314815,2692663.706
1725,28,535,1345,706,5138,643,597,283,287,217,264,141,93,0,35,0,18,669.7222222,1847432.347
1673.4,34.7,548,1280,689,4876.4,650.1333333,619,283.2333333,288.8,222.8333333,262.9666667,150.8,97.9,0,34.4,0,18.3,651.6592593,1712258.879
1621.8,41.4,561,1215,672,4614.8,657.2666667,641,283.4666667,290.6,228.6666667,261.9333333,160.6,102.8,0,33.8,0,18.6,633.5962963,1577085.411
1570.2,48.1,574,1150,655,4353.2,664.4,663,283.7,292.4,234.5,260.9,170.4,107.7,0,33.2,0,18.9,615.5333333,1441911.943
1518.6,54.8,587,1085,638,4091.6,671.5333333,685,283.9333333,294.2,240.3333333,259.8666667,180.2,112.6,0,32.6,0,19.2,597.4703704,1306738.475
1467,61.5,600,1020,621,3830,678.6666667,707,284.1666667,296,246.1666667,258.8333333,190,117.5,0,32,0,19.5,579.4074074,1171565.007
1415.4,68.2,613,955,604,3568.4,685.8,729,284.4,297.8,252,257.8,199.8,122.4,0,31.4,0,19.8,561.3444444,1036391.54
1363.8,74.9,626,890,587,3306.8,692.9333333,751,284.6333333,299.6,257.8333333,256.7666667,209.6,127.3,0,30.8,0,20.1,543.2814815,901218.0717
1312.2,81.6,639,825,570,3045.2,700.0666667,773,284.8666667,301.4,263.6666667,255.7333333,219.4,132.2,0,30.2,0,20.4,525.2185185,766044.6039
1260.6,88.3,652,760,553,2783.6,707.2,795,285.1,303.2,269.5,254.7,229.2,137.1,0,29.6,0,20.7,507.1555556,630871.136
1209,95,665,695,536,2522,714.3333333,817,285.3333333,305,275.3333333,253.6666667,239,142,0,29,0,21,489.0925926,495697.6681
1207.9,110,655.7,690.7,551.2,2472.8,708.1,801.8,299.1,307.8,275.2,252.7,246.9,144.5,0.3,26.4,0,19.2,487.2388889,478188.5573
1206.8,125,646.4,686.4,566.4,2423.6,701.8666667,786.6,312.8666667,310.6,275.0666667,251.7333333,254.8,147,0.6,23.8,0,17.4,485.3851852,460679.4465
1205.7,140,637.1,682.1,581.6,2374.4,695.6333333,771.4,326.6333333,313.4,274.9333333,250.7666667,262.7,149.5,0.9,21.2,0,15.6,483.5314815,443170.3357
1204.6,155,627.8,677.8,596.8,2325.2,689.4,756.2,340.4,316.2,274.8,249.8,270.6,152,1.2,18.6,0,13.8,481.6777778,425661.2249
1203.5,170,618.5,673.5,612,2276,683.1666667,741,354.1666667,319,274.6666667,248.8333333,278.5,154.5,1.5,16,0,12,479.8240741,408152.1141
1202.4,185,609.2,669.2,627.2,2226.8,676.9333333,725.8,367.9333333,321.8,274.5333333,247.8666667,286.4,157,1.8,13.4,0,10.2,477.9703704,390643.0033
1201.3,200,599.9,664.9,642.4,2177.6,670.7,710.6,381.7,324.6,274.4,246.9,294.3,159.5,2.1,10.8,0,8.4,476.1166667,373133.8924
1200.2,215,590.6,660.6,657.6,2128.4,664.4666667,695.4,395.4666667,327.4,274.2666667,245.9333333,302.2,162,2.4,8.2,0,6.6,474.262963,355624.7816
1199.1,230,581.3,656.3,672.8,2079.2,658.2333333,680.2,409.2333333,330.2,274.1333333,244.9666667,310.1,164.5,2.7,5.6,0,4.8,472.4092593,338115.6708
1198,245,572,652,688,2030,652,665,423,333,274,244,318,167,3,3,0,3,470.5555556,320606.56
1160.3,247.8,575,628.4,670.9,2051.2,666.3,659.6,423.5,339.0333333,278.4666667,245.1,333.8,185.7,3,3,0.3,2.7,470.7833333,318589.8015
1122.6,250.6,578,604.8,653.8,2072.4,680.6,654.2,424,345.0666667,282.9333333,246.2,349.6,204.4,3,3,0.6,2.4,471.0111111,316573.043
1084.9,253.4,581,581.2,636.7,2093.6,694.9,648.8,424.5,351.1,287.4,247.3,365.4,223.1,3,3,0.9,2.1,471.2388889,314556.2844
1047.2,256.2,584,557.6,619.6,2114.8,709.2,643.4,425,357.1333333,291.8666667,248.4,381.2,241.8,3,3,1.2,1.8,471.4666667,312539.5259
1009.5,259,587,534,602.5,2136,723.5,638,425.5,363.1666667,296.3333333,249.5,397,260.5,3,3,1.5,1.5,471.6944444,310522.7674
971.8,261.8,590,510.4,585.4,2157.2,737.8,632.6,426,369.2,300.8,250.6,412.8,279.2,3,3,1.8,1.2,471.9222222,308506.0089
934.1,264.6,593,486.8,568.3,2178.4,752.1,627.2,426.5,375.2333333,305.2666667,251.7,428.6,297.9,3,3,2.1,0.9,472.15,306489.2504
896.4,267.4,596,463.2,551.2,2199.6,766.4,621.8,427,381.2666667,309.7333333,252.8,444.4,316.6,3,3,2.4,0.6,472.3777778,304472.4919
858.7,270.2,599,439.6,534.1,2220.8,780.7,616.4,427.5,387.3,314.2,253.9,460.2,335.3,3,3,2.7,0.3,472.6055556,302455.7333
821,273,602,416,517,2242,795,611,428,393.3333333,318.6666667,255,476,354,3,3,3,0,472.8333333,300438.9748
805.8,295.1,597,403.8,512,2160.4,782.3,609.4333333,430.0333333,395.8,315.9,256.2,491.8,362.5,2.7,5.7,3,0,468.3037037,281228.2921
790.6,317.2,592,391.6,507,2078.8,769.6,607.8666667,432.0666667,398.2666667,313.1333333,257.4,507.6,371,2.4,8.4,3,0,463.7740741,262017.6095
775.4,339.3,587,379.4,502,1997.2,756.9,606.3,434.1,400.7333333,310.3666667,258.6,523.4,379.5,2.1,11.1,3,0,459.2444444,242806.9268
760.2,361.4,582,367.2,497,1915.6,744.2,604.7333333,436.1333333,403.2,307.6,259.8,539.2,388,1.8,13.8,3,0,454.7148148,223596.2441
745,383.5,577,355,492,1834,731.5,603.1666667,438.1666667,405.6666667,304.8333333,261,555,396.5,1.5,16.5,3,0,450.1851852,204385.5615
729.8,405.6,572,342.8,487,1752.4,718.8,601.6,440.2,408.1333333,302.0666667,262.2,570.8,405,1.2,19.2,3,0,445.6555556,185174.8788
714.6,427.7,567,330.6,482,1670.8,706.1,600.0333333,442.2333333,410.6,299.3,263.4,586.6,413.5,0.9,21.9,3,0,441.1259259,165964.1961
699.4,449.8,562,318.4,477,1589.2,693.4,598.4666667,444.2666667,413.0666667,296.5333333,264.6,602.4,422,0.6,24.6,3,0,436.5962963,146753.5135
684.2,471.9,557,306.2,472,1507.6,680.7,596.9,446.3,415.5333333,293.7666667,265.8,618.2,430.5,0.3,27.3,3,0,432.0666667,127542.8308
669,494,552,294,467,1426,668,595.3333333,448.3333333,418,291,267,634,439,0,30,3,0,427.537037,108332.1481
675.5,510,546.8,296.9,453.9,1377.7,654.5,601.6,452.2,425.1,284.2,265.4333333,620.2666667,433.2,0,28.7,2.7,0.3,423.8333333,103644.0436
682,526,541.6,299.8,440.8,1329.4,641,607.8666667,456.0666667,432.2,277.4,263.8666667,606.5333333,427.4,0,27.4,2.4,0.6,420.1296296,98955.93896
688.5,542,536.4,302.7,427.7,1281.1,627.5,614.1333333,459.9333333,439.3,270.6,262.3,592.8,421.6,0,26.1,2.1,0.9,416.4259259,94267.83437
695,558,531.2,305.6,414.6,1232.8,614,620.4,463.8,446.4,263.8,260.7333333,579.0666667,415.8,0,24.8,1.8,1.2,412.7222222,89579.72978
701.5,574,526,308.5,401.5,1184.5,600.5,626.6666667,467.6666667,453.5,257,259.1666667,565.3333333,410,0,23.5,1.5,1.5,409.0185185,84891.62519
708,590,520.8,311.4,388.4,1136.2,587,632.9333333,471.5333333,460.6,250.2,257.6,551.6,404.2,0,22.2,1.2,1.8,405.3148148,80203.52059
714.5,606,515.6,314.3,375.3,1087.9,573.5,639.2,475.4,467.7,243.4,256.0333333,537.8666667,398.4,0,20.9,0.9,2.1,401.6111111,75515.416
721,622,510.4,317.2,362.2,1039.6,560,645.4666667,479.2666667,474.8,236.6,254.4666667,524.1333333,392.6,0,19.6,0.6,2.4,397.9074074,70827.31141
727.5,638,505.2,320.1,349.1,991.3,546.5,651.7333333,483.1333333,481.9,229.8,252.9,510.4,386.8,0,18.3,0.3,2.7,394.2037037,66139.20681
734,654,500,323,336,943,533,658,487,489,223,251.3333333,496.6666667,381,0,17,0,3,390.5,61451.10222
721.7,644.7,504.1,322.5,333,930.1,530.9,633.6,483.1,490.6333333,232.7,249.8,496.9,397.4,0,15.9,0.3,3,388.3518519,60045.70519
709.4,635.4,508.2,322,330,917.2,528.8,609.2,479.2,492.2666667,242.4,248.2666667,497.1333333,413.8,0,14.8,0.6,3,386.2037037,58640.30815
697.1,626.1,512.3,321.5,327,904.3,526.7,584.8,475.3,493.9,252.1,246.7333333,497.3666667,430.2,0,13.7,0.9,3,384.0555556,57234.91111
684.8,616.8,516.4,321,324,891.4,524.6,560.4,471.4,495.5333333,261.8,245.2,497.6,446.6,0,12.6,1.2,3,381.9074074,55829.51407
672.5,607.5,520.5,320.5,321,878.5,522.5,536,467.5,497.1666667,271.5,243.6666667,497.8333333,463,0,11.5,1.5,3,379.7592593,54424.11704
660.2,598.2,524.6,320,318,865.6,520.4,511.6,463.6,498.8,281.2,242.1333333,498.0666667,479.4,0,10.4,1.8,3,377.6111111,53018.72
647.9,588.9,528.7,319.5,315,852.7,518.3,487.2,459.7,500.4333333,290.9,240.6,498.3,495.8,0,9.3,2.1,3,375.462963,51613.32296
635.6,579.6,532.8,319,312,839.8,516.2,462.8,455.8,502.0666667,300.6,239.0666667,498.5333333,512.2,0,8.2,2.4,3,373.3148148,50207.92593
623.3,570.3,536.9,318.5,309,826.9,514.1,438.4,451.9,503.7,310.3,237.5333333,498.7666667,528.6,0,7.1,2.7,3,371.1666667,48802.52889
611,561,541,318,306,814,512,414,448,505.3333333,320,236,499,545,0,6,3,3,369.0185185,47397.13185
601.4,565.3,528.4,316.5,312.3,794.9,507.7,408.4,449.6,503.3666667,323.9333333,234.9666667,496.2,544.9,0,6,4.1,2.7,366.7037037,45699.07259
591.8,569.6,515.8,315,318.6,775.8,503.4,402.8,451.2,501.4,327.8666667,233.9333333,493.4,544.8,0,6,5.2,2.4,364.3888889,44001.01333
582.2,573.9,503.2,313.5,324.9,756.7,499.1,397.2,452.8,499.4333333,331.8,232.9,490.6,544.7,0,6,6.3,2.1,362.0740741,42302.95407
572.6,578.2,490.6,312,331.2,737.6,494.8,391.6,454.4,497.4666667,335.7333333,231.8666667,487.8,544.6,0,6,7.4,1.8,359.7592593,40604.89481
563,582.5,478,310.5,337.5,718.5,490.5,386,456,495.5,339.6666667,230.8333333,485,544.5,0,6,8.5,1.5,357.4444444,38906.83556
553.4,586.8,465.4,309,343.8,699.4,486.2,380.4,457.6,493.5333333,343.6,229.8,482.2,544.4,0,6,9.6,1.2,355.1296296,37208.7763
543.8,591.1,452.8,307.5,350.1,680.3,481.9,374.8,459.2,491.5666667,347.5333333,228.7666667,479.4,544.3,0,6,10.7,0.9,352.8148148,35510.71704
534.2,595.4,440.2,306,356.4,661.2,477.6,369.2,460.8,489.6,351.4666667,227.7333333,476.6,544.2,0,6,11.8,0.6,350.5,33812.65778
524.6,599.7,427.6,304.5,362.7,642.1,473.3,363.6,462.4,487.6333333,355.4,226.7,473.8,544.1,0,6,12.9,0.3,348.1851852,32114.59852
515,604,415,303,369,623,469,358,464,485.6666667,359.3333333,225.6666667,471,544,0,6,14,0,345.8703704,30416.53926
517.1,605.1,406.1,297.9,371.3,618.7,467.1,364.3333333,457.2333333,488.5666667,366.9,224.7,467.7,537.7,0,5.4,13.7,0,344.9740741,30256.58104
519.2,606.2,397.2,292.8,373.6,614.4,465.2,370.6666667,450.4666667,491.4666667,374.4666667,223.7333333,464.4,531.4,0,4.8,13.4,0,344.0777778,30096.62281
521.3,607.3,388.3,287.7,375.9,610.1,463.3,377,443.7,494.3666667,382.0333333,222.7666667,461.1,525.1,0,4.2,13.1,0,343.1814815,29936.66459
523.4,608.4,379.4,282.6,378.2,605.8,461.4,383.3333333,436.9333333,497.2666667,389.6,221.8,457.8,518.8,0,3.6,12.8,0,342.2851852,29776.70637
525.5,609.5,370.5,277.5,380.5,601.5,459.5,389.6666667,430.1666667,500.1666667,397.1666667,220.8333333,454.5,512.5,0,3,12.5,0,341.3888889,29616.74815
527.6,610.6,361.6,272.4,382.8,597.2,457.6,396,423.4,503.0666667,404.7333333,219.8666667,451.2,506.2,0,2.4,12.2,0,340.4925926,29456.78993
529.7,611.7,352.7,267.3,385.1,592.9,455.7,402.3333333,416.6333333,505.9666667,412.3,218.9,447.9,499.9,0,1.8,11.9,0,339.5962963,29296.8317
531.8,612.8,343.8,262.2,387.4,588.6,453.8,408.6666667,409.8666667,508.8666667,419.8666667,217.9333333,444.6,493.6,0,1.2,11.6,0,338.7,29136.87348
533.9,613.9,334.9,257.1,389.7,584.3,451.9,415,403.1,511.7666667,427.4333333,216.9666667,441.3,487.3,0,0.6,11.3,0,337.8037037,28976.91526
536,615,326,252,392,580,450,421.3333333,396.3333333,514.6666667,435,216,438,481,0,0,11,0,336.9074074,28816.95704
528.9,608.5,318.6,250.1,386.9,566.1,447.8333333,430.1,395.6,503.0666667,431.1666667,216.2,433.5333333,481.8,0,0,10.2,0.7,333.85,28581.17659
521.8,602,311.2,248.2,381.8,552.2,445.6666667,438.8666667,394.8666667,491.4666667,427.3333333,216.4,429.0666667,482.6,0,0,9.4,1.4,330.7925926,28345.39615
514.7,595.5,303.8,246.3,376.7,538.3,443.5,447.6333333,394.1333333,479.8666667,423.5,216.6,424.6,483.4,0,0,8.6,2.1,327.7351852,28109.6157
507.6,589,296.4,244.4,371.6,524.4,441.3333333,456.4,393.4,468.2666667,419.6666667,216.8,420.1333333,484.2,0,0,7.8,2.8,324.6777778,27873.83526
500.5,582.5,289,242.5,366.5,510.5,439.1666667,465.1666667,392.6666667,456.6666667,415.8333333,217,415.6666667,485,0,0,7,3.5,321.6203704,27638.05481
493.4,576,281.6,240.6,361.4,496.6,437,473.9333333,391.9333333,445.0666667,412,217.2,411.2,485.8,0,0,6.2,4.2,318.562963,27402.27437
486.3,569.5,274.2,238.7,356.3,482.7,434.8333333,482.7,391.2,433.4666667,408.1666667,217.4,406.7333333,486.6,0,0,5.4,4.9,315.5055556,27166.49393
479.2,563,266.8,236.8,351.2,468.8,432.6666667,491.4666667,390.4666667,421.8666667,404.3333333,217.6,402.2666667,487.4,0,0,4.6,5.6,312.4481482,26930.71348
472.1,556.5,259.4,234.9,346.1,454.9,430.5,500.2333333,389.7333333,410.2666667,400.5,217.8,397.8,488.2,0,0,3.8,6.3,309.3907407,26694.93304
465,550,252,233,341,441,428.3333333,509,389,398.6666667,396.6666667,218,393.3333333,489,0,0,3,7,306.3333333,26459.15259
463.1,553.9,258.1,223.9,348.6,432.6,424.6,508.1333333,383.2666667,385.8,385,218.3,389.2,483.2,0,1.7,3,7.6,303.8888889,26499.27259
461.2,557.8,264.2,214.8,356.2,424.2,420.8666667,507.2666667,377.5333333,372.9333333,373.3333333,218.6,385.0666667,477.4,0,3.4,3,8.2,301.4444444,26539.39259
459.3,561.7,270.3,205.7,363.8,415.8,417.1333333,506.4,371.8,360.0666667,361.6666667,218.9,380.9333333,471.6,0,5.1,3,8.8,299,26579.51259
457.4,565.6,276.4,196.6,371.4,407.4,413.4,505.5333333,366.0666667,347.2,350,219.2,376.8,465.8,0,6.8,3,9.4,296.5555556,26619.63259
455.5,569.5,282.5,187.5,379,399,409.6666667,504.6666667,360.3333333,334.3333333,338.3333333,219.5,372.6666667,460,0,8.5,3,10,294.1111111,26659.75259
453.6,573.4,288.6,178.4,386.6,390.6,405.9333333,503.8,354.6,321.4666667,326.6666667,219.8,368.5333333,454.2,0,10.2,3,10.6,291.6666667,26699.87259
451.7,577.3,294.7,169.3,394.2,382.2,402.2,502.9333333,348.8666667,308.6,315,220.1,364.4,448.4,0,11.9,3,11.2,289.2222222,26739.99259
449.8,581.2,300.8,160.2,401.8,373.8,398.4666667,502.0666667,343.1333333,295.7333333,303.3333333,220.4,360.2666667,442.6,0,13.6,3,11.8,286.7777778,26780.11259
447.9,585.1,306.9,151.1,409.4,365.4,394.7333333,501.2,337.4,282.8666667,291.6666667,220.7,356.1333333,436.8,0,15.3,3,12.4,284.3333333,26820.23259
446,589,313,142,417,357,391,500.3333333,331.6666667,270,280,221,352,431,0,17,3,13,281.8888889,26860.35259
442.4,571.2,313.7,142.1,402.7,351.7,378.9,485.9,330.5,266.5,280.8,221.1666667,346.3666667,436.4,0,17,2.7,12.3,277.9074074,26232.76622
438.8,553.4,314.4,142.2,388.4,346.4,366.8,471.4666667,329.3333333,263,281.6,221.3333333,340.7333333,441.8,0,17,2.4,11.6,273.9259259,25605.17985
435.2,535.6,315.1,142.3,374.1,341.1,354.7,457.0333333,328.1666667,259.5,282.4,221.5,335.1,447.2,0,17,2.1,10.9,269.9444444,24977.59348
431.6,517.8,315.8,142.4,359.8,335.8,342.6,442.6,327,256,283.2,221.6666667,329.4666667,452.6,0,17,1.8,10.2,265.962963,24350.00711
428,500,316.5,142.5,345.5,330.5,330.5,428.1666667,325.8333333,252.5,284,221.8333333,323.8333333,458,0,17,1.5,9.5,261.9814815,23722.42074
424.4,482.2,317.2,142.6,331.2,325.2,318.4,413.7333333,324.6666667,249,284.8,222,318.2,463.4,0,17,1.2,8.8,258,23094.83437
420.8,464.4,317.9,142.7,316.9,319.9,306.3,399.3,323.5,245.5,285.6,222.1666667,312.5666667,468.8,0,17,0.9,8.1,254.0185185,22467.248
417.2,446.6,318.6,142.8,302.6,314.6,294.2,384.8666667,322.3333333,242,286.4,222.3333333,306.9333333,474.2,0,17,0.6,7.4,250.037037,21839.66163
413.6,428.8,319.3,142.9,288.3,309.3,282.1,370.4333333,321.1666667,238.5,287.2,222.5,301.3,479.6,0,17,0.3,6.7,246.0555556,21212.07526
410,411,320,143,274,304,270,356,320,235,288,222.6666667,295.6666667,485,0,17,0,6,242.0740741,20584.48889
411.4,405.4,317.8,147.3,268.2,314,266.1,355,323.1,231.9666667,285.4,222.9,293.3,487.4333333,0,16.3,0,5.4,241.7222222,20476.22578
412.8,399.8,315.6,151.6,262.4,324,262.2,354,326.2,228.9333333,282.8,223.1333333,290.9333333,489.8666667,0,15.6,0,4.8,241.3703704,20367.96267
414.2,394.2,313.4,155.9,256.6,334,258.3,353,329.3,225.9,280.2,223.3666667,288.5666667,492.3,0,14.9,0,4.2,241.0185185,20259.69956
415.6,388.6,311.2,160.2,250.8,344,254.4,352,332.4,222.8666667,277.6,223.6,286.2,494.7333333,0,14.2,0,3.6,240.6666667,20151.43644
417,383,309,164.5,245,354,250.5,351,335.5,219.8333333,275,223.8333333,283.8333333,497.1666667,0,13.5,0,3,240.3148148,20043.17333
418.4,377.4,306.8,168.8,239.2,364,246.6,350,338.6,216.8,272.4,224.0666667,281.4666667,499.6,0,12.8,0,2.4,239.962963,19934.91022
419.8,371.8,304.6,173.1,233.4,374,242.7,349,341.7,213.7666667,269.8,224.3,279.1,502.0333333,0,12.1,0,1.8,239.6111111,19826.64711
421.2,366.2,302.4,177.4,227.6,384,238.8,348,344.8,210.7333333,267.2,224.5333333,276.7333333,504.4666667,0,11.4,0,1.2,239.2592593,19718.384
422.6,360.6,300.2,181.7,221.8,394,234.9,347,347.9,207.7,264.6,224.7666667,274.3666667,506.9,0,10.7,0,0.6,238.9074074,19610.12089
424,355,298,186,216,404,231,346,351,204.6666667,262,225,272,509.3333333,0,10,0,0,238.5555556,19501.85778
420.8,361.6,305.3,182.9333333,218.2,397.5,229.5333333,341.1,348.2,209.0333333,258.7,223.8,274.5,497.6,0,16.1,0,0,238.05,19226.896
417.6,368.2,312.6,179.8666667,220.4,391,228.0666667,336.2,345.4,213.4,255.4,222.6,277,485.8666667,0,22.2,0,0,237.5444445,18951.93422
414.4,374.8,319.9,176.8,222.6,384.5,226.6,331.3,342.6,217.7666667,252.1,221.4,279.5,474.1333333,0,28.3,0,0,237.0388889,18676.97244
411.2,381.4,327.2,173.7333333,224.8,378,225.1333333,326.4,339.8,222.1333333,248.8,220.2,282,462.4,0,34.4,0,0,236.5333333,18402.01067
408,388,334.5,170.6666667,227,371.5,223.6666667,321.5,337,226.5,245.5,219,284.5,450.6666667,0,40.5,0,0,236.0277778,18127.04889
404.8,394.6,341.8,167.6,229.2,365,222.2,316.6,334.2,230.8666667,242.2,217.8,287,438.9333333,0,46.6,0,0,235.5222222,17852.08711
401.6,401.2,349.1,164.5333333,231.4,358.5,220.7333333,311.7,331.4,235.2333333,238.9,216.6,289.5,427.2,0,52.7,0,0,235.0166667,17577.12533
398.4,407.8,356.4,161.4666667,233.6,352,219.2666667,306.8,328.6,239.6,235.6,215.4,292,415.4666667,0,58.8,0,0,234.5111111,17302.16356
395.2,414.4,363.7,158.4,235.8,345.5,217.8,301.9,325.8,243.9666667,232.3,214.2,294.5,403.7333333,0,64.9,0,0,234.0055556,17027.20178
392,421,371,155.3333333,238,339,216.3333333,297,323,248.3333333,229,213,297,392,0,71,0,0,233.5,16752.24
385.9,404.2,363.5,150.6666667,234.9,327.6,215.6,298.6,314.4333333,247.7,228.8,211.8,290.6,377.1,0,64.5,0,0,228.6611111,16079.99378
379.8,387.4,356,146,231.8,316.2,214.8666667,300.2,305.8666667,247.0666667,228.6,210.6,284.2,362.2,0,58,0,0,223.8222222,15407.74756
373.7,370.6,348.5,141.3333333,228.7,304.8,214.1333333,301.8,297.3,246.4333333,228.4,209.4,277.8,347.3,0,51.5,0,0,218.9833333,14735.50133
367.6,353.8,341,136.6666667,225.6,293.4,213.4,303.4,288.7333333,245.8,228.2,208.2,271.4,332.4,0,45,0,0,214.1444444,14063.25511
361.5,337,333.5,132,222.5,282,212.6666667,305,280.1666667,245.1666667,228,207,265,317.5,0,38.5,0,0,209.3055556,13391.00889
355.4,320.2,326,127.3333333,219.4,270.6,211.9333333,306.6,271.6,244.5333333,227.8,205.8,258.6,302.6,0,32,0,0,204.4666667,12718.76267
349.3,303.4,318.5,122.6666667,216.3,259.2,211.2,308.2,263.0333333,243.9,227.6,204.6,252.2,287.7,0,25.5,0,0,199.6277778,12046.51644
343.2,286.6,311,118,213.2,247.8,210.4666667,309.8,254.4666667,243.2666667,227.4,203.4,245.8,272.8,0,19,0,0,194.7888889,11374.27022
337.1,269.8,303.5,113.3333333,210.1,236.4,209.7333333,311.4,245.9,242.6333333,227.2,202.2,239.4,257.9,0,12.5,0,0,189.95,10702.024
331,253,296,108.6666667,207,225,209,313,237.3333333,242,227,201,233,243,0,6,0,0,185.1111111,10029.77778
338.2,259.1,288.5,109.7,205.2,231.4,209.9,315,230.6,238.7666667,223.9333333,202.5,230.2,245.6,0,6,0,0,185.2555556,10304.61037
345.4,265.2,281,110.7333333,203.4,237.8,210.8,317,223.8666667,235.5333333,220.8666667,204,227.4,248.2,0,6,0,0,185.4,10579.44296
352.6,271.3,273.5,111.7666667,201.6,244.2,211.7,319,217.1333333,232.3,217.8,205.5,224.6,250.8,0,6,0,0,185.5444444,10854.27556
359.8,277.4,266,112.8,199.8,250.6,212.6,321,210.4,229.0666667,214.7333333,207,221.8,253.4,0,6,0,0,185.6888889,11129.10815
367,283.5,258.5,113.8333333,198,257,213.5,323,203.6666667,225.8333333,211.6666667,208.5,219,256,0,6,0,0,185.8333333,11403.94074
374.2,289.6,251,114.8666667,196.2,263.4,214.4,325,196.9333333,222.6,208.6,210,216.2,258.6,0,6,0,0,185.9777778,11678.77333
381.4,295.7,243.5,115.9,194.4,269.8,215.3,327,190.2,219.3666667,205.5333333,211.5,213.4,261.2,0,6,0,0,186.1222222,11953.60593
388.6,301.8,236,116.9333333,192.6,276.2,216.2,329,183.4666667,216.1333333,202.4666667,213,210.6,263.8,0,6,0,0,186.2666667,12228.43852
395.8,307.9,228.5,117.9666667,190.8,282.6,217.1,331,176.7333333,212.9,199.4,214.5,207.8,266.4,0,6,0,0,186.4111111,12503.27111
403,314,221,119,189,289,218,333,170,209.6666667,196.3333333,216,205,269,0,6,0,0,186.5555556,12778.1037
395.4,318.1,231.7,117.7,191.9,288.1,217.3,334.8,167.5333333,206.8,194.2,217.5,208.6,268,0,6.6,0,0.3,186.9185185,13061.51052
387.8,322.2,242.4,116.4,194.8,287.2,216.6,336.6,165.0666667,203.9333333,192.0666667,219,212.2,267,0,7.2,0,0.6,187.2814815,13344.91733
380.2,326.3,253.1,115.1,197.7,286.3,215.9,338.4,162.6,201.0666667,189.9333333,220.5,215.8,266,0,7.8,0,0.9,187.6444444,13628.32415
372.6,330.4,263.8,113.8,200.6,285.4,215.2,340.2,160.1333333,198.2,187.8,222,219.4,265,0,8.4,0,1.2,188.0074074,13911.73096
365,334.5,274.5,112.5,203.5,284.5,214.5,342,157.6666667,195.3333333,185.6666667,223.5,223,264,0,9,0,1.5,188.3703704,14195.13778
357.4,338.6,285.2,111.2,206.4,283.6,213.8,343.8,155.2,192.4666667,183.5333333,225,226.6,263,0,9.6,0,1.8,188.7333333,14478.54459
349.8,342.7,295.9,109.9,209.3,282.7,213.1,345.6,152.7333333,189.6,181.4,226.5,230.2,262,0,10.2,0,2.1,189.0962963,14761.95141
342.2,346.8,306.6,108.6,212.2,281.8,212.4,347.4,150.2666667,186.7333333,179.2666667,228,233.8,261,0,10.8,0,2.4,189.4592593,15045.35822
334.6,350.9,317.3,107.3,215.1,280.9,211.7,349.2,147.8,183.8666667,177.1333333,229.5,237.4,260,0,11.4,0,2.7,189.8222222,15328.76504
327,355,328,106,218,280,211,351,145.3333333,181,175,231,241,259,0,12,0,3,190.1851852,15612.17185
318.5,352.1,326.2,105.1,214.4,273.2,211.7,352.5,150.6,178.5,162.8,224.0666667,240.0666667,255.1,0,11.7,0.3,2.7,187.7518519,15200.89067
310,349.2,324.4,104.2,210.8,266.4,212.4,354,155.8666667,176,150.6,217.1333333,239.1333333,251.2,0,11.4,0.6,2.4,185.3185185,14789.60948
301.5,346.3,322.6,103.3,207.2,259.6,213.1,355.5,161.1333333,173.5,138.4,210.2,238.2,247.3,0,11.1,0.9,2.1,182.8851852,14378.3283
293,343.4,320.8,102.4,203.6,252.8,213.8,357,166.4,171,126.2,203.2666667,237.2666667,243.4,0,10.8,1.2,1.8,180.4518519,13967.04711
284.5,340.5,319,101.5,200,246,214.5,358.5,171.6666667,168.5,114,196.3333333,236.3333333,239.5,0,10.5,1.5,1.5,178.0185185,13555.76593
276,337.6,317.2,100.6,196.4,239.2,215.2,360,176.9333333,166,101.8,189.4,235.4,235.6,0,10.2,1.8,1.2,175.5851852,13144.48474
267.5,334.7,315.4,99.7,192.8,232.4,215.9,361.5,182.2,163.5,89.6,182.4666667,234.4666667,231.7,0,9.9,2.1,0.9,173.1518519,12733.20356
259,331.8,313.6,98.8,189.2,225.6,216.6,363,187.4666667,161,77.4,175.5333333,233.5333333,227.8,0,9.6,2.4,0.6,170.7185185,12321.92237
250.5,328.9,311.8,97.9,185.6,218.8,217.3,364.5,192.7333333,158.5,65.2,168.6,232.6,223.9,0,9.3,2.7,0.3,168.2851852,11910.64119
242,326,310,97,182,212,218,366,198,156,53,161.6666667,231.6666667,220,0,9,3,0,165.8518519,11499.36
239.8,316.3,306.9,99.2,177.3,218.1,215,348.4,199.3,153.7333333,54.9,154.8,229.3,224.5,0,8.4,3,0.3,163.8462963,11376.78341
237.6,306.6,303.8,101.4,172.6,224.2,212,330.8,200.6,151.4666667,56.8,147.9333333,226.9333333,229,0,7.8,3,0.6,161.8407407,11254.20681
235.4,296.9,300.7,103.6,167.9,230.3,209,313.2,201.9,149.2,58.7,141.0666667,224.5666667,233.5,0,7.2,3,0.9,159.8351852,11131.63022
233.2,287.2,297.6,105.8,163.2,236.4,206,295.6,203.2,146.9333333,60.6,134.2,222.2,238,0,6.6,3,1.2,157.8296296,11009.05363
231,277.5,294.5,108,158.5,242.5,203,278,204.5,144.6666667,62.5,127.3333333,219.8333333,242.5,0,6,3,1.5,155.8240741,10886.47704
228.8,267.8,291.4,110.2,153.8,248.6,200,260.4,205.8,142.4,64.4,120.4666667,217.4666667,247,0,5.4,3,1.8,153.8185185,10763.90044
226.6,258.1,288.3,112.4,149.1,254.7,197,242.8,207.1,140.1333333,66.3,113.6,215.1,251.5,0,4.8,3,2.1,151.812963,10641.32385
224.4,248.4,285.2,114.6,144.4,260.8,194,225.2,208.4,137.8666667,68.2,106.7333333,212.7333333,256,0,4.2,3,2.4,149.8074074,10518.74726
222.2,238.7,282.1,116.8,139.7,266.9,191,207.6,209.7,135.6,70.1,99.86666667,210.3666667,260.5,0,3.6,3,2.7,147.8018519,10396.17067
220,229,279,119,135,273,188,190,211,133.3333333,72,93,208,265,0,3,3,3,145.7962963,10273.59407
221.7,226.8,268.6,114.1,143.4,273.8,185.8333333,188.3,210.2666667,128.0666667,74.2,95.53333333,203.4,257.1,0,3,2.7,3,144.4333333,10168.67259
223.4,224.6,258.2,109.2,151.8,274.6,183.6666667,186.6,209.5333333,122.8,76.4,98.06666667,198.8,249.2,0,3,2.4,3,143.0703704,10063.75111
225.1,222.4,247.8,104.3,160.2,275.4,181.5,184.9,208.8,117.5333333,78.6,100.6,194.2,241.3,0,3,2.1,3,141.7074074,9958.82963
226.8,220.2,237.4,99.4,168.6,276.2,179.3333333,183.2,208.0666667,112.2666667,80.8,103.1333333,189.6,233.4,0,3,1.8,3,140.3444444,9853.908148
228.5,218,227,94.5,177,277,177.1666667,181.5,207.3333333,107,83,105.6666667,185,225.5,0,3,1.5,3,138.9814815,9748.986667
230.2,215.8,216.6,89.6,185.4,277.8,175,179.8,206.6,101.7333333,85.2,108.2,180.4,217.6,0,3,1.2,3,137.6185185,9644.065185
231.9,213.6,206.2,84.7,193.8,278.6,172.8333333,178.1,205.8666667,96.46666667,87.4,110.7333333,175.8,209.7,0,3,0.9,3,136.2555556,9539.143704
233.6,211.4,195.8,79.8,202.2,279.4,170.6666667,176.4,205.1333333,91.2,89.6,113.2666667,171.2,201.8,0,3,0.6,3,134.8925926,9434.222222
235.3,209.2,185.4,74.9,210.6,280.2,168.5,174.7,204.4,85.93333333,91.8,115.8,166.6,193.9,0,3,0.3,3,133.5296296,9329.300741
237,207,175,70,219,281,166.3333333,173,203.6666667,80.66666667,94,118.3333333,162,186,0,3,0,3,132.1666667,9224.379259
241.6,208.6,173.5,76.5,217.5,276.3,166.7,173.0333333,203.2,84.5,91.1,120.9,161.9,174.4,0,2.7,1.1,2.7,132.012963,9171.812741
246.2,210.2,172,83,216,271.6,167.0666667,173.0666667,202.7333333,88.33333333,88.2,123.4666667,161.8,162.8,0,2.4,2.2,2.4,131.8592593,9119.246222
250.8,211.8,170.5,89.5,214.5,266.9,167.4333333,173.1,202.2666667,92.16666667,85.3,126.0333333,161.7,151.2,0,2.1,3.3,2.1,131.7055556,9066.679704
255.4,213.4,169,96,213,262.2,167.8,173.1333333,201.8,96,82.4,128.6,161.6,139.6,0,1.8,4.4,1.8,131.5518519,9014.113185
260,215,167.5,102.5,211.5,257.5,168.1666667,173.1666667,201.3333333,99.83333333,79.5,131.1666667,161.5,128,0,1.5,5.5,1.5,131.3981482,8961.546667
264.6,216.6,166,109,210,252.8,168.5333333,173.2,200.8666667,103.6666667,76.6,133.7333333,161.4,116.4,0,1.2,6.6,1.2,131.2444444,8908.980148
269.2,218.2,164.5,115.5,208.5,248.1,168.9,173.2333333,200.4,107.5,73.7,136.3,161.3,104.8,0,0.9,7.7,0.9,131.0907407,8856.41363
273.8,219.8,163,122,207,243.4,169.2666667,173.2666667,199.9333333,111.3333333,70.8,138.8666667,161.2,93.2,0,0.6,8.8,0.6,130.937037,8803.847111
278.4,221.4,161.5,128.5,205.5,238.7,169.6333333,173.3,199.4666667,115.1666667,67.9,141.4333333,161.1,81.6,0,0.3,9.9,0.3,130.7833333,8751.280593
283,223,160,135,204,234,170,173.3333333,199,119,65,144,161,70,0,0,11,0,130.6296296,8698.714074
278.4,233.9,160.4,132.5,201.1,235,167.3333333,177.8,195,117.9333333,67.6,141.2,156.7333333,80.5,0,0,9.9,0,130.85,8892.227259
273.8,244.8,160.8,130,198.2,236,164.6666667,182.2666667,191,116.8666667,70.2,138.4,152.4666667,91,0,0,8.8,0,131.0703704,9085.740444
269.2,255.7,161.2,127.5,195.3,237,162,186.7333333,187,115.8,72.8,135.6,148.2,101.5,0,0,7.7,0,131.2907407,9279.25363
264.6,266.6,161.6,125,192.4,238,159.3333333,191.2,183,114.7333333,75.4,132.8,143.9333333,112,0,0,6.6,0,131.5111111,9472.766815
260,277.5,162,122.5,189.5,239,156.6666667,195.6666667,179,113.6666667,78,130,139.6666667,122.5,0,0,5.5,0,131.7314815,9666.28
255.4,288.4,162.4,120,186.6,240,154,200.1333333,175,112.6,80.6,127.2,135.4,133,0,0,4.4,0,131.9518519,9859.793185
250.8,299.3,162.8,117.5,183.7,241,151.3333333,204.6,171,111.5333333,83.2,124.4,131.1333333,143.5,0,0,3.3,0,132.1722222,10053.30637
246.2,310.2,163.2,115,180.8,242,148.6666667,209.0666667,167,110.4666667,85.8,121.6,126.8666667,154,0,0,2.2,0,132.3925926,10246.81956
241.6,321.1,163.6,112.5,177.9,243,146,213.5333333,163,109.4,88.4,118.8,122.6,164.5,0,0,1.1,0,132.612963,10440.33274
237,332,164,110,175,244,143.3333333,218,159,108.3333333,91,116,118.3333333,175,0,0,0,0,132.8333333,10633.84593
229.7,328.5,161.2,104,172.3,239.1,140.4,220.9,157.0666667,107.5,99.7,113.3,121.2,168.3,0,1.3,0,0,131.3592593,10375.42104
222.4,325,158.4,98,169.6,234.2,137.4666667,223.8,155.1333333,106.6666667,108.4,110.6,124.0666667,161.6,0,2.6,0,0,129.8851852,10116.99615
215.1,321.5,155.6,92,166.9,229.3,134.5333333,226.7,153.2,105.8333333,117.1,107.9,126.9333333,154.9,0,3.9,0,0,128.4111111,9858.571259
207.8,318,152.8,86,164.2,224.4,131.6,229.6,151.2666667,105,125.8,105.2,129.8,148.2,0,5.2,0,0,126.937037,9600.14637
200.5,314.5,150,80,161.5,219.5,128.6666667,232.5,149.3333333,104.1666667,134.5,102.5,132.6666667,141.5,0,6.5,0,0,125.462963,9341.721481
193.2,311,147.2,74,158.8,214.6,125.7333333,235.4,147.4,103.3333333,143.2,99.8,135.5333333,134.8,0,7.8,0,0,123.9888889,9083.296593
185.9,307.5,144.4,68,156.1,209.7,122.8,238.3,145.4666667,102.5,151.9,97.1,138.4,128.1,0,9.1,0,0,122.5148148,8824.871704
178.6,304,141.6,62,153.4,204.8,119.8666667,241.2,143.5333333,101.6666667,160.6,94.4,141.2666667,121.4,0,10.4,0,0,121.0407407,8566.446815
171.3,300.5,138.8,56,150.7,199.9,116.9333333,244.1,141.6,100.8333333,169.3,91.7,144.1333333,114.7,0,11.7,0,0,119.5666667,8308.021926
164,297,136,50,148,195,114,247,139.6666667,100,178,89,147,108,0,13,0,0,118.0925926,8049.597037
163.5,295.9,137.2,52.1,151,193.5,114,245.6,133.6333333,97.8,182.3,87.4,148.1333333,105.3,0,14.3,0,0.7,117.9092593,8297.049481
163,294.8,138.4,54.2,154,192,114,244.2,127.6,95.6,186.6,85.8,149.2666667,102.6,0,15.6,0,1.4,117.7259259,8544.501926
162.5,293.7,139.6,56.3,157,190.5,114,242.8,121.5666667,93.4,190.9,84.2,150.4,99.9,0,16.9,0,2.1,117.5425926,8791.95437
162,292.6,140.8,58.4,160,189,114,241.4,115.5333333,91.2,195.2,82.6,151.5333333,97.2,0,18.2,0,2.8,117.3592593,9039.406815
161.5,291.5,142,60.5,163,187.5,114,240,109.5,89,199.5,81,152.6666667,94.5,0,19.5,0,3.5,117.1759259,9286.859259
161,290.4,143.2,62.6,166,186,114,238.6,103.4666667,86.8,203.8,79.4,153.8,91.8,0,20.8,0,4.2,116.9925926,9534.311704
160.5,289.3,144.4,64.7,169,184.5,114,237.2,97.43333333,84.6,208.1,77.8,154.9333333,89.1,0,22.1,0,4.9,116.8092593,9781.764148
160,288.2,145.6,66.8,172,183,114,235.8,91.4,82.4,212.4,76.2,156.0666667,86.4,0,23.4,0,5.6,116.6259259,10029.21659
159.5,287.1,146.8,68.9,175,181.5,114,234.4,85.36666667,80.2,216.7,74.6,157.2,83.7,0,24.7,0,6.3,116.4425926,10276.66904
159,286,148,71,178,180,114,233,79.33333333,78,221,73,158.3333333,81,0,26,0,7,116.2592593,10524.12148
154.1,276.9,145.9,75.6,173.8,178,111.9,247.9,78.2,79.1,211.6,71.4,154.2,82.7,0,25.6,0,7.3,115.2333333,10470.90133
149.2,267.8,143.8,80.2,169.6,176,109.8,262.8,77.06666667,80.2,202.2,69.8,150.0666667,84.4,0,25.2,0,7.6,114.2074074,10417.68119
144.3,258.7,141.7,84.8,165.4,174,107.7,277.7,75.93333333,81.3,192.8,68.2,145.9333333,86.1,0,24.8,0,7.9,113.1814815,10364.46104
139.4,249.6,139.6,89.4,161.2,172,105.6,292.6,74.8,82.4,183.4,66.6,141.8,87.8,0,24.4,0,8.2,112.1555556,10311.24089
134.5,240.5,137.5,94,157,170,103.5,307.5,73.66666667,83.5,174,65,137.6666667,89.5,0,24,0,8.5,111.1296296,10258.02074
129.6,231.4,135.4,98.6,152.8,168,101.4,322.4,72.53333333,84.6,164.6,63.4,133.5333333,91.2,0,23.6,0,8.8,110.1037037,10204.80059
124.7,222.3,133.3,103.2,148.6,166,99.3,337.3,71.4,85.7,155.2,61.8,129.4,92.9,0,23.2,0,9.1,109.0777778,10151.58044
119.8,213.2,131.2,107.8,144.4,164,97.2,352.2,70.26666667,86.8,145.8,60.2,125.2666667,94.6,0,22.8,0,9.4,108.0518519,10098.3603
114.9,204.1,129.1,112.4,140.2,162,95.1,367.1,69.13333333,87.9,136.4,58.6,121.1333333,96.3,0,22.4,0,9.7,107.0259259,10045.14015
110,195,127,117,136,160,93,382,68,89,127,57,117,98,0,22,0,10,106,9991.92
106.8,195,123.2,112.1,132.6,154.3,89.4,366.9,66.23333333,90.8,122.1333333,58.4,115.5,103.1,0,22,1.1,9.6,103.8425926,9429.208889
103.6,195,119.4,107.2,129.2,148.6,85.8,351.8,64.46666667,92.6,117.2666667,59.8,114,108.2,0,22,2.2,9.2,101.6851852,8866.497778
100.4,195,115.6,102.3,125.8,142.9,82.2,336.7,62.7,94.4,112.4,61.2,112.5,113.3,0,22,3.3,8.8,99.52777778,8303.786667
97.2,195,111.8,97.4,122.4,137.2,78.6,321.6,60.93333333,96.2,107.5333333,62.6,111,118.4,0,22,4.4,8.4,97.37037037,7741.075556
94,195,108,92.5,119,131.5,75,306.5,59.16666667,98,102.6666667,64,109.5,123.5,0,22,5.5,8,95.21296297,7178.364444
90.8,195,104.2,87.6,115.6,125.8,71.4,291.4,57.4,99.8,97.8,65.4,108,128.6,0,22,6.6,7.6,93.05555556,6615.653333
87.6,195,100.4,82.7,112.2,120.1,67.8,276.3,55.63333333,101.6,92.93333333,66.8,106.5,133.7,0,22,7.7,7.2,90.89814815,6052.942222
84.4,195,96.6,77.8,108.8,114.4,64.2,261.2,53.86666667,103.4,88.06666667,68.2,105,138.8,0,22,8.8,6.8,88.74074074,5490.231111
81.2,195,92.8,72.9,105.4,108.7,60.6,246.1,52.1,105.2,83.2,69.6,103.5,143.9,0,22,9.9,6.4,86.58333333,4927.52
78,195,89,68,102,103,57,231,50.33333333,107,78.33333333,71,102,149,0,22,11,6,84.42592593,4364.808889
79.7,190.5,86.8,63.1,105.7,111.3,56.4,231.8333333,48.53333333,104.9333333,75.4,72.5,108,147.7,0,22.6,11,5.7,84.53888889,4500.391704
81.4,186,84.6,58.2,109.4,119.6,55.8,232.6666667,46.73333333,102.8666667,72.46666667,74,114,146.4,0,23.2,11,5.4,84.65185186,4635.974519
83.1,181.5,82.4,53.3,113.1,127.9,55.2,233.5,44.93333333,100.8,69.53333333,75.5,120,145.1,0,23.8,11,5.1,84.76481481,4771.557333
84.8,177,80.2,48.4,116.8,136.2,54.6,234.3333333,43.13333333,98.73333333,66.6,77,126,143.8,0,24.4,11,4.8,84.87777778,4907.140148
86.5,172.5,78,43.5,120.5,144.5,54,235.1666667,41.33333333,96.66666667,63.66666667,78.5,132,142.5,0,25,11,4.5,84.99074074,5042.722963
88.2,168,75.8,38.6,124.2,152.8,53.4,236,39.53333333,94.6,60.73333333,80,138,141.2,0,25.6,11,4.2,85.1037037,5178.305778
89.9,163.5,73.6,33.7,127.9,161.1,52.8,236.8333333,37.73333333,92.53333333,57.8,81.5,144,139.9,0,26.2,11,3.9,85.21666666,5313.888593
91.6,159,71.4,28.8,131.6,169.4,52.2,237.6666667,35.93333333,90.46666667,54.86666667,83,150,138.6,0,26.8,11,3.6,85.32962963,5449.471407
93.3,154.5,69.2,23.9,135.3,177.7,51.6,238.5,34.13333333,88.4,51.93333333,84.5,156,137.3,0,27.4,11,3.3,85.44259259,5585.054222
95,150,67,19,139,186,51,239.3333333,32.33333333,86.33333333,49,86,162,136,0,28,11,3,85.55555555,5720.637037
94.6,141.5,63.7,22.6,138.7,183.8,51.13333333,238.6,35.7,84.4,47.6,82.3,160.2,128.9,0,26.1,9.9,2.7,84.02407407,5582.765037
94.2,133,60.4,26.2,138.4,181.6,51.26666667,237.8666667,39.06666667,82.46666667,46.2,78.6,158.4,121.8,0,24.2,8.8,2.4,82.4925926,5444.893037
93.8,124.5,57.1,29.8,138.1,179.4,51.4,237.1333333,42.43333333,80.53333333,44.8,74.9,156.6,114.7,0,22.3,7.7,2.1,80.96111111,5307.021037
93.4,116,53.8,33.4,137.8,177.2,51.53333333,236.4,45.8,78.6,43.4,71.2,154.8,107.6,0,20.4,6.6,1.8,79.42962963,5169.149037
93,107.5,50.5,37,137.5,175,51.66666667,235.6666667,49.16666667,76.66666667,42,67.5,153,100.5,0,18.5,5.5,1.5,77.89814815,5031.277037
92.6,99,47.2,40.6,137.2,172.8,51.8,234.9333333,52.53333333,74.73333333,40.6,63.8,151.2,93.4,0,16.6,4.4,1.2,76.36666666,4893.405037
92.2,90.5,43.9,44.2,136.9,170.6,51.93333333,234.2,55.9,72.8,39.2,60.1,149.4,86.3,0,14.7,3.3,0.9,74.83518519,4755.533037
91.8,82,40.6,47.8,136.6,168.4,52.06666667,233.4666667,59.26666667,70.86666667,37.8,56.4,147.6,79.2,0,12.8,2.2,0.6,73.30370371,4617.661037
91.4,73.5,37.3,51.4,136.3,166.2,52.2,232.7333333,62.63333333,68.93333333,36.4,52.7,145.8,72.1,0,10.9,1.1,0.3,71.77222222,4479.789037
91,65,34,55,136,164,52.33333333,232,66,67,35,49,144,65,0,9,0,0,70.24074074,4341.917037
90.8,65.4,34,52.6,126.6,154.5,54.3,226.7333333,67.63333333,64.6,34.8,45.3,147.8,64.5,0,8.7,0,0,68.79259259,4247.772741
90.6,65.8,34,50.2,117.2,145,56.26666667,221.4666667,69.26666667,62.2,34.6,41.6,151.6,64,0,8.4,0,0,67.34444445,4153.628444
90.4,66.2,34,47.8,107.8,135.5,58.23333333,216.2,70.9,59.8,34.4,37.9,155.4,63.5,0,8.1,0,0,65.8962963,4059.484148
90.2,66.6,34,45.4,98.4,126,60.2,210.9333333,72.53333333,57.4,34.2,34.2,159.2,63,0,7.8,0,0,64.44814815,3965.339852
90,67,34,43,89,116.5,62.16666667,205.6666667,74.16666667,55,34,30.5,163,62.5,0,7.5,0,0,63,3871.195556
89.8,67.4,34,40.6,79.6,107,64.13333333,200.4,75.8,52.6,33.8,26.8,166.8,62,0,7.2,0,0,61.55185185,3777.051259
89.6,67.8,34,38.2,70.2,97.5,66.1,195.1333333,77.43333333,50.2,33.6,23.1,170.6,61.5,0,6.9,0,0,60.1037037,3682.906963
89.4,68.2,34,35.8,60.8,88,68.06666667,189.8666667,79.06666667,47.8,33.4,19.4,174.4,61,0,6.6,0,0,58.65555556,3588.762667
89.2,68.6,34,33.4,51.4,78.5,70.03333333,184.6,80.7,45.4,33.2,15.7,178.2,60.5,0,6.3,0,0,57.20740741,3494.61837
89,69,34,31,42,69,72,179.3333333,82.33333333,43,33,12,182,60,0,6,0,0,55.75925926,3400.474074
89,71.3,39.7,33.8,42.6,66.9,71.5,175.8,79.9,42.6,33,12.66666667,177.5666667,64.2,0,6,0,0.3,55.93518519,3317.463704
89,73.6,45.4,36.6,43.2,64.8,71,172.2666667,77.46666667,42.2,33,13.33333333,173.1333333,68.4,0,6,0,0.6,56.11111111,3234.453333
89,75.9,51.1,39.4,43.8,62.7,70.5,168.7333333,75.03333333,41.8,33,14,168.7,72.6,0,6,0,0.9,56.28703704,3151.442963
89,78.2,56.8,42.2,44.4,60.6,70,165.2,72.6,41.4,33,14.66666667,164.2666667,76.8,0,6,0,1.2,56.46296297,3068.432593
89,80.5,62.5,45,45,58.5,69.5,161.6666667,70.16666667,41,33,15.33333333,159.8333333,81,0,6,0,1.5,56.63888889,2985.422222
89,82.8,68.2,47.8,45.6,56.4,69,158.1333333,67.73333333,40.6,33,16,155.4,85.2,0,6,0,1.8,56.81481481,2902.411852
89,85.1,73.9,50.6,46.2,54.3,68.5,154.6,65.3,40.2,33,16.66666667,150.9666667,89.4,0,6,0,2.1,56.99074074,2819.401481
89,87.4,79.6,53.4,46.8,52.2,68,151.0666667,62.86666667,39.8,33,17.33333333,146.5333333,93.6,0,6,0,2.4,57.16666667,2736.391111
89,89.7,85.3,56.2,47.4,50.1,67.5,147.5333333,60.43333333,39.4,33,18,142.1,97.8,0,6,0,2.7,57.34259259,2653.380741
89,92,91,59,48,48,67,144,58,39,33,18.66666667,137.6666667,102,0,6,0,3,57.51851852,2570.37037
87.8,98.1,93.8,57.7,46.8,51.8,64.8,143.3,55.8,38.83333333,33.9,19.4,133.1,99.9,0,6,0,3,57.4462963,2610.472296
86.6,104.2,96.6,56.4,45.6,55.6,62.6,142.6,53.6,38.66666667,34.8,20.13333333,128.5333333,97.8,0,6,0,3,57.37407407,2650.574222
85.4,110.3,99.4,55.1,44.4,59.4,60.4,141.9,51.4,38.5,35.7,20.86666667,123.9666667,95.7,0,6,0,3,57.30185185,2690.676148
84.2,116.4,102.2,53.8,43.2,63.2,58.2,141.2,49.2,38.33333333,36.6,21.6,119.4,93.6,0,6,0,3,57.22962963,2730.778074
83,122.5,105,52.5,42,67,56,140.5,47,38.16666667,37.5,22.33333333,114.8333333,91.5,0,6,0,3,57.15740741,2770.88
81.8,128.6,107.8,51.2,40.8,70.8,53.8,139.8,44.8,38,38.4,23.06666667,110.2666667,89.4,0,6,0,3,57.08518519,2810.981926
80.6,134.7,110.6,49.9,39.6,74.6,51.6,139.1,42.6,37.83333333,39.3,23.8,105.7,87.3,0,6,0,3,57.01296296,2851.083852
79.4,140.8,113.4,48.6,38.4,78.4,49.4,138.4,40.4,37.66666667,40.2,24.53333333,101.1333333,85.2,0,6,0,3,56.94074074,2891.185778
78.2,146.9,116.2,47.3,37.2,82.2,47.2,137.7,38.2,37.5,41.1,25.26666667,96.56666667,83.1,0,6,0,3,56.86851852,2931.287704
77,153,119,46,36,86,45,137,36,37.33333333,42,26,92,81,0,6,0,3,56.7962963,2971.38963
78,151.4,113.7,43.6,48.5,88,45,139.1,35.43333333,38.36666667,41.43333333,25.43333333,89.5,78.7,0,5.7,0.3,2.7,56.93703704,3263.119704
79,149.8,108.4,41.2,61,90,45,141.2,34.86666667,39.4,40.86666667,24.86666667,87,76.4,0,5.4,0.6,2.4,57.07777778,3554.849778
80,148.2,103.1,38.8,73.5,92,45,143.3,34.3,40.43333333,40.3,24.3,84.5,74.1,0,5.1,0.9,2.1,57.21851852,3846.579852
81,146.6,97.8,36.4,86,94,45,145.4,33.73333333,41.46666667,39.73333333,23.73333333,82,71.8,0,4.8,1.2,1.8,57.35925926,4138.309926
82,145,92.5,34,98.5,96,45,147.5,33.16666667,42.5,39.16666667,23.16666667,79.5,69.5,0,4.5,1.5,1.5,57.5,4430.04
83,143.4,87.2,31.6,111,98,45,149.6,32.6,43.53333333,38.6,22.6,77,67.2,0,4.2,1.8,1.2,57.64074074,4721.770074
84,141.8,81.9,29.2,123.5,100,45,151.7,32.03333333,44.56666667,38.03333333,22.03333333,74.5,64.9,0,3.9,2.1,0.9,57.78148148,5013.500148
85,140.2,76.6,26.8,136,102,45,153.8,31.46666667,45.6,37.46666667,21.46666667,72,62.6,0,3.6,2.4,0.6,57.92222222,5305.230222
86,138.6,71.3,24.4,148.5,104,45,155.9,30.9,46.63333333,36.9,20.9,69.5,60.3,0,3.3,2.7,0.3,58.06296296,5596.960296
87,137,66,22,161,106,45,158,30.33333333,47.66666667,36.33333333,20.33333333,67,58,0,3,3,0,58.2037037,5888.69037
86.6,130.6,64.1,23,149.9,107.9,45.3,155.7,35.43333333,48.23333333,36.2,19.8,66.7,61.1,0,2.7,2.7,0,57.5537037,5582.215111
86.2,124.2,62.2,24,138.8,109.8,45.6,153.4,40.53333333,48.8,36.06666667,19.26666667,66.4,64.2,0,2.4,2.4,0,56.9037037,5275.739852
85.8,117.8,60.3,25,127.7,111.7,45.9,151.1,45.63333333,49.36666667,35.93333333,18.73333333,66.1,67.3,0,2.1,2.1,0,56.2537037,4969.264593
85.4,111.4,58.4,26,116.6,113.6,46.2,148.8,50.73333333,49.93333333,35.8,18.2,65.8,70.4,0,1.8,1.8,0,55.6037037,4662.789333
85,105,56.5,27,105.5,115.5,46.5,146.5,55.83333333,50.5,35.66666667,17.66666667,65.5,73.5,0,1.5,1.5,0,54.9537037,4356.314074
84.6,98.6,54.6,28,94.4,117.4,46.8,144.2,60.93333333,51.06666667,35.53333333,17.13333333,65.2,76.6,0,1.2,1.2,0,54.3037037,4049.838815
84.2,92.2,52.7,29,83.3,119.3,47.1,141.9,66.03333333,51.63333333,35.4,16.6,64.9,79.7,0,0.9,0.9,0,53.6537037,3743.363556
83.8,85.8,50.8,30,72.2,121.2,47.4,139.6,71.13333333,52.2,35.26666667,16.06666667,64.6,82.8,0,0.6,0.6,0,53.0037037,3436.888296
83.4,79.4,48.9,31,61.1,123.1,47.7,137.3,76.23333333,52.76666667,35.13333333,15.53333333,64.3,85.9,0,0.3,0.3,0,52.3537037,3130.413037
83,73,47,32,50,125,48,135,81.33333333,53.33333333,35,15,64,89,0,0,0,0,51.7037037,2823.937778
84,79.2,49.3,32.3,47.7,119.7,46.93333333,133.7,81.6,52.66666667,34.63333333,19.4,65.13333333,89.46666667,0,0.6,0,0,52.01851852,2751.885333
85,85.4,51.6,32.6,45.4,114.4,45.86666667,132.4,81.86666667,52,34.26666667,23.8,66.26666667,89.93333333,0,1.2,0,0,52.33333333,2679.832889
86,91.6,53.9,32.9,43.1,109.1,44.8,131.1,82.13333333,51.33333333,33.9,28.2,67.4,90.4,0,1.8,0,0,52.64814815,2607.780444
87,97.8,56.2,33.2,40.8,103.8,43.73333333,129.8,82.4,50.66666667,33.53333333,32.6,68.53333333,90.86666667,0,2.4,0,0,52.96296296,2535.728
88,104,58.5,33.5,38.5,98.5,42.66666667,128.5,82.66666667,50,33.16666667,37,69.66666667,91.33333333,0,3,0,0,53.27777778,2463.675556
89,110.2,60.8,33.8,36.2,93.2,41.6,127.2,82.93333333,49.33333333,32.8,41.4,70.8,91.8,0,3.6,0,0,53.59259259,2391.623111
90,116.4,63.1,34.1,33.9,87.9,40.53333333,125.9,83.2,48.66666667,32.43333333,45.8,71.93333333,92.26666667,0,4.2,0,0,53.90740741,2319.570667
91,122.6,65.4,34.4,31.6,82.6,39.46666667,124.6,83.46666667,48,32.06666667,50.2,73.06666667,92.73333333,0,4.8,0,0,54.22222222,2247.518222
92,128.8,67.7,34.7,29.3,77.3,38.4,123.3,83.73333333,47.33333333,31.7,54.6,74.2,93.2,0,5.4,0,0,54.53703704,2175.465778
93,135,70,35,27,72,37.33333333,122,84,46.66666667,31.33333333,59,75.33333333,93.66666667,0,6,0,0,54.85185185,2103.413333
90.3,137.6,68.7,33.7,27.3,68.6,40.6,121.5333333,82.03333333,46.7,36.1,63.4,79.8,91.03333333,0,6.6,0,0,55.22222222,2233.070815
87.6,140.2,67.4,32.4,27.6,65.2,43.86666667,121.0666667,80.06666667,46.73333333,40.86666667,67.8,84.26666667,88.4,0,7.2,0,0,55.5925926,2362.728296
84.9,142.8,66.1,31.1,27.9,61.8,47.13333333,120.6,78.1,46.76666667,45.63333333,72.2,88.73333333,85.76666667,0,7.8,0,0,55.96296296,2492.385778
82.2,145.4,64.8,29.8,28.2,58.4,50.4,120.1333333,76.13333333,46.8,50.4,76.6,93.2,83.13333333,0,8.4,0,0,56.33333333,2622.043259
79.5,148,63.5,28.5,28.5,55,53.66666667,119.6666667,74.16666667,46.83333333,55.16666667,81,97.66666667,80.5,0,9,0,0,56.70370371,2751.700741
76.8,150.6,62.2,27.2,28.8,51.6,56.93333333,119.2,72.2,46.86666667,59.93333333,85.4,102.1333333,77.86666667,0,9.6,0,0,57.07407407,2881.358222
74.1,153.2,60.9,25.9,29.1,48.2,60.2,118.7333333,70.23333333,46.9,64.7,89.8,106.6,75.23333333,0,10.2,0,0,57.44444444,3011.015704
71.4,155.8,59.6,24.6,29.4,44.8,63.46666667,118.2666667,68.26666667,46.93333333,69.46666667,94.2,111.0666667,72.6,0,10.8,0,0,57.81481482,3140.673185
68.7,158.4,58.3,23.3,29.7,41.4,66.73333333,117.8,66.3,46.96666667,74.23333333,98.6,115.5333333,69.96666667,0,11.4,0,0,58.18518518,3270.330667
66,161,57,22,30,38,70,117.3333333,64.33333333,47,79,103,120,67.33333333,0,12,0,0,58.55555555,3399.988148
65,154,54.5,22.6,32,38.9,71.5,118.1,61.2,46.3,80.5,98.83333333,112.4333333,69.4,0,10.8,0.3,0,57.57592592,3368.56563
64,147,52,23.2,34,39.8,73,118.8666667,58.06666667,45.6,82,94.66666667,104.8666667,71.46666667,0,9.6,0.6,0,56.5962963,3337.143111
63,140,49.5,23.8,36,40.7,74.5,119.6333333,54.93333333,44.9,83.5,90.5,97.3,73.53333333,0,8.4,0.9,0,55.61666666,3305.720593
62,133,47,24.4,38,41.6,76,120.4,51.8,44.2,85,86.33333333,89.73333333,75.6,0,7.2,1.2,0,54.63703704,3274.298074
61,126,44.5,25,40,42.5,77.5,121.1666667,48.66666667,43.5,86.5,82.16666667,82.16666667,77.66666667,0,6,1.5,0,53.65740741,3242.875556
60,119,42,25.6,42,43.4,79,121.9333333,45.53333333,42.8,88,78,74.6,79.73333333,0,4.8,1.8,0,52.67777778,3211.453037
59,112,39.5,26.2,44,44.3,80.5,122.7,42.4,42.1,89.5,73.83333333,67.03333333,81.8,0,3.6,2.1,0,51.69814815,3180.030519
58,105,37,26.8,46,45.2,82,123.4666667,39.26666667,41.4,91,69.66666667,59.46666667,83.86666667,0,2.4,2.4,0,50.71851852,3148.608
57,98,34.5,27.4,48,46.1,83.5,124.2333333,36.13333333,40.7,92.5,65.5,51.9,85.93333333,0,1.2,2.7,0,49.73888889,3117.185481
56,91,32,28,50,47,85,125,33,40,94,61.33333333,44.33333333,88,0,0,3,0,48.75925926,3085.762963
57.3,88.9,33.6,28.1,51.5,48.2,84,125.8,32.2,38.8,94.6,57.2,43.7,84.9,0,0.3,3,0.3,48.46666667,3068.728
58.6,86.8,35.2,28.2,53,49.4,83,126.6,31.4,37.6,95.2,53.06666667,43.06666667,81.8,0,0.6,3,0.6,48.17407407,3051.693037
59.9,84.7,36.8,28.3,54.5,50.6,82,127.4,30.6,36.4,95.8,48.93333333,42.43333333,78.7,0,0.9,3,0.9,47.88148148,3034.658074
61.2,82.6,38.4,28.4,56,51.8,81,128.2,29.8,35.2,96.4,44.8,41.8,75.6,0,1.2,3,1.2,47.58888889,3017.623111
62.5,80.5,40,28.5,57.5,53,80,129,29,34,97,40.66666667,41.16666667,72.5,0,1.5,3,1.5,47.2962963,3000.588148
63.8,78.4,41.6,28.6,59,54.2,79,129.8,28.2,32.8,97.6,36.53333333,40.53333333,69.4,0,1.8,3,1.8,47.0037037,2983.553185
65.1,76.3,43.2,28.7,60.5,55.4,78,130.6,27.4,31.6,98.2,32.4,39.9,66.3,0,2.1,3,2.1,46.71111111,2966.518222
66.4,74.2,44.8,28.8,62,56.6,77,131.4,26.6,30.4,98.8,28.26666667,39.26666667,63.2,0,2.4,3,2.4,46.41851852,2949.483259
67.7,72.1,46.4,28.9,63.5,57.8,76,132.2,25.8,29.2,99.4,24.13333333,38.63333333,60.1,0,2.7,3,2.7,46.12592593,2932.448296
69,70,48,29,65,59,75,133,25,28,100,20,38,57,0,3,3,3,45.83333333,2915.413333
68.1,69.7,48.3,28.8,64.7,58,72.33333333,128.8,24.03333333,29.6,96.23333333,21.13333333,37.9,56.5,0,3,2.7,2.7,45.14074074,2754.956444
67.2,69.4,48.6,28.6,64.4,57,69.66666667,124.6,23.06666667,31.2,92.46666667,22.26666667,37.8,56,0,3,2.4,2.4,44.44814815,2594.499556
66.3,69.1,48.9,28.4,64.1,56,67,120.4,22.1,32.8,88.7,23.4,37.7,55.5,0,3,2.1,2.1,43.75555556,2434.042667
65.4,68.8,49.2,28.2,63.8,55,64.33333333,116.2,21.13333333,34.4,84.93333333,24.53333333,37.6,55,0,3,1.8,1.8,43.06296296,2273.585778
64.5,68.5,49.5,28,63.5,54,61.66666667,112,20.16666667,36,81.16666667,25.66666667,37.5,54.5,0,3,1.5,1.5,42.37037037,2113.128889
63.6,68.2,49.8,27.8,63.2,53,59,107.8,19.2,37.6,77.4,26.8,37.4,54,0,3,1.2,1.2,41.67777778,1952.672
62.7,67.9,50.1,27.6,62.9,52,56.33333333,103.6,18.23333333,39.2,73.63333333,27.93333333,37.3,53.5,0,3,0.9,0.9,40.98518518,1792.215111
61.8,67.6,50.4,27.4,62.6,51,53.66666667,99.4,17.26666667,40.8,69.86666667,29.06666667,37.2,53,0,3,0.6,0.6,40.29259259,1631.758222
60.9,67.3,50.7,27.2,62.3,50,51,95.2,16.3,42.4,66.1,30.2,37.1,52.5,0,3,0.3,0.3,39.6,1471.301333
60,67,51,27,62,49,48.33333333,91,15.33333333,44,62.33333333,31.33333333,37,52,0,3,0,0,38.90740741,1310.844444
58.7,64.6,53.4,25.3,59.6,47.1,48.4,94.2,15.9,42.16666667,57.8,32.5,35.4,48.8,0,2.7,1.9,0.3,38.26481482,1318.018963
57.4,62.2,55.8,23.6,57.2,45.2,48.46666667,97.4,16.46666667,40.33333333,53.26666667,33.66666667,33.8,45.6,0,2.4,3.8,0.6,37.62222222,1325.193481
56.1,59.8,58.2,21.9,54.8,43.3,48.53333333,100.6,17.03333333,38.5,48.73333333,34.83333333,32.2,42.4,0,2.1,5.7,0.9,36.97962963,1332.368
54.8,57.4,60.6,20.2,52.4,41.4,48.6,103.8,17.6,36.66666667,44.2,36,30.6,39.2,0,1.8,7.6,1.2,36.33703704,1339.542519
53.5,55,63,18.5,50,39.5,48.66666667,107,18.16666667,34.83333333,39.66666667,37.16666667,29,36,0,1.5,9.5,1.5,35.69444445,1346.717037
52.2,52.6,65.4,16.8,47.6,37.6,48.73333333,110.2,18.73333333,33,35.13333333,38.33333333,27.4,32.8,0,1.2,11.4,1.8,35.05185185,1353.891556
50.9,50.2,67.8,15.1,45.2,35.7,48.8,113.4,19.3,31.16666667,30.6,39.5,25.8,29.6,0,0.9,13.3,2.1,34.40925926,1361.066074
49.6,47.8,70.2,13.4,42.8,33.8,48.86666667,116.6,19.86666667,29.33333333,26.06666667,40.66666667,24.2,26.4,0,0.6,15.2,2.4,33.76666667,1368.240593
48.3,45.4,72.6,11.7,40.4,31.9,48.93333333,119.8,20.43333333,27.5,21.53333333,41.83333333,22.6,23.2,0,0.3,17.1,2.7,33.12407407,1375.415111
47,43,75,10,38,30,49,123,21,25.66666667,17,43,21,20,0,0,19,3,32.48148148,1382.58963
44.4,41.2,72.1,9.3,36.7,30.3,46.03333333,123.5,21,25.73333333,17.13333333,44.66666667,21.2,20.2,0,0,19.3,3.3,32.0037037,1362.126815
41.8,39.4,69.2,8.6,35.4,30.6,43.06666667,124,21,25.8,17.26666667,46.33333333,21.4,20.4,0,0,19.6,3.6,31.52592593,1341.664
39.2,37.6,66.3,7.9,34.1,30.9,40.1,124.5,21,25.86666667,17.4,48,21.6,20.6,0,0,19.9,3.9,31.04814815,1321.201185
36.6,35.8,63.4,7.2,32.8,31.2,37.13333333,125,21,25.93333333,17.53333333,49.66666667,21.8,20.8,0,0,20.2,4.2,30.57037037,1300.73837
34,34,60.5,6.5,31.5,31.5,34.16666667,125.5,21,26,17.66666667,51.33333333,22,21,0,0,20.5,4.5,30.09259259,1280.275556
31.4,32.2,57.6,5.8,30.2,31.8,31.2,126,21,26.06666667,17.8,53,22.2,21.2,0,0,20.8,4.8,29.61481482,1259.812741
28.8,30.4,54.7,5.1,28.9,32.1,28.23333333,126.5,21,26.13333333,17.93333333,54.66666667,22.4,21.4,0,0,21.1,5.1,29.13703704,1239.349926
26.2,28.6,51.8,4.4,27.6,32.4,25.26666667,127,21,26.2,18.06666667,56.33333333,22.6,21.6,0,0,21.4,5.4,28.65925926,1218.887111
23.6,26.8,48.9,3.7,26.3,32.7,22.3,127.5,21,26.26666667,18.2,58,22.8,21.8,0,0,21.7,5.7,28.18148148,1198.424296
21,25,46,3,25,33,19.33333333,128,21,26.33333333,18.33333333,59.66666667,23,22,0,0,22,6,27.7037037,1177.961481
23.2,28.7,45.4,11.4,24.7,35.7,19.5,127.0333333,21.4,26,18.2,61.4,24.7,21.5,0,0.6,20.1,6,28.64074074,1328.243852
25.4,32.4,44.8,19.8,24.4,38.4,19.66666667,126.0666667,21.8,25.66666667,18.06666667,63.13333333,26.4,21,0,1.2,18.2,6,29.57777778,1478.526222
27.6,36.1,44.2,28.2,24.1,41.1,19.83333333,125.1,22.2,25.33333333,17.93333333,64.86666667,28.1,20.5,0,1.8,16.3,6,30.51481481,1628.808593
29.8,39.8,43.6,36.6,23.8,43.8,20,124.1333333,22.6,25,17.8,66.6,29.8,20,0,2.4,14.4,6,31.45185185,1779.090963
32,43.5,43,45,23.5,46.5,20.16666667,123.1666667,23,24.66666667,17.66666667,68.33333333,31.5,19.5,0,3,12.5,6,32.38888889,1929.373333
34.2,47.2,42.4,53.4,23.2,49.2,20.33333333,122.2,23.4,24.33333333,17.53333333,70.06666667,33.2,19,0,3.6,10.6,6,33.32592593,2079.655704
36.4,50.9,41.8,61.8,22.9,51.9,20.5,121.2333333,23.8,24,17.4,71.8,34.9,18.5,0,4.2,8.7,6,34.26296296,2229.938074
38.6,54.6,41.2,70.2,22.6,54.6,20.66666667,120.2666667,24.2,23.66666667,17.26666667,73.53333333,36.6,18,0,4.8,6.8,6,35.2,2380.220444
40.8,58.3,40.6,78.6,22.3,57.3,20.83333333,119.3,24.6,23.33333333,17.13333333,75.26666667,38.3,17.5,0,5.4,4.9,6,36.13703704,2530.502815
43,62,40,87,22,60,21,118.3333333,25,23,17,77,40,17,0,6,3,6,37.07407407,2680.785185
45.4,65.6,43.6,85.5,21,58.2,24.1,113.6,24.43333333,23.1,17.3,74.46666667,37.63333333,19.8,0,6,3.3,5.7,37.15185185,2593.814815
47.8,69.2,47.2,84,20,56.4,27.2,108.8666667,23.86666667,23.2,17.6,71.93333333,35.26666667,22.6,0,6,3.6,5.4,37.22962963,2506.844444
50.2,72.8,50.8,82.5,19,54.6,30.3,104.1333333,23.3,23.3,17.9,69.4,32.9,25.4,0,6,3.9,5.1,37.30740741,2419.874074
52.6,76.4,54.4,81,18,52.8,33.4,99.4,22.73333333,23.4,18.2,66.86666667,30.53333333,28.2,0,6,4.2,4.8,37.38518519,2332.903704
55,80,58,79.5,17,51,36.5,94.66666667,22.16666667,23.5,18.5,64.33333333,28.16666667,31,0,6,4.5,4.5,37.46296296,2245.933333
57.4,83.6,61.6,78,16,49.2,39.6,89.93333333,21.6,23.6,18.8,61.8,25.8,33.8,0,6,4.8,4.2,37.54074074,2158.962963
59.8,87.2,65.2,76.5,15,47.4,42.7,85.2,21.03333333,23.7,19.1,59.26666667,23.43333333,36.6,0,6,5.1,3.9,37.61851852,2071.992593
62.2,90.8,68.8,75,14,45.6,45.8,80.46666667,20.46666667,23.8,19.4,56.73333333,21.06666667,39.4,0,6,5.4,3.6,37.6962963,1985.022222
64.6,94.4,72.4,73.5,13,43.8,48.9,75.73333333,19.9,23.9,19.7,54.2,18.7,42.2,0,6,5.7,3.3,37.77407407,1898.051852
67,98,76,72,12,42,52,71,19.33333333,24,20,51.66666667,16.33333333,45,0,6,6,3,37.85185185,1811.081481
65.4,94.4,75.1,66.8,12.9,39.7,52.6,69.4,20.3,24.63333333,23.6,49.2,15.3,44.7,1.1,5.7,5.7,2.7,37.17962963,1759.143407
63.8,90.8,74.2,61.6,13.8,37.4,53.2,67.8,21.26666667,25.26666667,27.2,46.73333333,14.26666667,44.4,2.2,5.4,5.4,2.4,36.50740741,1707.205333
62.2,87.2,73.3,56.4,14.7,35.1,53.8,66.2,22.23333333,25.9,30.8,44.26666667,13.23333333,44.1,3.3,5.1,5.1,2.1,35.83518519,1655.267259
60.6,83.6,72.4,51.2,15.6,32.8,54.4,64.6,23.2,26.53333333,34.4,41.8,12.2,43.8,4.4,4.8,4.8,1.8,35.16296296,1603.329185
59,80,71.5,46,16.5,30.5,55,63,24.16666667,27.16666667,38,39.33333333,11.16666667,43.5,5.5,4.5,4.5,1.5,34.49074074,1551.391111
57.4,76.4,70.6,40.8,17.4,28.2,55.6,61.4,25.13333333,27.8,41.6,36.86666667,10.13333333,43.2,6.6,4.2,4.2,1.2,33.81851852,1499.453037
55.8,72.8,69.7,35.6,18.3,25.9,56.2,59.8,26.1,28.43333333,45.2,34.4,9.1,42.9,7.7,3.9,3.9,0.9,33.1462963,1447.514963
54.2,69.2,68.8,30.4,19.2,23.6,56.8,58.2,27.06666667,29.06666667,48.8,31.93333333,8.066666667,42.6,8.8,3.6,3.6,0.6,32.47407407,1395.576889
52.6,65.6,67.9,25.2,20.1,21.3,57.4,56.6,28.03333333,29.7,52.4,29.46666667,7.033333333,42.3,9.9,3.3,3.3,0.3,31.80185185,1343.638815
51,62,67,20,21,19,58,55,29,30.33333333,56,27,6,42,11,3,3,0,31.12962963,1291.700741
48.8,56.7,64.1,19.5,19.8,22.7,54.43333333,54.7,28.53333333,28.66666667,56.13333333,26.06666667,7.8,40.7,11,2.7,5.7,0.3,30.46296296,1261.761778
46.6,51.4,61.2,19,18.6,26.4,50.86666667,54.4,28.06666667,27,56.26666667,25.13333333,9.6,39.4,11,2.4,8.4,0.6,29.7962963,1231.822815
44.4,46.1,58.3,18.5,17.4,30.1,47.3,54.1,27.6,25.33333333,56.4,24.2,11.4,38.1,11,2.1,11.1,0.9,29.12962963,1201.883852
42.2,40.8,55.4,18,16.2,33.8,43.73333333,53.8,27.13333333,23.66666667,56.53333333,23.26666667,13.2,36.8,11,1.8,13.8,1.2,28.46296296,1171.944889
40,35.5,52.5,17.5,15,37.5,40.16666667,53.5,26.66666667,22,56.66666667,22.33333333,15,35.5,11,1.5,16.5,1.5,27.7962963,1142.005926
37.8,30.2,49.6,17,13.8,41.2,36.6,53.2,26.2,20.33333333,56.8,21.4,16.8,34.2,11,1.2,19.2,1.8,27.12962963,1112.066963
35.6,24.9,46.7,16.5,12.6,44.9,33.03333333,52.9,25.73333333,18.66666667,56.93333333,20.46666667,18.6,32.9,11,0.9,21.9,2.1,26.46296296,1082.128
33.4,19.6,43.8,16,11.4,48.6,29.46666667,52.6,25.26666667,17,57.06666667,19.53333333,20.4,31.6,11,0.6,24.6,2.4,25.7962963,1052.189037
31.2,14.3,40.9,15.5,10.2,52.3,25.9,52.3,24.8,15.33333333,57.2,18.6,22.2,30.3,11,0.3,27.3,2.7,25.12962963,1022.250074
29,9,38,15,9,56,22.33333333,52,24.33333333,13.66666667,57.33333333,17.66666667,24,29,11,0,30,3,24.46296296,992.3111111
28.4,10,39.4,15.6,8.7,55.1,21.9,52.3,23.83333333,15.13333333,57.5,16.8,24.3,29.3,9.9,0.3,30.3,3.3,24.55925926,1034.333926
27.8,11,40.8,16.2,8.4,54.2,21.46666667,52.6,23.33333333,16.6,57.66666667,15.93333333,24.6,29.6,8.8,0.6,30.6,3.6,24.65555556,1076.356741
27.2,12,42.2,16.8,8.1,53.3,21.03333333,52.9,22.83333333,18.06666667,57.83333333,15.06666667,24.9,29.9,7.7,0.9,30.9,3.9,24.75185185,1118.379556
26.6,13,43.6,17.4,7.8,52.4,20.6,53.2,22.33333333,19.53333333,58,14.2,25.2,30.2,6.6,1.2,31.2,4.2,24.84814815,1160.40237
26,14,45,18,7.5,51.5,20.16666667,53.5,21.83333333,21,58.16666667,13.33333333,25.5,30.5,5.5,1.5,31.5,4.5,24.94444444,1202.425185
25.4,15,46.4,18.6,7.2,50.6,19.73333333,53.8,21.33333333,22.46666667,58.33333333,12.46666667,25.8,30.8,4.4,1.8,31.8,4.8,25.04074074,1244.448
24.8,16,47.8,19.2,6.9,49.7,19.3,54.1,20.83333333,23.93333333,58.5,11.6,26.1,31.1,3.3,2.1,32.1,5.1,25.13703704,1286.470815
24.2,17,49.2,19.8,6.6,48.8,18.86666667,54.4,20.33333333,25.4,58.66666667,10.73333333,26.4,31.4,2.2,2.4,32.4,5.4,25.23333333,1328.49363
23.6,18,50.6,20.4,6.3,47.9,18.43333333,54.7,19.83333333,26.86666667,58.83333333,9.866666667,26.7,31.7,1.1,2.7,32.7,5.7,25.32962963,1370.516444
23,19,52,21,6,47,18,55,19.33333333,28.33333333,59,9,27,32,0,3,33,6,25.42592593,1412.539259
23.6,19.4,48.9,21.4,7.9,45.8,18.13333333,54.4,18,28.56666667,58.13333333,8.7,29.53333333,30.5,0,3,30.7,5.7,25.13148148,1341.184593
24.2,19.8,45.8,21.8,9.8,44.6,18.26666667,53.8,16.66666667,28.8,57.26666667,8.4,32.06666667,29,0,3,28.4,5.4,24.83703704,1269.829926
24.8,20.2,42.7,22.2,11.7,43.4,18.4,53.2,15.33333333,29.03333333,56.4,8.1,34.6,27.5,0,3,26.1,5.1,24.54259259,1198.475259
25.4,20.6,39.6,22.6,13.6,42.2,18.53333333,52.6,14,29.26666667,55.53333333,7.8,37.13333333,26,0,3,23.8,4.8,24.24814815,1127.120593
26,21,36.5,23,15.5,41,18.66666667,52,12.66666667,29.5,54.66666667,7.5,39.66666667,24.5,0,3,21.5,4.5,23.9537037,1055.765926
26.6,21.4,33.4,23.4,17.4,39.8,18.8,51.4,11.33333333,29.73333333,53.8,7.2,42.2,23,0,3,19.2,4.2,23.65925926,984.4112593
27.2,21.8,30.3,23.8,19.3,38.6,18.93333333,50.8,10,29.96666667,52.93333333,6.9,44.73333333,21.5,0,3,16.9,3.9,23.36481481,913.0565926
27.8,22.2,27.2,24.2,21.2,37.4,19.06666667,50.2,8.666666667,30.2,52.06666667,6.6,47.26666667,20,0,3,14.6,3.6,23.07037037,841.7019259
28.4,22.6,24.1,24.6,23.1,36.2,19.2,49.6,7.333333333,30.43333333,51.2,6.3,49.8,18.5,0,3,12.3,3.3,22.77592593,770.3472593
29,23,21,25,25,35,19.33333333,49,6,30.66666667,50.33333333,6,52.33333333,17,0,3,10,3,22.48148148,698.9925926
30.6,21.6,21,23.9,23.8,34.6,19.8,48.9,8.3,33,47.5,5.7,50.3,20,0,4.3,9.7,2.7,22.53888889,729.632
32.2,20.2,21,22.8,22.6,34.2,20.26666667,48.8,10.6,35.33333333,44.66666667,5.4,48.26666667,23,0,5.6,9.4,2.4,22.5962963,760.2714074
33.8,18.8,21,21.7,21.4,33.8,20.73333333,48.7,12.9,37.66666667,41.83333333,5.1,46.23333333,26,0,6.9,9.1,2.1,22.6537037,790.9108148
35.4,17.4,21,20.6,20.2,33.4,21.2,48.6,15.2,40,39,4.8,44.2,29,0,8.2,8.8,1.8,22.71111111,821.5502222
37,16,21,19.5,19,33,21.66666667,48.5,17.5,42.33333333,36.16666667,4.5,42.16666667,32,0,9.5,8.5,1.5,22.76851852,852.1896296
38.6,14.6,21,18.4,17.8,32.6,22.13333333,48.4,19.8,44.66666667,33.33333333,4.2,40.13333333,35,0,10.8,8.2,1.2,22.82592593,882.829037
40.2,13.2,21,17.3,16.6,32.2,22.6,48.3,22.1,47,30.5,3.9,38.1,38,0,12.1,7.9,0.9,22.88333333,913.4684444
41.8,11.8,21,16.2,15.4,31.8,23.06666667,48.2,24.4,49.33333333,27.66666667,3.6,36.06666667,41,0,13.4,7.6,0.6,22.94074074,944.1078519
43.4,10.4,21,15.1,14.2,31.4,23.53333333,48.1,26.7,51.66666667,24.83333333,3.3,34.03333333,44,0,14.7,7.3,0.3,22.99814815,974.7472593
45,9,21,14,13,31,24,48,29,54,22,3,32,47,0,16,7,0,23.05555556,1005.386667
45.9,11.1,21,13.9,15.9,30.1,22.8,51.3,26.7,49.2,23.3,2.833333333,30.96666667,46.7,0,15.7,6.3,0.3,23,1049.534815
46.8,13.2,21,13.8,18.8,29.2,21.6,54.6,24.4,44.4,24.6,2.666666667,29.93333333,46.4,0,15.4,5.6,0.6,22.94444444,1093.682963
47.7,15.3,21,13.7,21.7,28.3,20.4,57.9,22.1,39.6,25.9,2.5,28.9,46.1,0,15.1,4.9,0.9,22.88888889,1137.831111
48.6,17.4,21,13.6,24.6,27.4,19.2,61.2,19.8,34.8,27.2,2.333333333,27.86666667,45.8,0,14.8,4.2,1.2,22.83333333,1181.979259
49.5,19.5,21,13.5,27.5,26.5,18,64.5,17.5,30,28.5,2.166666667,26.83333333,45.5,0,14.5,3.5,1.5,22.77777778,1226.127407
50.4,21.6,21,13.4,30.4,25.6,16.8,67.8,15.2,25.2,29.8,2,25.8,45.2,0,14.2,2.8,1.8,22.72222222,1270.275556
51.3,23.7,21,13.3,33.3,24.7,15.6,71.1,12.9,20.4,31.1,1.833333333,24.76666667,44.9,0,13.9,2.1,2.1,22.66666667,1314.423704
52.2,25.8,21,13.2,36.2,23.8,14.4,74.4,10.6,15.6,32.4,1.666666667,23.73333333,44.6,0,13.6,1.4,2.4,22.61111111,1358.571852
53.1,27.9,21,13.1,39.1,22.9,13.2,77.7,8.3,10.8,33.7,1.5,22.7,44.3,0,13.3,0.7,2.7,22.55555556,1402.72
54,30,21,13,42,22,12,81,6,6,35,1.333333333,21.66666667,44,0,13,0,3,22.5,1446.868148
52.6,29.3,21.7,12,42.6,20.1,12.3,81.7,5.7,6.3,33.9,1.2,20.7,40.2,0,13,0,3,22.01666667,1397.285333
51.2,28.6,22.4,11,43.2,18.2,12.6,82.4,5.4,6.6,32.8,1.066666667,19.73333333,36.4,0,13,0,3,21.53333333,1347.702519
49.8,27.9,23.1,10,43.8,16.3,12.9,83.1,5.1,6.9,31.7,0.933333333,18.76666667,32.6,0,13,0,3,21.05,1298.119704
48.4,27.2,23.8,9,44.4,14.4,13.2,83.8,4.8,7.2,30.6,0.8,17.8,28.8,0,13,0,3,20.56666667,1248.536889
47,26.5,24.5,8,45,12.5,13.5,84.5,4.5,7.5,29.5,0.666666667,16.83333333,25,0,13,0,3,20.08333333,1198.954074
45.6,25.8,25.2,7,45.6,10.6,13.8,85.2,4.2,7.8,28.4,0.533333333,15.86666667,21.2,0,13,0,3,19.6,1149.371259
44.2,25.1,25.9,6,46.2,8.7,14.1,85.9,3.9,8.1,27.3,0.4,14.9,17.4,0,13,0,3,19.11666667,1099.788444
42.8,24.4,26.6,5,46.8,6.8,14.4,86.6,3.6,8.4,26.2,0.266666667,13.93333333,13.6,0,13,0,3,18.63333333,1050.20563
41.4,23.7,27.3,4,47.4,4.9,14.7,87.3,3.3,8.7,25.1,0.133333333,12.96666667,9.8,0,13,0,3,18.15,1000.622815
40,23,28,3,48,3,15,88,3,9,24,0,12,6,0,13,0,3,17.66666667,951.04
36.9,23.3,29.3,2.7,45.4,4,15.93333333,85,3.333333333,9.5,23.2,0.266666667,12.3,5.7,0,13,0.6,2.7,17.3962963,907.8485926
33.8,23.6,30.6,2.4,42.8,5,16.86666667,82,3.666666667,10,22.4,0.533333333,12.6,5.4,0,13,1.2,2.4,17.12592593,864.6571852
30.7,23.9,31.9,2.1,40.2,6,17.8,79,4,10.5,21.6,0.8,12.9,5.1,0,13,1.8,2.1,16.85555556,821.4657778
27.6,24.2,33.2,1.8,37.6,7,18.73333333,76,4.333333333,11,20.8,1.066666667,13.2,4.8,0,13,2.4,1.8,16.58518519,778.2743704
24.5,24.5,34.5,1.5,35,8,19.66666667,73,4.666666667,11.5,20,1.333333333,13.5,4.5,0,13,3,1.5,16.31481482,735.082963
21.4,24.8,35.8,1.2,32.4,9,20.6,70,5,12,19.2,1.6,13.8,4.2,0,13,3.6,1.2,16.04444444,691.8915556
18.3,25.1,37.1,0.9,29.8,10,21.53333333,67,5.333333333,12.5,18.4,1.866666667,14.1,3.9,0,13,4.2,0.9,15.77407407,648.7001481
15.2,25.4,38.4,0.6,27.2,11,22.46666667,64,5.666666667,13,17.6,2.133333333,14.4,3.6,0,13,4.8,0.6,15.5037037,605.5087407
12.1,25.7,39.7,0.3,24.6,12,23.4,61,6,13.5,16.8,2.4,14.7,3.3,0,13,5.4,0.3,15.23333333,562.3173333
9,26,41,0,22,13,24.33333333,58,6.333333333,14,16,2.666666667,15,3,0,13,6,0,14.96296296,519.1259259
9.4,29.7,39.1,0,22.6,13.3,25.6,57.93333333,6.733333333,14,16.8,3,15,3.7,0,11.7,5.7,0,15.23703704,544.6242963
9.8,33.4,37.2,0,23.2,13.6,26.86666667,57.86666667,7.133333333,14,17.6,3.333333333,15,4.4,0,10.4,5.4,0,15.51111111,570.1226667
10.2,37.1,35.3,0,23.8,13.9,28.13333333,57.8,7.533333333,14,18.4,3.666666667,15,5.1,0,9.1,5.1,0,15.78518519,595.621037
10.6,40.8,33.4,0,24.4,14.2,29.4,57.73333333,7.933333333,14,19.2,4,15,5.8,0,7.8,4.8,0,16.05925926,621.1194074
11,44.5,31.5,0,25,14.5,30.66666667,57.66666667,8.333333333,14,20,4.333333333,15,6.5,0,6.5,4.5,0,16.33333333,646.6177778
11.4,48.2,29.6,0,25.6,14.8,31.93333333,57.6,8.733333333,14,20.8,4.666666667,15,7.2,0,5.2,4.2,0,16.60740741,672.1161481
11.8,51.9,27.7,0,26.2,15.1,33.2,57.53333333,9.133333333,14,21.6,5,15,7.9,0,3.9,3.9,0,16.88148148,697.6145185
12.2,55.6,25.8,0,26.8,15.4,34.46666667,57.46666667,9.533333333,14,22.4,5.333333333,15,8.6,0,2.6,3.6,0,17.15555556,723.1128889
12.6,59.3,23.9,0,27.4,15.7,35.73333333,57.4,9.933333333,14,23.2,5.666666667,15,9.3,0,1.3,3.3,0,17.42962963,748.6112593
13,63,22,0,28,16,37,57.33333333,10.33333333,14,24,6,15,10,0,0,3,0,17.7037037,774.1096296
