S-01,S-02,S-03,S-04,S-05,S-06,S-07,S-08,S-09,S-10,S-11,S-12,S-13,S-14,S-15,S-16,S-18,S-19,Average,Variance,Zone 1,Zone 2,Zone 3
129.0,123.0,66.0,60.0,75.0,60.0,117.0,111.0,225.0,48.0,67.0,18.0,81.0,90.0,39.0,18.0,63.0,66.0,90.71428571428571,2296.9183673469383,92.625,81.14285714285714,49.0
132.0,120.0,67.8,60.9,79.8,62.1,117.0,108.7,225.0,49.8,65.1,24.3,81.0,90.0,38.1,18.9,63.6,64.2,91.67857142857142,2255.6209183673463,93.5625,81.87142857142857,48.9
135.0,117.0,69.6,61.8,84.6,64.2,117.0,106.4,225.0,51.6,63.2,30.6,81.0,90.0,37.2,19.8,64.2,62.4,92.64285714285714,2214.323469387755,94.5,82.6,48.8
138.0,114.0,71.4,62.7,89.4,66.3,117.0,104.1,225.0,53.4,61.3,36.9,81.0,90.0,36.3,20.7,64.8,60.6,93.60714285714286,2173.0260204081633,95.4375,83.32857142857142,48.7
141.0,111.0,73.2,63.6,94.2,68.4,117.0,101.8,225.0,55.2,59.4,43.2,81.0,90.0,35.4,21.6,65.4,58.8,94.57142857142857,2131.7285714285713,96.375,84.05714285714285,48.6
144.0,108.0,75.0,64.5,99.0,70.5,117.0,99.5,225.0,57.0,57.5,49.5,81.0,90.0,34.5,22.5,66.0,57.0,95.53571428571428,2090.4311224489793,97.3125,84.78571428571428,48.5
147.0,105.0,76.8,65.4,103.8,72.6,117.0,97.2,225.0,58.8,55.6,55.8,81.0,90.0,33.6,23.4,66.6,55.2,96.5,2049.1336734693878,98.25,85.51428571428572,48.4
150.0,102.0,78.6,66.3,108.6,74.7,117.0,94.9,225.0,60.6,53.7,62.1,81.0,90.0,32.7,24.3,67.2,53.4,97.46428571428572,2007.836224489796,99.1875,86.24285714285715,48.3
153.0,99.0,80.4,67.2,113.4,76.8,117.0,92.6,225.0,62.4,51.8,68.4,81.0,90.0,31.8,25.2,67.8,51.6,98.42857142857143,1966.5387755102042,100.125,86.97142857142858,48.2
156.0,96.0,82.2,68.1,118.19999999999999,78.9,117.0,90.3,225.0,64.2,49.900000000000006,74.69999999999999,81.0,90.0,30.9,26.1,68.4,49.8,99.39285714285714,1925.2413265306125,101.0625,87.7,48.1
159.0,93.0,84.0,69.0,123.0,81.0,117.0,88.0,225.0,66.0,48.0,81.0,81.0,90.0,30.0,27.0,69.0,48.0,100.35714285714286,1883.9438775510207,102.0,88.42857142857143,48.0
159.6,94.8,83.7,71.7,118.8,75.6,114.7,83.1,226.5,70.2,51.3,87.3,80.1,88.2,32.1,30.0,71.1,44.1,100.4,1964.7663265306123,101.45,89.44285714285715,48.4
160.2,96.6,83.4,74.4,114.6,70.2,112.4,78.2,228.0,74.4,54.6,93.6,79.2,86.4,34.2,33.0,73.2,40.2,100.44285714285715,2045.5887755102042,100.9,90.45714285714286,48.8
160.8,98.4,83.1,77.1,110.4,64.8,110.1,73.3,229.5,78.6,57.9,99.9,78.3,84.6,36.3,36.0,75.3,36.3,100.4857142857143,2126.411224489796,100.35,91.47142857142858,49.2
161.4,100.2,82.8,79.8,106.2,59.4,107.8,68.4,231.0,82.8,61.2,106.2,77.4,82.8,38.4,39.0,77.4,32.4,100.52857142857144,2207.2336734693877,99.8,92.48571428571428,49.6
162.0,102.0,82.5,82.5,102.0,54.0,105.5,63.5,232.5,87.0,64.5,112.5,76.5,81.0,40.5,42.0,79.5,28.5,100.57142857142858,2288.0561224489793,99.25,93.5,50.0
162.6,103.8,82.2,85.2,97.8,48.599999999999994,103.2,58.599999999999994,234.0,91.2,67.8,118.8,75.6,79.2,42.6,45.0,81.6,24.6,100.61428571428571,2368.878571428571,98.7,94.51428571428572,50.4
163.2,105.6,81.9,87.9,93.6,43.199999999999996,100.9,53.699999999999996,235.5,95.4,71.1,125.1,74.7,77.4,44.7,48.0,83.7,20.7,100.65714285714286,2449.7010204081625,98.15,95.52857142857142,50.8
163.8,107.4,81.6,90.6,89.4,37.8,98.6,48.8,237.0,99.6,74.4,131.4,73.8,75.6,46.8,51.0,85.8,16.8,100.7,2530.5234693877546,97.6,96.54285714285714,51.2
164.4,109.2,81.3,93.3,85.19999999999999,32.4,96.3,43.9,238.5,103.80000000000001,77.7,137.7,72.9,73.8,48.900000000000006,54.0,87.9,12.899999999999999,100.74285714285715,2611.3459183673463,97.05,97.55714285714285,51.6
165.0,111.0,81.0,96.0,81.0,27.0,94.0,39.0,240.0,108.0,81.0,144.0,72.0,72.0,51.0,57.0,90.0,9.0,100.78571428571429,2692.168367346938,96.5,98.57142857142857,52.0
169.2,113.1,80.4,90.6,81.3,27.0,90.0,39.0,237.6,108.0,85.5,143.7,75.6,69.3,49.8,58.2,87.3,10.8,100.7357142857143,2757.5862244897953,96.1875,98.65714285714286,52.1
173.4,115.2,79.8,85.2,81.6,27.0,86.0,39.0,235.2,108.0,90.0,143.4,79.2,66.6,48.6,59.4,84.6,12.6,100.6857142857143,2823.0040816326523,95.875,98.74285714285715,52.2
177.6,117.3,79.2,79.8,81.9,27.0,82.0,39.0,232.8,108.0,94.5,143.1,82.8,63.9,47.4,60.6,81.9,14.4,100.63571428571429,2888.4219387755097,95.5625,98.82857142857142,52.3
181.8,119.4,78.6,74.4,82.2,27.0,78.0,39.0,230.4,108.0,99.0,142.8,86.4,61.2,46.2,61.8,79.2,16.2,100.58571428571429,2953.8397959183667,95.25,98.91428571428571,52.4
186.0,121.5,78.0,69.0,82.5,27.0,74.0,39.0,228.0,108.0,103.5,142.5,90.0,58.5,45.0,63.0,76.5,18.0,100.53571428571429,3019.257653061224,94.9375,99.0,52.5
190.2,123.6,77.4,63.599999999999994,82.8,27.0,70.0,39.0,225.6,108.0,108.0,142.2,93.6,55.8,43.8,64.2,73.8,19.8,100.4857142857143,3084.6755102040815,94.625,99.08571428571429,52.6
194.4,125.7,76.8,58.199999999999996,83.1,27.0,66.0,39.0,223.2,108.0,112.5,141.9,97.2,53.099999999999994,42.6,65.4,71.1,21.6,100.4357142857143,3150.0933673469385,94.3125,99.17142857142858,52.7
198.6,127.8,76.2,52.8,83.4,27.0,62.0,39.0,220.8,108.0,117.0,141.6,100.8,50.4,41.4,66.6,68.4,23.4,100.38571428571429,3215.511224489796,94.0,99.25714285714285,52.8
202.8,129.9,75.6,47.4,83.7,27.0,58.0,39.0,218.4,108.0,121.5,141.3,104.4,47.7,40.2,67.8,65.7,25.2,100.33571428571429,3280.929081632653,93.6875,99.34285714285714,52.9
207.0,132.0,75.0,42.0,84.0,27.0,54.0,39.0,216.0,108.0,126.0,141.0,108.0,45.0,39.0,69.0,63.0,27.0,100.28571428571429,3346.3469387755104,93.375,99.42857142857143,53.0
200.4,129.0,77.1,39.6,83.1,34.5,52.2,39.9,216.0,107.5,124.5,140.7,108.0,45.0,50.1,66.9,63.0,27.0,99.82142857142858,3252.47806122449,91.8,101.88571428571429,52.3
193.8,126.0,79.2,37.2,82.2,42.0,50.4,40.8,216.0,107.0,123.0,140.4,108.0,45.0,61.2,64.8,63.0,27.0,99.35714285714286,3158.6091836734695,90.225,104.34285714285714,51.6
187.2,123.0,81.3,34.8,81.3,49.5,48.6,41.7,216.0,106.5,121.5,140.1,108.0,45.0,72.3,62.7,63.0,27.0,98.89285714285714,3064.740306122449,88.65,106.8,50.9
180.6,120.0,83.4,32.4,80.4,57.0,46.8,42.6,216.0,106.0,120.0,139.8,108.0,45.0,83.4,60.6,63.0,27.0,98.42857142857143,2970.8714285714286,87.075,109.25714285714285,50.2
174.0,117.0,85.5,30.0,79.5,64.5,45.0,43.5,216.0,105.5,118.5,139.5,108.0,45.0,94.5,58.5,63.0,27.0,97.96428571428572,2877.0025510204077,85.5,111.71428571428572,49.5
167.4,114.0,87.6,27.6,78.6,72.0,43.2,44.4,216.0,105.0,117.0,139.2,108.0,45.0,105.6,56.4,63.0,27.0,97.5,2783.1336734693878,83.925,114.17142857142858,48.8
160.8,111.0,89.7,25.2,77.7,79.5,41.4,45.3,216.0,104.5,115.5,138.9,108.0,45.0,116.7,54.3,63.0,27.0,97.03571428571428,2689.264795918367,82.35,116.62857142857143,48.1
154.2,108.0,91.8,22.8,76.8,87.0,39.6,46.2,216.0,104.0,114.0,138.6,108.0,45.0,127.8,52.2,63.0,27.0,96.57142857142857,2595.3959183673464,80.775,119.08571428571429,47.4
147.6,105.0,93.9,20.400000000000002,75.9,94.5,37.8,47.1,216.0,103.5,112.5,138.3,108.0,45.0,138.89999999999998,50.099999999999994,63.0,27.0,96.10714285714286,2501.527040816326,79.2,121.54285714285714,46.7
141.0,102.0,96.0,18.0,75.0,102.0,36.0,48.0,216.0,103.0,111.0,138.0,108.0,45.0,150.0,48.0,63.0,27.0,95.64285714285714,2407.6581632653056,77.625,124.0,46.0
135.3,105.6,98.7,21.6,70.2,107.7,39.6,47.1,214.6,109.5,111.0,137.8,107.1,46.8,142.2,53.1,60.9,25.2,96.61428571428571,2417.4153061224483,78.1125,124.27142857142857,46.4
129.6,109.2,101.4,25.2,65.4,113.4,43.2,46.2,213.2,116.0,111.0,137.6,106.2,48.6,134.4,58.2,58.8,23.4,97.58571428571429,2427.1724489795915,78.6,124.54285714285714,46.8
123.9,112.8,104.1,28.8,60.6,119.1,46.8,45.3,211.8,122.5,111.0,137.4,105.3,50.4,126.6,63.3,56.7,21.6,98.55714285714285,2436.9295918367343,79.0875,124.81428571428572,47.2
118.2,116.4,106.8,32.4,55.8,124.8,50.4,44.4,210.4,129.0,111.0,137.2,104.4,52.2,118.8,68.4,54.6,19.8,99.52857142857142,2446.6867346938775,79.575,125.08571428571429,47.6
112.5,120.0,109.5,36.0,51.0,130.5,54.0,43.5,209.0,135.5,111.0,137.0,103.5,54.0,111.0,73.5,52.5,18.0,100.5,2456.4438775510203,80.0625,125.35714285714286,48.0
106.8,123.6,112.2,39.6,46.2,136.2,57.6,42.6,207.6,142.0,111.0,136.8,102.6,55.8,103.2,78.6,50.4,16.2,101.47142857142858,2466.201020408163,80.55,125.62857142857142,48.4
101.1,127.2,114.9,43.2,41.4,141.9,61.2,41.7,206.2,148.5,111.0,136.6,101.7,57.6,95.4,83.69999999999999,48.3,14.4,102.44285714285715,2475.958163265306,81.0375,125.89999999999999,48.8
95.4,130.8,117.6,46.8,36.6,147.6,64.8,40.8,204.8,155.0,111.0,136.4,100.8,59.4,87.6,88.8,46.2,12.6,103.41428571428571,2485.715306122449,81.525,126.17142857142856,49.2
89.69999999999999,134.4,120.3,50.4,31.800000000000004,153.3,68.4,39.9,203.4,161.5,111.0,136.2,99.9,61.2,79.8,93.9,44.099999999999994,10.8,104.38571428571429,2495.472448979592,82.0125,126.44285714285714,49.6
84.0,138.0,123.0,54.0,27.0,159.0,72.0,39.0,202.0,168.0,111.0,136.0,99.0,63.0,72.0,99.0,42.0,9.0,105.35714285714286,2505.229591836735,82.5,126.71428571428571,50.0
78.3,133.8,125.4,57.3,27.0,160.5,78.3,39.0,210.3,168.0,112.3,135.9,94.5,70.5,66.6,100.5,37.8,9.9,106.50714285714287,2709.7474489795923,83.1375,127.5142857142857,49.4
72.6,129.6,127.8,60.6,27.0,162.0,84.6,39.0,218.6,168.0,113.6,135.8,90.0,78.0,61.2,102.0,33.6,10.8,107.65714285714286,2914.265306122449,83.775,128.31428571428572,48.8
66.9,125.4,130.2,63.9,27.0,163.5,90.9,39.0,226.9,168.0,114.9,135.7,85.5,85.5,55.8,103.5,29.4,11.7,108.80714285714286,3118.783163265306,84.4125,129.1142857142857,48.2
61.2,121.2,132.6,67.2,27.0,165.0,97.2,39.0,235.2,168.0,116.2,135.6,81.0,93.0,50.4,105.0,25.2,12.6,109.95714285714286,3323.3010204081634,85.05,129.9142857142857,47.6
55.5,117.0,135.0,70.5,27.0,166.5,103.5,39.0,243.5,168.0,117.5,135.5,76.5,100.5,45.0,106.5,21.0,13.5,111.10714285714286,3527.8188775510207,85.6875,130.71428571428572,47.0
49.8,112.8,137.4,73.8,27.0,168.0,109.8,39.0,251.8,168.0,118.8,135.4,72.0,108.0,39.599999999999994,108.0,16.799999999999997,14.4,112.25714285714287,3732.3367346938776,86.325,131.5142857142857,46.4
44.1,108.6,139.8,77.1,27.0,169.5,116.1,39.0,260.1,168.0,120.1,135.3,67.5,115.5,34.199999999999996,109.5,12.599999999999998,15.3,113.40714285714286,3936.8545918367345,86.9625,132.31428571428572,45.8
38.4,104.4,142.2,80.4,27.0,171.0,122.4,39.0,268.4,168.0,121.4,135.2,63.0,123.0,28.799999999999997,111.0,8.399999999999999,16.2,114.55714285714286,4141.372448979591,87.6,133.11428571428573,45.2
32.699999999999996,100.19999999999999,144.6,83.7,27.0,172.5,128.7,39.0,276.7,168.0,122.7,135.1,58.5,130.5,23.4,112.5,4.199999999999996,17.1,115.70714285714286,4345.890306122449,88.2375,133.9142857142857,44.6
27.0,96.0,147.0,87.0,27.0,174.0,135.0,39.0,285.0,168.0,124.0,135.0,54.0,138.0,18.0,114.0,0.0,18.0,116.85714285714286,4550.408163265306,88.875,134.71428571428572,44.0
33.3,92.7,146.7,89.4,29.7,168.6,135.0,42.0,285.0,162.6,124.8,130.8,55.8,138.0,17.1,104.4,7.8,18.0,116.74285714285715,4398.8877551020405,90.075,132.9857142857143,43.4
39.6,89.4,146.4,91.8,32.4,163.2,135.0,45.0,285.0,157.2,125.6,126.6,57.6,138.0,16.2,94.8,15.6,18.0,116.62857142857143,4247.367346938776,91.275,131.25714285714287,42.8
45.9,86.1,146.1,94.2,35.1,157.8,135.0,48.0,285.0,151.8,126.4,122.4,59.4,138.0,15.3,85.2,23.4,18.0,116.51428571428572,4095.8469387755104,92.475,129.52857142857144,42.2
52.2,82.8,145.8,96.6,37.8,152.4,135.0,51.0,285.0,146.4,127.2,118.2,61.2,138.0,14.4,75.6,31.2,18.0,116.4,3944.326530612245,93.675,127.80000000000001,41.6
58.5,79.5,145.5,99.0,40.5,147.0,135.0,54.0,285.0,141.0,128.0,114.0,63.0,138.0,13.5,66.0,39.0,18.0,116.28571428571428,3792.8061224489793,94.875,126.07142857142858,41.0
64.8,76.2,145.2,101.4,43.2,141.6,135.0,57.0,285.0,135.6,128.8,109.8,64.8,138.0,12.6,56.400000000000006,46.8,18.0,116.17142857142856,3641.285714285714,96.075,124.34285714285716,40.4
71.1,72.9,144.9,103.8,45.900000000000006,136.2,135.0,60.0,285.0,130.2,129.6,105.6,66.6,138.0,11.7,46.8,54.6,18.0,116.05714285714285,3489.765306122449,97.275,122.61428571428571,39.8
77.4,69.6,144.6,106.2,48.6,130.8,135.0,63.0,285.0,124.8,130.4,101.4,68.4,138.0,10.8,37.2,62.4,18.0,115.94285714285714,3338.2448979591836,98.475,120.88571428571429,39.2
83.69999999999999,66.3,144.3,108.6,51.3,125.4,135.0,66.0,285.0,119.4,131.2,97.19999999999999,70.2,138.0,9.9,27.60000000000001,70.2,18.0,115.82857142857142,3186.724489795918,99.675,119.15714285714286,38.6
90.0,63.0,144.0,111.0,54.0,120.0,135.0,69.0,285.0,114.0,132.0,93.0,72.0,138.0,9.0,18.0,78.0,18.0,115.71428571428571,3035.204081632653,100.875,117.42857142857143,38.0
1623.9,81.3,137.7,105.6,57.9,114.3,133.6,70.2,285.1,106.5,129.6,88.8,72.0,134.7,9.0,17.1,76.5,17.1,224.37142857142857,1560125.2897959184,293.3375,114.78571428571429,36.9
3157.8,99.6,131.4,100.2,61.8,108.6,132.2,71.4,285.2,99.0,127.2,84.6,72.0,131.4,9.0,16.2,75.0,16.2,333.0285714285714,3117215.375510204,485.8,112.14285714285714,35.8
4691.700000000001,117.9,125.1,94.8,65.7,102.9,130.8,72.6,285.3,91.5,124.8,80.4,72.0,128.1,9.0,15.3,73.5,15.3,441.68571428571425,4674305.461224489,678.2625,109.5,34.7
6225.6,136.2,118.8,89.4,69.6,97.2,129.4,73.8,285.4,84.0,122.4,76.2,72.0,124.8,9.0,14.4,72.0,14.4,550.342857142857,6231395.546938775,870.725,106.85714285714286,33.6
7759.5,154.5,112.5,84.0,73.5,91.5,128.0,75.0,285.5,76.5,120.0,72.0,72.0,121.5,9.0,13.5,70.5,13.5,658.9999999999999,7788485.632653061,1063.1875,104.21428571428572,32.5
9293.400000000001,172.8,106.2,78.6,77.4,85.8,126.6,76.2,285.6,69.0,117.6,67.8,72.0,118.2,9.0,12.6,69.0,12.6,767.6571428571427,9345575.718367346,1255.65,101.57142857142857,31.4
10827.300000000001,191.1,99.9,73.19999999999999,81.3,80.1,125.2,77.4,285.7,61.5,115.2,63.599999999999994,72.0,114.9,9.0,11.7,67.5,11.7,876.3142857142856,10902665.804081632,1448.1125,98.92857142857143,30.299999999999997
12361.2,209.4,93.6,67.8,85.2,74.4,123.8,78.6,285.8,54.0,112.8,59.4,72.0,111.6,9.0,10.8,66.0,10.8,984.9714285714284,12459755.889795918,1640.575,96.28571428571428,29.2
13895.1,227.70000000000002,87.30000000000001,62.4,89.1,68.69999999999999,122.4,79.8,285.9,46.5,110.4,55.199999999999996,72.0,108.3,9.0,9.9,64.5,9.9,1093.6285714285714,14016845.975510204,1833.0375000000001,93.64285714285714,28.1
15429.0,246.0,81.0,57.0,93.0,63.0,121.0,81.0,286.0,39.0,108.0,51.0,72.0,105.0,9.0,9.0,63.0,9.0,1202.2857142857142,15573936.06122449,2025.5,91.0,27.0
14265.8,1649.1,80.4,54.3,90.3,70.5,119.7,81.0,287.1,39.0,104.4,55.8,70.2,100.8,9.0,14.4,57.6,11.7,1219.1714285714286,15388608.381632654,2053.825,92.4,27.9
13102.6,3052.2,79.8,51.6,87.6,78.0,118.4,81.0,288.2,39.0,100.8,60.6,68.4,96.6,9.0,19.8,52.2,14.4,1236.0571428571427,15203280.702040818,2082.15,93.8,28.8
11939.4,4455.299999999999,79.2,48.9,84.9,85.5,117.1,81.0,289.3,39.0,97.2,65.4,66.6,92.4,9.0,25.200000000000003,46.8,17.1,1252.942857142857,15017953.02244898,2110.475,95.2,29.7
10776.2,5858.4,78.6,46.2,82.2,93.0,115.8,81.0,290.4,39.0,93.6,70.2,64.8,88.2,9.0,30.6,41.4,19.8,1269.8285714285714,14832625.342857143,2138.8,96.6,30.6
9613.0,7261.5,78.0,43.5,79.5,100.5,114.5,81.0,291.5,39.0,90.0,75.0,63.0,84.0,9.0,36.0,36.0,22.5,1286.7142857142858,14647297.663265307,2167.125,98.0,31.5
8449.8,8664.599999999999,77.4,40.8,76.8,108.0,113.2,81.0,292.6,39.0,86.4,79.8,61.2,79.8,9.0,41.400000000000006,30.599999999999994,25.200000000000003,1303.6,14461969.98367347,2195.45,99.4,32.4
7286.599999999999,10067.699999999999,76.8,38.099999999999994,74.1,115.5,111.9,81.0,293.7,39.0,82.8,84.6,59.4,75.6,9.0,46.800000000000004,25.199999999999996,27.900000000000002,1320.4857142857143,14276642.304081634,2223.775,100.8,33.3
6123.4,11470.8,76.2,35.4,71.4,123.0,110.6,81.0,294.8,39.0,79.2,89.4,57.6,71.4,9.0,52.2,19.799999999999997,30.6,1337.3714285714286,14091314.624489795,2252.1,102.2,34.2
4960.199999999999,12873.9,75.6,32.7,68.7,130.5,109.3,81.0,295.9,39.0,75.6,94.19999999999999,55.8,67.19999999999999,9.0,57.6,14.399999999999999,33.3,1354.2571428571428,13905986.944897959,2280.425,103.6,35.1
3797.0,14277.0,75.0,30.0,66.0,138.0,108.0,81.0,297.0,39.0,72.0,99.0,54.0,63.0,9.0,63.0,9.0,36.0,1371.142857142857,13720659.265306123,2308.75,105.0,36.0
6922.2,13086.0,132.6,36.3,63.9,136.8,108.9,81.0,297.0,41.7,66.6,103.8,54.0,63.0,15.3,60.9,9.0,36.0,1513.8428571428572,20384397.80816327,2558.3625,106.02857142857142,35.3
10047.4,11895.0,190.2,42.6,61.8,135.6,109.8,81.0,297.0,44.4,61.2,108.6,54.0,63.0,21.6,58.8,9.0,36.0,1656.5428571428572,27048136.351020414,2807.975,107.05714285714286,34.6
13172.599999999999,10704.0,247.8,48.9,59.7,134.4,110.7,81.0,297.0,47.1,55.8,113.4,54.0,63.0,27.9,56.7,9.0,36.0,1799.2428571428572,33711874.89387756,3057.5875,108.08571428571429,33.9
16297.8,9513.0,305.4,55.2,57.6,133.2,111.6,81.0,297.0,49.8,50.4,118.2,54.0,63.0,34.2,54.6,9.0,36.0,1941.942857142857,40375613.436734706,3307.2,109.11428571428571,33.2
19423.0,8322.0,363.0,61.5,55.5,132.0,112.5,81.0,297.0,52.5,45.0,123.0,54.0,63.0,40.5,52.5,9.0,36.0,2084.6428571428573,47039351.979591854,3556.8125,110.14285714285714,32.5
22548.199999999997,7131.0,420.6,67.8,53.4,130.8,113.4,81.0,297.0,55.2,39.599999999999994,127.8,54.0,63.0,46.8,50.4,9.0,36.0,2227.342857142857,53703090.522448994,3806.425,111.17142857142858,31.8
25673.399999999998,5940.0,478.2,74.1,51.3,129.6,114.3,81.0,297.0,57.900000000000006,34.199999999999996,132.6,54.0,63.0,53.1,48.3,9.0,36.0,2370.0428571428574,60366829.06530614,4056.0375000000004,112.2,31.1
28798.6,4749.0,535.8,80.4,49.2,128.4,115.2,81.0,297.0,60.6,28.799999999999997,137.4,54.0,63.0,59.4,46.2,9.0,36.0,2512.7428571428572,67030567.60816329,4305.65,113.22857142857143,30.4
31923.8,3558.0,593.4,86.69999999999999,47.099999999999994,127.2,116.1,81.0,297.0,63.3,23.4,142.2,54.0,63.0,65.69999999999999,44.099999999999994,9.0,36.0,2655.442857142857,73694306.15102044,4555.262500000001,114.25714285714287,29.7
35049.0,2367.0,651.0,93.0,45.0,126.0,117.0,81.0,297.0,66.0,18.0,147.0,54.0,63.0,72.0,42.0,9.0,36.0,2798.1428571428573,80358044.69387758,4804.875,115.28571428571429,29.0
31622.6,2219.7,607.8,85.8,47.7,120.3,117.9,85.2,293.1,72.3,18.0,142.0,78.9,63.0,76.2,40.5,11.1,40.2,2541.0214285714287,72329187.20255104,4355.425,115.30000000000001,30.6
28196.2,2072.4,564.6,78.6,50.4,114.6,118.8,89.4,289.2,78.6,18.0,137.0,103.8,63.0,80.4,39.0,13.2,44.4,2283.9,64300329.71122451,3905.975,115.31428571428572,32.2
24769.8,1925.1,521.4,71.4,53.1,108.9,119.7,93.6,285.3,84.9,18.0,132.0,128.7,63.0,84.6,37.5,15.3,48.6,2026.7785714285717,56271472.21989798,3456.525,115.32857142857144,33.8
21343.4,1777.8,478.2,64.2,55.8,103.2,120.6,97.8,281.4,91.2,18.0,127.0,153.6,63.0,88.8,36.0,17.4,52.8,1769.657142857143,48242614.728571445,3007.075,115.34285714285714,35.4
17917.0,1630.5,435.0,57.0,58.5,97.5,121.5,102.0,277.5,97.5,18.0,122.0,178.5,63.0,93.0,34.5,19.5,57.0,1512.5357142857144,40213757.23724491,2557.625,115.35714285714286,37.0
14490.599999999999,1483.1999999999998,391.79999999999995,49.8,61.2,91.8,122.4,106.2,273.6,103.8,18.0,117.0,203.39999999999998,63.0,97.2,33.0,21.6,61.2,1255.414285714286,32184899.74591838,2108.175,115.37142857142858,38.6
11064.2,1335.8999999999999,348.59999999999997,42.6,63.900000000000006,86.1,123.3,110.4,269.7,110.1,18.0,112.0,228.29999999999998,63.0,101.4,31.5,23.700000000000003,65.4,998.2928571428574,24156042.254591845,1658.725,115.38571428571429,40.2
7637.799999999999,1188.6,305.4,35.4,66.6,80.4,124.2,114.6,265.8,116.4,18.0,107.0,253.2,63.0,105.6,30.0,25.8,69.6,741.1714285714288,16127184.763265312,1209.275,115.4,41.8
4211.399999999998,1041.3,262.2,28.200000000000003,69.3,74.69999999999999,125.1,118.80000000000001,261.9,122.69999999999999,18.0,102.0,278.1,63.0,109.80000000000001,28.5,27.900000000000002,73.80000000000001,484.0500000000002,8098327.271938771,759.8250000000003,115.41428571428571,43.4
785.0,894.0,219.0,21.0,72.0,69.0,126.0,123.0,258.0,129.0,18.0,97.0,303.0,63.0,114.0,27.0,30.0,78.0,226.92857142857142,69469.78061224488,310.375,115.42857142857143,45.0
3598.2,926.7,216.3,21.6,72.0,78.0,121.5,123.0,252.3,129.0,20.5,92.1,331.8,68.4,105.3,27.9,39.9,78.3,432.24285714285713,5529776.252040816,669.5625,114.31428571428572,48.7
6411.4,959.4,213.6,22.2,72.0,87.0,117.0,123.0,246.6,129.0,23.0,87.2,360.6,73.8,96.6,28.8,49.8,78.6,637.5571428571428,10990082.723469386,1028.75,113.2,52.4
9224.599999999999,992.1,210.9,22.8,72.0,96.0,112.5,123.0,240.9,129.0,25.5,82.3,389.4,79.2,87.9,29.7,59.7,78.9,842.8714285714285,16450389.194897957,1387.9375,112.08571428571429,56.1
12037.8,1024.8,208.2,23.4,72.0,105.0,108.0,123.0,235.2,129.0,28.0,77.4,418.2,84.6,79.2,30.6,69.6,79.2,1048.185714285714,21910695.666326527,1747.125,110.97142857142858,59.8
14851.0,1057.5,205.5,24.0,72.0,114.0,103.5,123.0,229.5,129.0,30.5,72.5,447.0,90.0,70.5,31.5,79.5,79.5,1253.4999999999998,27371002.137755096,2106.3125,109.85714285714286,63.5
17664.199999999997,1090.2,202.8,24.6,72.0,123.0,99.0,123.0,223.8,129.0,33.0,67.6,475.8,95.4,61.800000000000004,32.4,89.4,79.8,1458.8142857142855,32831308.60918367,2465.5,108.74285714285715,67.2
20477.399999999998,1122.9,200.1,25.2,72.0,132.0,94.5,123.0,218.1,129.0,35.5,62.699999999999996,504.6,100.80000000000001,53.10000000000001,33.3,99.3,80.1,1664.1285714285711,38291615.080612235,2824.6875,107.62857142857143,70.9
23290.6,1155.6,197.4,25.8,72.0,141.0,90.0,123.0,212.4,129.0,38.0,57.8,533.4,106.2,44.400000000000006,34.2,109.2,80.4,1869.4428571428568,43751921.55204081,3183.875,106.51428571428572,74.6
26103.8,1188.3,194.7,26.4,72.0,150.0,85.5,123.0,206.7,129.0,40.5,52.9,562.2,111.6,35.7,35.1,119.10000000000001,80.7,2074.7571428571428,49212228.02346938,3543.0625,105.4,78.30000000000001
28917.0,1221.0,192.0,27.0,72.0,159.0,81.0,123.0,201.0,129.0,43.0,48.0,591.0,117.0,27.0,36.0,129.0,81.0,2280.0714285714284,54672534.49489795,3902.25,104.28571428571429,82.0
26893.8,1155.0,190.8,30.3,70.2,156.0,81.0,118.2,201.0,125.5,44.4,52.3,570.6,117.0,36.9,33.3,259.8,73.8,2129.0071428571428,49689192.684183665,3638.5875,104.9,122.3
24870.6,1089.0,189.6,33.6,68.4,153.0,81.0,113.4,201.0,122.0,45.8,56.6,550.2,117.0,46.8,30.6,390.6,66.6,1977.942857142857,44705850.87346938,3374.925,105.51428571428572,162.6
22847.4,1023.0,188.4,36.9,66.6,150.0,81.0,108.6,201.0,118.5,47.2,60.9,529.8,117.0,56.7,27.9,521.4000000000001,59.4,1826.8785714285714,39722509.06275509,3111.2625,106.12857142857143,202.89999999999998
20824.2,957.0,187.2,40.2,64.8,147.0,81.0,103.8,201.0,115.0,48.6,65.2,509.4,117.0,66.6,25.2,652.2,52.2,1675.8142857142857,34739167.25204081,2847.6,106.74285714285715,243.2
18801.0,891.0,186.0,43.5,63.0,144.0,81.0,99.0,201.0,111.5,50.0,69.5,489.0,117.0,76.5,22.5,783.0,45.0,1524.75,29755825.44132653,2583.9375,107.35714285714286,283.5
16777.8,825.0,184.8,46.8,61.2,141.0,81.0,94.2,201.0,108.0,51.4,73.8,468.6,117.0,86.4,19.799999999999997,913.8000000000001,37.8,1373.6857142857143,24772483.630612243,2320.2749999999996,107.97142857142858,323.79999999999995
14754.6,759.0,183.6,50.099999999999994,59.4,138.0,81.0,89.4,201.0,104.5,52.8,78.1,448.20000000000005,117.0,96.3,17.099999999999998,1044.6000000000001,30.6,1222.6214285714286,19789141.819897957,2056.6124999999997,108.58571428571429,364.09999999999997
12731.4,693.0,182.4,53.4,57.6,135.0,81.0,84.6,201.0,101.0,54.2,82.4,427.8,117.0,106.2,14.399999999999999,1175.4,23.4,1071.557142857143,14805800.009183675,1792.9499999999998,109.2,404.4
10708.2,627.0,181.2,56.7,55.8,132.0,81.0,79.80000000000001,201.0,97.5,55.6,86.69999999999999,407.4,117.0,116.10000000000001,11.7,1306.2,16.200000000000003,920.4928571428572,9822458.198469393,1529.2875,109.81428571428572,444.7
8685.0,561.0,180.0,60.0,54.0,129.0,81.0,75.0,201.0,94.0,57.0,91.0,387.0,117.0,126.0,9.0,1437.0,9.0,769.4285714285714,4839116.387755101,1265.625,110.42857142857143,485.0
8084.4,551.7,179.4,58.8,54.9,119.7,80.1,74.4,196.3,90.6,59.4,95.4,396.9,127.6,127.8,9.0,1468.8,9.9,726.4,4399287.83265306,1191.725,109.08571428571429,495.9
7483.8,542.4,178.8,57.6,55.8,110.4,79.2,73.8,191.6,87.2,61.8,99.8,406.8,138.2,129.6,9.0,1500.6,10.8,683.3714285714286,3959459.2775510196,1117.825,107.74285714285715,506.8
6883.2,533.1,178.2,56.4,56.7,101.1,78.3,73.2,186.9,83.8,64.2,104.2,416.7,148.8,131.4,9.0,1532.4,11.7,640.3428571428572,3519630.7224489786,1043.925,106.4,517.7
6282.6,523.8,177.6,55.2,57.6,91.8,77.4,72.6,182.2,80.4,66.6,108.6,426.6,159.4,133.2,9.0,1564.2,12.6,597.3142857142857,3079802.167346938,970.025,105.05714285714286,528.6
5682.0,514.5,177.0,54.0,58.5,82.5,76.5,72.0,177.5,77.0,69.0,113.0,436.5,170.0,135.0,9.0,1596.0,13.5,554.2857142857143,2639973.6122448975,896.125,103.71428571428572,539.5
5081.4,505.2,176.4,52.8,59.4,73.19999999999999,75.6,71.4,172.8,73.6,71.4,117.4,446.4,180.6,136.8,9.0,1627.8,14.4,511.25714285714287,2200145.0571428565,822.2249999999999,102.37142857142857,550.4
4480.8,495.9,175.8,51.6,60.3,63.89999999999999,74.7,70.8,168.1,70.2,73.8,121.80000000000001,456.3,191.2,138.6,9.0,1659.6,15.3,468.22857142857146,1760316.502040816,748.3249999999999,101.02857142857142,561.3
3880.2,486.6,175.2,50.4,61.2,54.599999999999994,73.8,70.2,163.4,66.8,76.2,126.2,466.2,201.8,140.4,9.0,1691.4,16.2,425.20000000000005,1320487.9469387755,674.425,99.68571428571428,572.2
3279.5999999999995,477.3,174.6,49.2,62.1,45.3,72.9,69.6,158.7,63.400000000000006,78.6,130.6,476.1,212.39999999999998,142.2,9.0,1723.2,17.1,382.17142857142863,880659.391836735,600.525,98.34285714285714,583.1
2679.0,468.0,174.0,48.0,63.0,36.0,72.0,69.0,154.0,60.0,81.0,135.0,486.0,223.0,144.0,9.0,1755.0,18.0,339.14285714285717,440830.836734694,526.625,97.0,594.0
2456.1,440.7,169.5,50.1,59.4,35.1,73.8,69.0,160.2,60.0,80.1,130.8,465.0,297.6,146.4,9.0,1730.7,18.0,324.81428571428575,402593.6938775511,501.525,97.37142857142857,585.9
2233.2,413.4,165.0,52.2,55.8,34.2,75.6,69.0,166.4,60.0,79.2,126.6,444.0,372.2,148.8,9.0,1706.4,18.0,310.4857142857143,364356.5510204083,476.425,97.74285714285715,577.8
2010.3,386.1,160.5,54.3,52.2,33.3,77.4,69.0,172.6,60.0,78.3,122.4,423.0,446.79999999999995,151.2,9.0,1682.1,18.0,296.15714285714284,326119.4081632654,451.325,98.11428571428571,569.7
1787.4,358.8,156.0,56.4,48.6,32.4,79.2,69.0,178.8,60.0,77.4,118.2,402.0,521.4,153.6,9.0,1657.8,18.0,281.8285714285714,287882.2653061225,426.225,98.48571428571428,561.6
1564.5,331.5,151.5,58.5,45.0,31.5,81.0,69.0,185.0,60.0,76.5,114.0,381.0,596.0,156.0,9.0,1633.5,18.0,267.5,249645.12244897964,401.125,98.85714285714286,553.5
1341.6,304.2,147.0,60.6,41.4,30.6,82.8,69.0,191.2,60.0,75.6,109.8,360.0,670.5999999999999,158.4,9.0,1609.2,18.0,253.17142857142858,211407.97959183675,376.025,99.22857142857143,545.4
1118.7,276.9,142.5,62.7,37.8,29.7,84.6,69.0,197.4,60.0,74.7,105.6,339.0,745.1999999999999,160.8,9.0,1584.9,18.0,238.84285714285716,173170.8367346939,350.92499999999995,99.6,537.3
895.8,249.6,138.0,64.8,34.2,28.8,86.4,69.0,203.6,60.0,73.8,101.4,318.0,819.8,163.2,9.0,1560.6,18.0,224.51428571428573,134933.693877551,325.825,99.97142857142856,529.2
672.8999999999999,222.29999999999998,133.5,66.9,30.6,27.9,88.2,69.0,209.8,60.0,72.9,97.19999999999999,297.0,894.4,165.6,9.0,1536.3,18.0,210.18571428571428,96696.55102040811,300.725,100.34285714285714,521.1
450.0,195.0,129.0,69.0,27.0,27.0,90.0,69.0,216.0,60.0,72.0,93.0,276.0,969.0,168.0,9.0,1512.0,18.0,195.85714285714286,58459.40816326529,275.625,100.71428571428571,513.0
422.4,187.2,314.1,72.6,27.0,31.5,87.3,68.5,216.0,60.4,70.2,88.8,276.0,969.0,176.1,12.6,1609.5,18.9,206.5,79624.18775510203,294.45,101.64285714285714,547.0
394.8,179.4,499.2,76.2,27.0,36.0,84.6,68.0,216.0,60.8,68.4,84.6,276.0,969.0,184.2,16.2,1707.0,19.8,217.14285714285714,100788.96734693876,313.275,102.57142857142857,581.0
367.2,171.6,684.3,79.8,27.0,40.5,81.9,67.5,216.0,61.2,66.6,80.4,276.0,969.0,192.3,19.8,1804.5,20.7,227.78571428571428,121953.7469387755,332.1,103.5,615.0
339.6,163.8,869.4,83.4,27.0,45.0,79.2,67.0,216.0,61.6,64.8,76.2,276.0,969.0,200.4,23.4,1902.0,21.6,238.42857142857144,143118.52653061223,350.925,104.42857142857143,649.0
312.0,156.0,1054.5,87.0,27.0,49.5,76.5,66.5,216.0,62.0,63.0,72.0,276.0,969.0,208.5,27.0,1999.5,22.5,249.07142857142856,164283.30612244896,369.75,105.35714285714286,683.0
284.4,148.2,1239.6,90.6,27.0,54.0,73.8,66.0,216.0,62.4,61.2,67.8,276.0,969.0,216.6,30.6,2097.0,23.4,259.7142857142857,185448.08571428573,388.575,106.28571428571428,717.0
256.79999999999995,140.4,1424.7,94.2,27.0,58.5,71.1,65.5,216.0,62.8,59.4,63.599999999999994,276.0,969.0,224.7,34.2,2194.5,24.3,270.3571428571429,206612.86530612246,407.4,107.21428571428571,751.0
229.2,132.6,1609.8,97.8,27.0,63.0,68.4,65.0,216.0,63.2,57.6,59.4,276.0,969.0,232.8,37.8,2292.0,25.2,281.0,227777.6448979592,426.225,108.14285714285714,785.0
201.6,124.8,1794.8999999999999,101.4,27.0,67.5,65.7,64.5,216.0,63.6,55.8,55.199999999999996,276.0,969.0,240.89999999999998,41.4,2389.5,26.1,291.6428571428571,248942.42448979593,445.04999999999995,109.07142857142857,819.0
174.0,117.0,1980.0,105.0,27.0,72.0,63.0,64.0,216.0,64.0,54.0,51.0,276.0,969.0,249.0,45.0,2487.0,27.0,302.2857142857143,270107.20408163266,463.875,110.0,853.0
166.8,108.3,1802.4,106.5,29.7,68.4,62.1,65.7,216.6,67.8,54.0,54.1,276.3,1100.1,245.1,49.2,2375.1,27.0,298.48571428571427,274873.0612244898,456.525,110.24285714285715,817.1
159.6,99.6,1624.8,108.0,32.4,64.8,61.2,67.4,217.2,71.6,54.0,57.2,276.6,1231.2,241.2,53.4,2263.2,27.0,294.68571428571425,279638.9183673469,449.175,110.48571428571428,781.2
152.4,90.9,1447.2,109.5,35.1,61.2,60.3,69.1,217.8,75.4,54.0,60.3,276.9,1362.3,237.3,57.6,2151.3,27.0,290.8857142857143,284404.7755102041,441.825,110.72857142857143,745.3
145.2,82.2,1269.6,111.0,37.8,57.6,59.4,70.8,218.4,79.2,54.0,63.4,277.2,1493.4,233.4,61.8,2039.4,27.0,287.0857142857143,289170.63265306124,434.475,110.97142857142858,709.4
138.0,73.5,1092.0,112.5,40.5,54.0,58.5,72.5,219.0,83.0,54.0,66.5,277.5,1624.5,229.5,66.0,1927.5,27.0,283.2857142857143,293936.48979591834,427.125,111.21428571428572,673.5
130.8,64.80000000000001,914.4000000000001,114.0,43.2,50.4,57.6,74.2,219.6,86.8,54.0,69.6,277.8,1755.6,225.6,70.2,1815.6,27.0,279.48571428571427,298702.3469387755,419.775,111.45714285714286,637.6
123.6,56.10000000000001,736.8,115.5,45.900000000000006,46.8,56.7,75.9,220.2,90.6,54.0,72.7,278.1,1886.6999999999998,221.7,74.4,1703.6999999999998,27.0,275.68571428571425,303468.20408163266,412.425,111.7,601.7
116.4,47.400000000000006,559.2,117.0,48.6,43.2,55.8,77.6,220.8,94.4,54.0,75.8,278.4,2017.8,217.8,78.6,1591.8,27.0,271.8857142857143,308234.0612244898,405.075,111.94285714285715,565.8
109.2,38.7,381.60000000000014,118.5,51.3,39.6,54.9,79.3,221.4,98.19999999999999,54.0,78.9,278.7,2148.8999999999996,213.9,82.80000000000001,1479.9,27.0,268.0857142857143,312999.9183673469,397.725,112.18571428571428,529.9000000000001
102.0,30.0,204.0,120.0,54.0,36.0,54.0,81.0,222.0,102.0,54.0,82.0,279.0,2280.0,210.0,87.0,1368.0,27.0,264.2857142857143,317765.7755102041,390.375,112.42857142857143,494.0
104.4,36.0,204.3,112.2,59.1,38.1,57.6,81.0,222.9,102.0,57.1,85.2,351.6,2199.3,370.8,84.3,1409.7,30.3,265.0571428571428,302599.82653061225,390.5625,136.72857142857143,508.1
106.8,42.0,204.6,104.4,64.2,40.2,61.2,81.0,223.8,102.0,60.2,88.4,424.2,2118.6,531.6,81.6,1451.4,33.6,265.8285714285714,287433.8775510204,390.75,161.02857142857144,522.2
109.2,48.0,204.9,96.6,69.3,42.3,64.8,81.0,224.7,102.0,63.3,91.6,496.79999999999995,2037.9,692.4000000000001,78.9,1493.1,36.9,266.6,272267.9285714286,390.9375,185.32857142857142,536.3
111.6,54.0,205.2,88.8,74.4,44.4,68.4,81.0,225.6,102.0,66.4,94.8,569.4,1957.2,853.2,76.2,1534.8,40.2,267.37142857142857,257101.97959183675,391.125,209.62857142857143,550.4
114.0,60.0,205.5,81.0,79.5,46.5,72.0,81.0,226.5,102.0,69.5,98.0,642.0,1876.5,1014.0,73.5,1576.5,43.5,268.1428571428571,241936.0306122449,391.3125,233.92857142857144,564.5
116.4,66.0,205.8,73.2,84.6,48.6,75.6,81.0,227.4,102.0,72.6,101.2,714.5999999999999,1795.8,1174.8000000000002,70.8,1618.2,46.8,268.9142857142857,226770.08163265305,391.5,258.22857142857146,578.6
118.8,72.0,206.1,65.4,89.69999999999999,50.7,79.2,81.0,228.3,102.0,75.7,104.4,787.1999999999999,1715.1,1335.6000000000001,68.1,1659.9,50.099999999999994,269.6857142857143,211604.1326530612,391.6875,282.5285714285714,592.7
121.2,78.0,206.4,57.6,94.8,52.8,82.8,81.0,229.2,102.0,78.8,107.6,859.8,1634.4,1496.4,65.4,1701.6,53.4,270.45714285714286,196438.18367346938,391.875,306.8285714285714,606.8
123.6,84.0,206.7,49.8,99.9,54.900000000000006,86.4,81.0,230.1,102.0,81.9,110.8,932.4,1553.6999999999998,1657.2,62.7,1743.3,56.7,271.2285714285714,181272.23469387754,392.0625,331.12857142857143,620.9
126.0,90.0,207.0,42.0,105.0,57.0,90.0,81.0,231.0,102.0,85.0,114.0,1005.0,1473.0,1818.0,60.0,1785.0,60.0,272.0,166106.2857142857,392.25,355.42857142857144,635.0
123.6,96.9,201.0,50.1,103.8,61.8,90.0,79.9,231.0,98.4,87.9,114.4,1022.1,1473.0,1743.9,54.9,1759.2,61.2,273.85,167788.3392857143,395.0625,345.3285714285714,625.1
121.2,103.8,195.0,58.2,102.6,66.6,90.0,78.8,231.0,94.8,90.8,114.8,1039.2,1473.0,1669.8,49.8,1733.4,62.4,275.7,169470.39285714284,397.875,335.22857142857146,615.2
118.8,110.7,189.0,66.3,101.4,71.4,90.0,77.7,231.0,91.2,93.7,115.2,1056.3,1473.0,1595.7,44.7,1707.6,63.6,277.55,171152.44642857142,400.6875,325.12857142857143,605.3
116.4,117.6,183.0,74.4,100.2,76.2,90.0,76.6,231.0,87.6,96.6,115.6,1073.4,1473.0,1521.6,39.6,1681.8,64.8,279.4,172834.5,403.5,315.0285714285714,595.4
114.0,124.5,177.0,82.5,99.0,81.0,90.0,75.5,231.0,84.0,99.5,116.0,1090.5,1473.0,1447.5,34.5,1656.0,66.0,281.25,174516.55357142858,406.3125,304.92857142857144,585.5
111.6,131.4,171.0,90.6,97.8,85.8,90.0,74.4,231.0,80.4,102.4,116.4,1107.6,1473.0,1373.4,29.400000000000002,1630.2,67.2,283.1,176198.60714285713,409.125,294.8285714285714,575.6
109.2,138.3,165.0,98.69999999999999,96.6,90.6,90.0,73.3,231.0,76.8,105.3,116.8,1124.7,1473.0,1299.3000000000002,24.300000000000004,1604.4,68.4,284.95,177880.6607142857,411.9375,284.7285714285714,565.7
106.8,145.2,159.0,106.8,95.4,95.4,90.0,72.2,231.0,73.2,108.2,117.2,1141.8,1473.0,1225.2,19.200000000000003,1578.6,69.6,286.8,179562.7142857143,414.75,274.62857142857143,555.8
104.4,152.1,153.0,114.89999999999999,94.2,100.19999999999999,90.0,71.1,231.0,69.6,111.1,117.6,1158.9,1473.0,1151.1,14.100000000000001,1552.8,70.8,288.65,181244.76785714284,417.5625,264.5285714285714,545.9
102.0,159.0,147.0,123.0,93.0,105.0,90.0,70.0,231.0,66.0,114.0,118.0,1176.0,1473.0,1077.0,9.0,1527.0,72.0,290.5,182926.82142857142,420.375,254.42857142857142,536.0
102.9,165.6,144.6,131.7,91.2,98.1,90.4,72.0,232.3,67.5,118.5,118.5,1128.6,1463.1,991.5,12.9,1463.7,66.6,287.5,176656.82142857142,414.7625,242.6285714285714,514.4
103.8,172.2,142.2,140.4,89.4,91.2,90.8,74.0,233.6,69.0,123.0,119.0,1081.2,1453.2,906.0,16.8,1400.4,61.2,284.5,170386.82142857142,409.15,230.82857142857142,492.8
104.7,178.8,139.8,149.1,87.6,84.3,91.2,76.0,234.9,70.5,127.5,119.5,1033.8,1443.3,820.5,20.7,1337.1,55.8,281.5,164116.82142857142,403.5375,219.0285714285714,471.2
105.6,185.4,137.4,157.8,85.8,77.4,91.6,78.0,236.2,72.0,132.0,120.0,986.4,1433.4,735.0,24.6,1273.8,50.4,278.5,157846.82142857142,397.925,207.2285714285714,449.6
106.5,192.0,135.0,166.5,84.0,70.5,92.0,80.0,237.5,73.5,136.5,120.5,939.0,1423.5,649.5,28.5,1210.5,45.0,275.5,151576.82142857142,392.3125,195.42857142857142,428.0
107.4,198.6,132.6,175.2,82.2,63.599999999999994,92.4,82.0,238.8,75.0,141.0,121.0,891.6,1413.6,564.0,32.4,1147.2,39.599999999999994,272.5,145306.82142857142,386.7,183.6285714285714,406.4
108.3,205.2,130.2,183.89999999999998,80.4,56.699999999999996,92.8,84.0,240.1,76.5,145.5,121.5,844.2,1403.7,478.5,36.3,1083.9,34.199999999999996,269.5,139036.82142857142,381.0875,171.82857142857142,384.79999999999995
109.2,211.8,127.8,192.6,78.6,49.8,93.2,86.0,241.4,78.0,150.0,122.0,796.8,1393.8,393.0,40.2,1020.6,28.799999999999997,266.5,132766.82142857142,375.475,160.0285714285714,363.2
110.1,218.4,125.4,201.3,76.8,42.9,93.6,88.0,242.7,79.5,154.5,122.5,749.4000000000001,1383.9,307.5,44.1,957.3000000000001,23.4,263.5,126496.82142857142,369.8625,148.2285714285714,341.6
111.0,225.0,123.0,210.0,75.0,36.0,94.0,90.0,244.0,81.0,159.0,123.0,702.0,1374.0,222.0,48.0,894.0,18.0,260.5,120226.82142857142,364.25,136.42857142857142,320.0
110.1,211.2,123.0,197.1,76.2,38.1,92.7,90.0,260.4,81.0,159.3,120.7,698.7,1358.1,211.8,48.6,839.1,21.0,258.3285714285714,118203.68469387754,358.3875,137.32857142857142,302.9
109.2,197.4,123.0,184.2,77.4,40.2,91.4,90.0,276.8,81.0,159.6,118.4,695.4,1342.2,201.6,49.2,784.2,24.0,256.15714285714284,116180.54795918366,352.525,138.22857142857143,285.8
108.3,183.6,123.0,171.3,78.6,42.3,90.1,90.0,293.2,81.0,159.9,116.1,692.1,1326.3,191.4,49.8,729.3,27.0,253.9857142857143,114157.4112244898,346.6625,139.1285714285714,268.7
107.4,169.8,123.0,158.4,79.8,44.4,88.8,90.0,309.6,81.0,160.2,113.8,688.8,1310.4,181.2,50.4,674.4,30.0,251.81428571428572,112134.27448979592,340.8,140.0285714285714,251.6
106.5,156.0,123.0,145.5,81.0,46.5,87.5,90.0,326.0,81.0,160.5,111.5,685.5,1294.5,171.0,51.0,619.5,33.0,249.64285714285714,110111.13775510204,334.9375,140.92857142857142,234.5
105.6,142.2,123.0,132.6,82.2,48.6,86.2,90.0,342.4,81.0,160.8,109.2,682.2,1278.6,160.8,51.6,564.6,36.0,247.47142857142856,108088.00102040816,329.075,141.82857142857142,217.39999999999998
104.7,128.39999999999998,123.0,119.7,83.4,50.7,84.9,90.0,358.79999999999995,81.0,161.1,106.9,678.9,1262.7,150.60000000000002,52.2,509.7,39.0,245.29999999999998,106064.86428571428,323.2125,142.72857142857143,200.29999999999998
103.8,114.6,123.0,106.8,84.6,52.8,83.6,90.0,375.2,81.0,161.4,104.6,675.6,1246.8,140.4,52.8,454.8,42.0,243.12857142857143,104041.72755102042,317.35,143.6285714285714,183.2
102.9,100.8,123.0,93.89999999999999,85.8,54.900000000000006,82.3,90.0,391.6,81.0,161.7,102.3,672.3,1230.9,130.2,53.4,399.90000000000003,45.0,240.95714285714286,102018.59081632654,311.4875,144.5285714285714,166.1
102.0,87.0,123.0,81.0,87.0,57.0,81.0,90.0,408.0,81.0,162.0,100.0,669.0,1215.0,120.0,54.0,345.0,48.0,238.78571428571428,99995.45408163266,305.625,145.42857142857142,149.0
100.8,87.9,118.2,77.7,91.2,54.0,80.1,86.4,408.0,82.9,153.3,97.8,669.0,1215.0,116.7,54.0,367.5,58.8,237.30714285714285,100425.98010204082,304.9875,142.72857142857143,160.1
99.6,88.8,113.4,74.4,95.4,51.0,79.2,82.8,408.0,84.8,144.6,95.6,669.0,1215.0,113.4,54.0,390.0,69.6,235.82857142857142,100856.50612244899,304.35,140.0285714285714,171.2
98.4,89.7,108.6,71.1,99.6,48.0,78.3,79.2,408.0,86.7,135.9,93.4,669.0,1215.0,110.1,54.0,412.5,80.4,234.35,101287.03214285715,303.7125,137.32857142857142,182.3
97.2,90.6,103.8,67.8,103.8,45.0,77.4,75.6,408.0,88.6,127.2,91.2,669.0,1215.0,106.8,54.0,435.0,91.2,232.87142857142857,101717.5581632653,303.075,134.62857142857143,193.4
96.0,91.5,99.0,64.5,108.0,42.0,76.5,72.0,408.0,90.5,118.5,89.0,669.0,1215.0,103.5,54.0,457.5,102.0,231.39285714285714,102148.08418367346,302.4375,131.92857142857142,204.5
94.8,92.4,94.2,61.2,112.2,39.0,75.6,68.4,408.0,92.4,109.80000000000001,86.8,669.0,1215.0,100.2,54.0,480.0,112.80000000000001,229.9142857142857,102578.61020408163,301.8,129.22857142857143,215.6
93.6,93.3,89.4,57.900000000000006,116.4,36.0,74.7,64.8,408.0,94.3,101.10000000000001,84.6,669.0,1215.0,96.9,54.0,502.5,123.60000000000001,228.43571428571428,103009.13622448979,301.1625,126.52857142857142,226.7
92.4,94.2,84.6,54.6,120.6,33.0,73.8,61.2,408.0,96.2,92.4,82.4,669.0,1215.0,93.6,54.0,525.0,134.4,226.95714285714286,103439.66224489795,300.525,123.82857142857142,237.8
91.2,95.1,79.80000000000001,51.3,124.80000000000001,30.0,72.9,57.6,408.0,98.1,83.7,80.2,669.0,1215.0,90.3,54.0,547.5,145.2,225.47857142857143,103870.18826530612,299.8875,121.12857142857143,248.89999999999998
90.0,96.0,75.0,48.0,129.0,27.0,72.0,54.0,408.0,100.0,75.0,78.0,669.0,1215.0,87.0,54.0,570.0,156.0,224.0,104300.71428571428,299.25,118.42857142857143,260.0
89.1,93.6,76.2,52.2,126.0,29.7,72.0,50.4,406.0,100.5,75.0,102.9,661.3,1227.0,88.8,54.0,528.3,149.7,225.85,105507.525,299.675,121.9,244.0
88.2,91.2,77.4,56.4,123.0,32.4,72.0,46.8,404.0,101.0,75.0,127.8,653.6,1239.0,90.6,54.0,486.6,143.4,227.7,106714.3357142857,300.1,125.37142857142857,228.0
87.3,88.8,78.6,60.6,120.0,35.1,72.0,43.2,402.0,101.5,75.0,152.7,645.9,1251.0,92.4,54.0,444.9,137.1,229.55,107921.14642857142,300.525,128.84285714285716,212.0
86.4,86.4,79.8,64.8,117.0,37.8,72.0,39.6,400.0,102.0,75.0,177.6,638.2,1263.0,94.2,54.0,403.2,130.8,231.4,109127.95714285714,300.95,132.31428571428572,196.0
85.5,84.0,81.0,69.0,114.0,40.5,72.0,36.0,398.0,102.5,75.0,202.5,630.5,1275.0,96.0,54.0,361.5,124.5,233.25,110334.76785714284,301.375,135.78571428571428,180.0
84.6,81.6,82.2,73.2,111.0,43.2,72.0,32.4,396.0,103.0,75.0,227.39999999999998,622.8,1287.0,97.8,54.0,319.79999999999995,118.2,235.1,111541.57857142856,301.8,139.25714285714287,164.0
83.7,79.2,83.4,77.4,108.0,45.900000000000006,72.0,28.8,394.0,103.5,75.0,252.29999999999998,615.1,1299.0,99.6,54.0,278.09999999999997,111.9,236.95,112748.38928571428,302.225,142.72857142857143,148.0
82.8,76.8,84.6,81.6,105.0,48.6,72.0,25.2,392.0,104.0,75.0,277.2,607.4,1311.0,101.4,54.0,236.39999999999998,105.6,238.8,113955.2,302.65,146.2,132.0
81.9,74.4,85.8,85.80000000000001,102.0,51.3,72.0,21.6,390.0,104.5,75.0,302.1,599.7,1323.0,103.2,54.0,194.7,99.30000000000001,240.65,115162.0107142857,303.075,149.67142857142858,116.0
81.0,72.0,87.0,90.0,99.0,54.0,72.0,18.0,388.0,105.0,75.0,327.0,592.0,1335.0,105.0,54.0,153.0,93.0,242.5,116368.82142857142,303.5,153.14285714285714,100.0
78.9,68.7,92.4,89.4,93.9,55.2,72.9,18.0,378.9,105.0,74.5,351.9,577.5,1338.9,114.0,55.2,171.3,89.4,242.57857142857142,117164.55969387754,301.575,156.78571428571428,105.3
76.8,65.4,97.8,88.8,88.8,56.4,73.8,18.0,369.8,105.0,74.0,376.8,563.0,1342.8,123.0,56.4,189.6,85.8,242.65714285714284,117960.29795918366,299.65,160.42857142857142,110.6
74.7,62.1,103.2,88.2,83.7,57.6,74.7,18.0,360.7,105.0,73.5,401.7,548.5,1346.7,132.0,57.6,207.9,82.2,242.7357142857143,118756.0362244898,297.725,164.07142857142858,115.9
72.6,58.8,108.6,87.6,78.6,58.8,75.6,18.0,351.6,105.0,73.0,426.6,534.0,1350.6,141.0,58.8,226.2,78.6,242.81428571428572,119551.77448979592,295.8,167.71428571428572,121.2
70.5,55.5,114.0,87.0,73.5,60.0,76.5,18.0,342.5,105.0,72.5,451.5,519.5,1354.5,150.0,60.0,244.5,75.0,242.89285714285714,120347.51275510204,293.875,171.35714285714286,126.5
68.4,52.2,119.4,86.4,68.4,61.2,77.4,18.0,333.4,105.0,72.0,476.4,505.0,1358.4,159.0,61.2,262.8,71.4,242.97142857142856,121143.25102040816,291.95,175.0,131.8
66.3,48.900000000000006,124.80000000000001,85.8,63.300000000000004,62.4,78.3,18.0,324.3,105.0,71.5,501.29999999999995,490.5,1362.3,168.0,62.4,281.1,67.8,243.04999999999998,121938.98928571428,290.025,178.64285714285714,137.1
64.2,45.6,130.2,85.2,58.2,63.6,79.2,18.0,315.2,105.0,71.0,526.2,476.0,1366.2,177.0,63.6,299.4,64.2,243.12857142857143,122734.72755102042,288.1,182.2857142857143,142.4
62.099999999999994,42.3,135.6,84.6,53.1,64.8,80.1,18.0,306.1,105.0,70.5,551.1,461.5,1370.1,186.0,64.8,317.70000000000005,60.6,243.20714285714286,123530.46581632654,286.175,185.92857142857144,147.7
60.0,39.0,141.0,84.0,48.0,66.0,81.0,18.0,297.0,105.0,70.0,576.0,447.0,1374.0,195.0,66.0,336.0,57.0,243.28571428571428,124326.20408163266,284.25,189.57142857142858,153.0
60.0,43.8,137.4,81.9,55.2,66.3,81.0,20.4,297.0,102.1,73.2,565.3,434.7,1374.0,184.2,66.3,312.3,59.1,242.30714285714285,123376.00867346939,283.5,186.92857142857144,145.9
60.0,48.6,133.8,79.8,62.4,66.6,81.0,22.8,297.0,99.2,76.4,554.6,422.4,1374.0,173.4,66.6,288.6,61.2,241.32857142857142,122425.81326530613,282.75,184.2857142857143,138.8
60.0,53.4,130.2,77.7,69.6,66.9,81.0,25.2,297.0,96.3,79.6,543.9,410.1,1374.0,162.6,66.9,264.9,63.3,240.35,121475.61785714286,282.0,181.64285714285714,131.7
60.0,58.2,126.6,75.6,76.8,67.2,81.0,27.6,297.0,93.4,82.8,533.2,397.8,1374.0,151.8,67.2,241.2,65.4,239.37142857142857,120525.4224489796,281.25,179.0,124.6
60.0,63.0,123.0,73.5,84.0,67.5,81.0,30.0,297.0,90.5,86.0,522.5,385.5,1374.0,141.0,67.5,217.5,67.5,238.39285714285714,119575.22704081633,280.5,176.35714285714286,117.5
60.0,67.8,119.4,71.4,91.2,67.8,81.0,32.4,297.0,87.6,89.2,511.8,373.2,1374.0,130.2,67.8,193.8,69.6,237.4142857142857,118625.03163265306,279.75,173.71428571428572,110.4
60.0,72.6,115.8,69.3,98.4,68.1,81.0,34.8,297.0,84.7,92.4,501.1,360.9,1374.0,119.39999999999999,68.1,170.1,71.7,236.43571428571428,117674.8362244898,279.0,171.07142857142858,103.30000000000001
60.0,77.4,112.2,67.2,105.6,68.4,81.0,37.2,297.0,81.8,95.6,490.4,348.6,1374.0,108.6,68.4,146.4,73.8,235.45714285714286,116724.64081632653,278.25,168.42857142857142,96.2
60.0,82.19999999999999,108.6,65.1,112.8,68.7,81.0,39.599999999999994,297.0,78.9,98.8,479.7,336.3,1374.0,97.8,68.7,122.70000000000002,75.9,234.47857142857143,115774.44540816327,277.5,165.78571428571428,89.1
60.0,87.0,105.0,63.0,120.0,69.0,81.0,42.0,297.0,76.0,102.0,469.0,324.0,1374.0,87.0,69.0,99.0,78.0,233.5,114824.25,276.75,163.14285714285714,82.0
57.0,92.1,101.1,63.9,119.7,68.1,82.3,46.8,296.5,73.5,118.8,458.4,328.8,1351.6,81.6,67.2,99.3,78.0,232.75714285714287,111210.47448979592,274.5625,163.38571428571427,81.5
54.0,97.2,97.2,64.8,119.4,67.2,83.6,51.6,296.0,71.0,135.6,447.8,333.6,1329.2,76.2,65.4,99.6,78.0,232.0142857142857,107596.69897959183,272.375,163.62857142857143,81.0
51.0,102.3,93.3,65.7,119.1,66.3,84.9,56.4,295.5,68.5,152.4,437.2,338.4,1306.8,70.8,63.6,99.9,78.0,231.27142857142857,103982.92346938775,270.1875,163.87142857142857,80.5
48.0,107.4,89.4,66.6,118.8,65.4,86.2,61.2,295.0,66.0,169.2,426.6,343.2,1284.4,65.4,61.8,100.2,78.0,230.52857142857144,100369.14795918367,268.0,164.11428571428573,80.0
45.0,112.5,85.5,67.5,118.5,64.5,87.5,66.0,294.5,63.5,186.0,416.0,348.0,1262.0,60.0,60.0,100.5,78.0,229.78571428571428,96755.37244897959,265.8125,164.35714285714286,79.5
42.0,117.6,81.6,68.4,118.2,63.6,88.8,70.8,294.0,61.0,202.8,405.4,352.8,1239.6,54.599999999999994,58.2,100.8,78.0,229.04285714285714,93141.5969387755,263.625,164.6,79.0
39.0,122.69999999999999,77.7,69.3,117.9,62.7,90.1,75.6,293.5,58.5,219.60000000000002,394.8,357.6,1217.2,49.199999999999996,56.4,101.1,78.0,228.3,89527.82142857143,261.4375,164.84285714285716,78.5
36.0,127.8,73.8,70.2,117.6,61.8,91.4,80.4,293.0,56.0,236.4,384.2,362.4,1194.8,43.8,54.6,101.4,78.0,227.55714285714288,85914.04591836735,259.25,165.0857142857143,78.0
33.0,132.9,69.9,71.1,117.3,60.9,92.7,85.19999999999999,292.5,53.5,253.20000000000002,373.6,367.2,1172.4,38.4,52.8,101.7,78.0,226.81428571428572,82300.27040816327,257.0625,165.32857142857145,77.5
30.0,138.0,66.0,72.0,117.0,60.0,94.0,90.0,292.0,51.0,270.0,363.0,372.0,1150.0,33.0,51.0,102.0,78.0,226.07142857142858,78686.49489795919,254.875,165.57142857142858,77.0
32.7,138.3,73.5,81.6,112.8,57.9,95.4,90.0,290.4,51.0,255.9,355.8,390.3,1083.0,53.4,54.0,98.7,75.0,222.04285714285714,73199.56224489796,250.95,164.9142857142857,75.9
35.4,138.6,81.0,91.2,108.6,55.8,96.8,90.0,288.8,51.0,241.8,348.6,408.6,1016.0,73.8,57.0,95.4,72.0,218.01428571428573,67712.62959183674,247.025,164.25714285714287,74.8
38.1,138.9,88.5,100.8,104.4,53.7,98.2,90.0,287.2,51.0,227.7,341.4,426.9,949.0,94.19999999999999,60.0,92.1,69.0,213.9857142857143,62225.69693877551,243.1,163.60000000000002,73.7
40.8,139.2,96.0,110.4,100.2,51.6,99.6,90.0,285.6,51.0,213.6,334.2,445.2,882.0,114.6,63.0,88.8,66.0,209.95714285714286,56738.764285714286,239.175,162.94285714285715,72.6
43.5,139.5,103.5,120.0,96.0,49.5,101.0,90.0,284.0,51.0,199.5,327.0,463.5,815.0,135.0,66.0,85.5,63.0,205.92857142857144,51251.83163265306,235.25,162.28571428571428,71.5
46.2,139.8,111.0,129.6,91.8,47.4,102.4,90.0,282.4,51.0,185.4,319.8,481.8,748.0,155.39999999999998,69.0,82.2,60.0,201.9,45764.89897959183,231.325,161.62857142857143,70.4
48.900000000000006,140.1,118.5,139.2,87.6,45.3,103.8,90.0,280.8,51.0,171.3,312.6,500.1,681.0,175.79999999999998,72.0,78.9,57.0,197.87142857142857,40277.96632653061,227.4,160.9714285714286,69.3
51.6,140.4,126.0,148.8,83.4,43.2,105.2,90.0,279.2,51.0,157.2,305.4,518.4,614.0,196.2,75.0,75.6,54.0,193.84285714285716,34791.033673469385,223.475,160.31428571428572,68.2
54.3,140.7,133.5,158.39999999999998,79.19999999999999,41.099999999999994,106.6,90.0,277.6,51.0,143.10000000000002,298.2,536.7,547.0,216.6,78.0,72.3,51.0,189.81428571428572,29304.10102040816,219.55,159.65714285714284,67.1
57.0,141.0,141.0,168.0,75.0,39.0,108.0,90.0,276.0,51.0,129.0,291.0,555.0,480.0,237.0,81.0,69.0,48.0,185.78571428571428,23817.168367346938,215.625,159.0,66.0
55.8,145.2,146.1,168.6,76.8,40.2,103.5,89.2,276.0,53.2,128.7,283.8,555.0,480.0,225.0,81.9,65.1,46.2,185.8642857142857,23728.59030612245,216.375,156.5857142857143,64.4
54.6,149.4,151.2,169.2,78.6,41.4,99.0,88.4,276.0,55.4,128.4,276.6,555.0,480.0,213.0,82.8,61.2,44.4,185.94285714285715,23640.012244897956,217.125,154.17142857142858,62.8
53.4,153.6,156.3,169.8,80.4,42.6,94.5,87.6,276.0,57.6,128.1,269.4,555.0,480.0,201.0,83.7,57.3,42.6,186.02142857142857,23551.434183673467,217.875,151.75714285714287,61.2
52.2,157.8,161.4,170.4,82.2,43.8,90.0,86.8,276.0,59.8,127.8,262.2,555.0,480.0,189.0,84.6,53.4,40.8,186.1,23462.85612244898,218.625,149.34285714285716,59.6
51.0,162.0,166.5,171.0,84.0,45.0,85.5,86.0,276.0,62.0,127.5,255.0,555.0,480.0,177.0,85.5,49.5,39.0,186.17857142857144,23374.27806122449,219.375,146.92857142857144,58.0
49.8,166.2,171.6,171.6,85.8,46.2,81.0,85.2,276.0,64.2,127.2,247.8,555.0,480.0,165.0,86.4,45.6,37.2,186.25714285714287,23285.699999999997,220.125,144.5142857142857,56.4
48.6,170.4,176.7,172.2,87.6,47.4,76.5,84.4,276.0,66.4,126.9,240.6,555.0,480.0,153.0,87.3,41.7,35.4,186.3357142857143,23197.121938775508,220.875,142.1,54.8
47.4,174.6,181.8,172.8,89.4,48.6,72.0,83.6,276.0,68.6,126.6,233.4,555.0,480.0,141.0,88.2,37.8,33.6,186.4142857142857,23108.54387755102,221.625,139.68571428571428,53.2
46.2,178.8,186.9,173.4,91.2,49.8,67.5,82.8,276.0,70.8,126.3,226.2,555.0,480.0,129.0,89.1,33.9,31.8,186.49285714285716,23019.965816326527,222.375,137.27142857142857,51.6
45.0,183.0,192.0,174.0,93.0,51.0,63.0,82.0,276.0,73.0,126.0,219.0,555.0,480.0,117.0,90.0,30.0,30.0,186.57142857142858,22931.387755102038,223.125,134.85714285714286,50.0
53.7,178.5,193.2,167.1,94.8,50.1,61.2,83.7,274.6,70.5,126.0,226.5,541.6,501.4,112.5,84.0,67.5,29.7,187.35000000000002,23626.186224489793,223.9375,134.84285714285716,60.4
62.4,174.0,194.4,160.2,96.6,49.2,59.4,85.4,273.2,68.0,126.0,234.0,528.2,522.8,108.0,78.0,105.0,29.4,188.12857142857143,24320.984693877548,224.75,134.82857142857142,70.8
71.1,169.5,195.6,153.3,98.4,48.3,57.6,87.1,271.8,65.5,126.0,241.5,514.8,544.2,103.5,72.0,142.5,29.1,188.90714285714287,25015.783163265303,225.5625,134.81428571428572,81.2
79.8,165.0,196.8,146.4,100.2,47.4,55.8,88.8,270.4,63.0,126.0,249.0,501.4,565.6,99.0,66.0,180.0,28.8,189.68571428571428,25710.58163265306,226.375,134.8,91.6
88.5,160.5,198.0,139.5,102.0,46.5,54.0,90.5,269.0,60.5,126.0,256.5,488.0,587.0,94.5,60.0,217.5,28.5,190.46428571428572,26405.380102040814,227.1875,134.78571428571428,102.0
97.19999999999999,156.0,199.2,132.6,103.8,45.6,52.2,92.2,267.6,58.0,126.0,264.0,474.6,608.4,90.0,54.0,255.0,28.2,191.24285714285716,27100.17857142857,228.0,134.77142857142857,112.4
105.89999999999999,151.5,200.4,125.69999999999999,105.6,44.7,50.4,93.9,266.2,55.5,126.0,271.5,461.2,629.8,85.5,48.0,292.5,27.9,192.02142857142857,27794.977040816324,228.8125,134.75714285714287,122.8
114.6,147.0,201.6,118.8,107.4,43.8,48.6,95.6,264.8,53.0,126.0,279.0,447.8,651.2,81.0,42.0,330.0,27.6,192.8,28489.77551020408,229.625,134.74285714285716,133.2
123.3,142.5,202.8,111.9,109.2,42.9,46.8,97.3,263.4,50.5,126.0,286.5,434.4,672.6,76.5,36.0,367.5,27.3,193.57857142857142,29184.573979591834,230.4375,134.72857142857143,143.60000000000002
132.0,138.0,204.0,105.0,111.0,42.0,45.0,99.0,262.0,48.0,126.0,294.0,421.0,694.0,72.0,30.0,405.0,27.0,194.35714285714286,29879.37244897959,231.25,134.71428571428572,154.0
129.9,138.3,205.2,102.6,105.3,43.8,47.7,99.0,253.5,48.0,126.0,301.5,402.0,695.1,70.8,36.0,387.0,33.3,192.70714285714286,29749.376020408163,228.2625,134.65714285714287,152.1
127.8,138.6,206.4,100.2,99.6,45.6,50.4,99.0,245.0,48.0,126.0,309.0,383.0,696.2,69.6,42.0,369.0,39.6,191.05714285714285,29619.379591836732,225.275,134.6,150.2
125.7,138.9,207.6,97.8,93.9,47.4,53.1,99.0,236.5,48.0,126.0,316.5,364.0,697.3,68.4,48.0,351.0,45.9,189.40714285714287,29489.383163265302,222.2875,134.54285714285714,148.3
123.6,139.2,208.8,95.4,88.2,49.2,55.8,99.0,228.0,48.0,126.0,324.0,345.0,698.4,67.2,54.0,333.0,52.2,187.75714285714287,29359.386734693875,219.3,134.4857142857143,146.4
121.5,139.5,210.0,93.0,82.5,51.0,58.5,99.0,219.5,48.0,126.0,331.5,326.0,699.5,66.0,60.0,315.0,58.5,186.10714285714286,29229.39030612245,216.3125,134.42857142857144,144.5
119.4,139.8,211.2,90.6,76.8,52.8,61.2,99.0,211.0,48.0,126.0,339.0,307.0,700.6,64.8,66.0,297.0,64.8,184.45714285714286,29099.393877551018,213.325,134.37142857142857,142.6
117.3,140.1,212.4,88.2,71.1,54.6,63.900000000000006,99.0,202.5,48.0,126.0,346.5,288.0,701.7,63.6,72.0,279.0,71.1,182.80714285714285,28969.397448979587,210.3375,134.31428571428572,140.7
115.2,140.4,213.6,85.8,65.4,56.4,66.6,99.0,194.0,48.0,126.0,354.0,269.0,702.8,62.4,78.0,261.0,77.4,181.15714285714287,28839.40102040816,207.35,134.25714285714287,138.8
113.1,140.7,214.8,83.4,59.699999999999996,58.2,69.3,99.0,185.5,48.0,126.0,361.5,250.0,703.9,61.2,84.0,243.0,83.69999999999999,179.50714285714287,28709.404591836734,204.3625,134.2,136.9
111.0,141.0,216.0,81.0,54.0,60.0,72.0,99.0,177.0,48.0,126.0,369.0,231.0,705.0,60.0,90.0,225.0,90.0,177.85714285714286,28579.408163265303,201.375,134.14285714285714,135.0
104.7,157.5,209.1,80.7,52.2,60.6,72.0,98.5,177.0,50.8,120.6,354.4,221.4,705.0,59.4,92.7,228.3,92.1,176.03571428571428,28534.118877551016,200.325,131.6142857142857,137.7
98.4,174.0,202.2,80.4,50.4,61.2,72.0,98.0,177.0,53.6,115.2,339.8,211.8,705.0,58.8,95.4,231.6,94.2,174.21428571428572,28488.829591836733,199.275,129.0857142857143,140.4
92.1,190.5,195.3,80.1,48.6,61.8,72.0,97.5,177.0,56.4,109.8,325.2,202.2,705.0,58.2,98.1,234.9,96.3,172.39285714285714,28443.540306122446,198.225,126.55714285714285,143.1
85.8,207.0,188.4,79.8,46.8,62.4,72.0,97.0,177.0,59.2,104.4,310.6,192.6,705.0,57.6,100.8,238.2,98.4,170.57142857142858,28398.251020408163,197.175,124.02857142857142,145.8
79.5,223.5,181.5,79.5,45.0,63.0,72.0,96.5,177.0,62.0,99.0,296.0,183.0,705.0,57.0,103.5,241.5,100.5,168.75,28352.961734693876,196.125,121.5,148.5
73.2,240.0,174.6,79.2,43.2,63.6,72.0,96.0,177.0,64.8,93.6,281.4,173.4,705.0,56.4,106.2,244.8,102.6,166.92857142857142,28307.67244897959,195.075,118.97142857142858,151.2
66.9,256.5,167.7,78.9,41.4,64.2,72.0,95.5,177.0,67.6,88.19999999999999,266.8,163.8,705.0,55.8,108.9,248.1,104.7,165.10714285714286,28262.383163265305,194.025,116.44285714285715,153.9
60.6,273.0,160.8,78.6,39.6,64.8,72.0,95.0,177.0,70.4,82.8,252.2,154.2,705.0,55.2,111.6,251.4,106.8,163.28571428571428,28217.09387755102,192.975,113.91428571428571,156.6
54.300000000000004,289.5,153.9,78.3,37.8,65.4,72.0,94.5,177.0,73.2,77.4,237.6,144.60000000000002,705.0,54.6,114.3,254.7,108.9,161.46428571428572,28171.804591836735,191.925,111.38571428571429,159.3
48.0,306.0,147.0,78.0,36.0,66.0,72.0,94.0,177.0,76.0,72.0,223.0,135.0,705.0,54.0,117.0,258.0,111.0,159.64285714285714,28126.51530612245,190.875,108.85714285714286,162.0
54.3,302.4,143.4,75.0,37.8,65.4,72.4,91.5,178.9,77.4,76.5,208.5,132.3,704.7,61.5,109.5,240.9,102.9,158.60714285714286,27997.069897959183,190.2875,108.52857142857144,151.1
60.6,298.8,139.8,72.0,39.6,64.8,72.8,89.0,180.8,78.8,81.0,194.0,129.6,704.4,69.0,102.0,223.8,94.8,157.57142857142856,27867.62448979592,189.7,108.2,140.2
66.9,295.2,136.2,69.0,41.4,64.2,73.2,86.5,182.7,80.2,85.5,179.5,126.9,704.1,76.5,94.5,206.7,86.7,156.53571428571428,27738.179081632654,189.1125,107.87142857142857,129.3
73.2,291.6,132.6,66.0,43.2,63.6,73.6,84.0,184.6,81.6,90.0,165.0,124.2,703.8,84.0,87.0,189.6,78.6,155.5,27608.73367346939,188.525,107.54285714285714,118.4
79.5,288.0,129.0,63.0,45.0,63.0,74.0,81.5,186.5,83.0,94.5,150.5,121.5,703.5,91.5,79.5,172.5,70.5,154.46428571428572,27479.288265306124,187.9375,107.21428571428572,107.5
85.8,284.4,125.4,60.0,46.8,62.4,74.4,79.0,188.4,84.4,99.0,136.0,118.8,703.2,99.0,72.0,155.39999999999998,62.400000000000006,153.42857142857142,27349.842857142856,187.35,106.88571428571429,96.6
92.1,280.8,121.8,57.0,48.6,61.8,74.8,76.5,190.3,85.8,103.5,121.5,116.1,702.9,106.5,64.5,138.29999999999998,54.300000000000004,152.39285714285714,27220.39744897959,186.7625,106.55714285714285,85.7
98.4,277.2,118.2,54.0,50.4,61.2,75.2,74.0,192.2,87.2,108.0,107.0,113.4,702.6,114.0,57.0,121.19999999999999,46.2,151.35714285714286,27090.952040816326,186.175,106.22857142857143,74.8
104.69999999999999,273.6,114.6,51.0,52.2,60.6,75.6,71.5,194.1,88.6,112.5,92.5,110.7,702.3,121.5,49.5,104.1,38.10000000000001,150.32142857142856,26961.50663265306,185.5875,105.9,63.89999999999999
111.0,270.0,111.0,48.0,54.0,60.0,76.0,69.0,196.0,90.0,117.0,78.0,108.0,702.0,129.0,42.0,87.0,30.0,149.28571428571428,26832.061224489797,185.0,105.57142857142857,53.0
111.3,261.3,112.8,52.8,51.3,62.4,80.1,69.0,198.0,90.0,113.7,79.3,113.1,680.4,122.7,38.7,80.1,30.0,148.25,25291.218877551022,182.8875,105.0142857142857,49.6
111.6,252.6,114.6,57.6,48.6,64.8,84.2,69.0,200.0,90.0,110.4,80.6,118.2,658.8,116.4,35.4,73.2,30.0,147.2142857142857,23750.376530612244,180.775,104.45714285714286,46.2
111.9,243.9,116.4,62.4,45.9,67.2,88.3,69.0,202.0,90.0,107.1,81.9,123.3,637.2,110.1,32.1,66.3,30.0,146.17857142857142,22209.53418367347,178.6625,103.9,42.8
112.2,235.2,118.2,67.2,43.2,69.6,92.4,69.0,204.0,90.0,103.8,83.2,128.4,615.6,103.8,28.8,59.4,30.0,145.14285714285714,20668.691836734695,176.55,103.34285714285714,39.4
112.5,226.5,120.0,72.0,40.5,72.0,96.5,69.0,206.0,90.0,100.5,84.5,133.5,594.0,97.5,25.5,52.5,30.0,144.10714285714283,19127.849489795917,174.4375,102.78571428571428,36.0
112.8,217.8,121.8,76.8,37.8,74.4,100.6,69.0,208.0,90.0,97.2,85.8,138.6,572.4,91.2,22.200000000000003,45.599999999999994,30.0,143.07142857142856,17587.007142857143,172.325,102.22857142857143,32.6
113.1,209.10000000000002,123.6,81.6,35.099999999999994,76.8,104.69999999999999,69.0,210.0,90.0,93.9,87.1,143.7,550.8,84.9,18.900000000000002,38.699999999999996,30.0,142.03571428571428,16046.164795918367,170.2125,101.67142857142858,29.2
113.4,200.4,125.4,86.4,32.4,79.2,108.8,69.0,212.0,90.0,90.6,88.4,148.8,529.2,78.6,15.600000000000001,31.799999999999997,30.0,141.0,14505.32244897959,168.1,101.11428571428571,25.8
113.7,191.7,127.2,91.19999999999999,29.7,81.6,112.9,69.0,214.0,90.0,87.3,89.7,153.9,507.6,72.30000000000001,12.3,24.9,30.0,139.9642857142857,12964.480102040814,165.9875,100.55714285714285,22.400000000000002
114.0,183.0,129.0,96.0,27.0,84.0,117.0,69.0,216.0,90.0,84.0,91.0,159.0,486.0,66.0,9.0,18.0,30.0,138.92857142857142,11423.63775510204,163.875,100.0,19.0
105.3,169.8,125.4,98.1,24.3,83.4,115.2,72.6,216.0,94.8,82.5,92.4,159.0,486.0,61.2,13.2,17.1,29.7,137.48571428571427,11556.541836734692,160.3875,100.41428571428571,20.0
96.6,156.6,121.8,100.2,21.6,82.8,113.4,76.2,216.0,99.6,81.0,93.8,159.0,486.0,56.4,17.4,16.2,29.4,136.04285714285714,11689.445918367346,156.9,100.82857142857142,21.0
87.9,143.4,118.2,102.3,18.9,82.2,111.6,79.8,216.0,104.4,79.5,95.2,159.0,486.0,51.6,21.6,15.3,29.1,134.6,11822.349999999999,153.4125,101.24285714285715,22.0
79.2,130.2,114.6,104.4,16.2,81.6,109.8,83.4,216.0,109.2,78.0,96.6,159.0,486.0,46.8,25.8,14.4,28.8,133.15714285714284,11955.254081632653,149.925,101.65714285714286,23.0
70.5,117.0,111.0,106.5,13.5,81.0,108.0,87.0,216.0,114.0,76.5,98.0,159.0,486.0,42.0,30.0,13.5,28.5,131.71428571428572,12088.158163265305,146.4375,102.07142857142857,24.0
61.800000000000004,103.80000000000001,107.4,108.6,10.799999999999997,80.4,106.2,90.6,216.0,118.8,75.0,99.4,159.0,486.0,37.2,34.2,12.6,28.2,130.27142857142857,12221.062244897957,142.95,102.48571428571428,25.0
53.10000000000001,90.60000000000001,103.8,110.7,8.099999999999998,79.8,104.4,94.2,216.0,123.6,73.5,100.8,159.0,486.0,32.4,38.400000000000006,11.7,27.9,128.82857142857142,12353.966326530612,139.4625,102.89999999999999,26.0
44.400000000000006,77.4,100.2,112.8,5.399999999999999,79.2,102.6,97.8,216.0,128.4,72.0,102.2,159.0,486.0,27.6,42.6,10.8,27.6,127.38571428571429,12486.870408163264,135.975,103.31428571428572,27.0
35.7,64.2,96.6,114.9,2.6999999999999993,78.6,100.8,101.4,216.0,133.2,70.5,103.6,159.0,486.0,22.800000000000004,46.800000000000004,9.9,27.3,125.94285714285714,12619.774489795918,132.4875,103.72857142857143,28.0
27.0,51.0,93.0,117.0,0.0,78.0,99.0,105.0,216.0,138.0,69.0,105.0,159.0,486.0,18.0,51.0,9.0,27.0,124.5,12752.67857142857,129.0,104.14285714285714,29.0
34.2,49.8,91.2,116.7,0.9,75.0,95.4,97.5,212.1,140.7,69.0,112.5,157.5,487.8,19.8,55.8,9.0,25.2,124.30714285714285,12886.920918367347,129.1875,103.8,30.0
41.4,48.6,89.4,116.4,1.8,72.0,91.8,90.0,208.2,143.4,69.0,120.0,156.0,489.6,21.6,60.6,9.0,23.4,124.11428571428571,13021.163265306122,129.375,103.45714285714286,31.0
48.6,47.4,87.6,116.1,2.7,69.0,88.2,82.5,204.3,146.1,69.0,127.5,154.5,491.4,23.4,65.4,9.0,21.6,123.92142857142858,13155.405612244896,129.5625,103.11428571428571,32.0
55.8,46.2,85.8,115.8,3.6,66.0,84.6,75.0,200.4,148.8,69.0,135.0,153.0,493.2,25.2,70.2,9.0,19.8,123.72857142857143,13289.647959183672,129.75,102.77142857142857,33.0
63.0,45.0,84.0,115.5,4.5,63.0,81.0,67.5,196.5,151.5,69.0,142.5,151.5,495.0,27.0,75.0,9.0,18.0,123.53571428571428,13423.890306122448,129.9375,102.42857142857142,34.0
70.2,43.8,82.2,115.2,5.4,60.0,77.4,60.0,192.6,154.2,69.0,150.0,150.0,496.8,28.8,79.8,9.0,16.2,123.34285714285714,13558.132653061224,130.125,102.08571428571427,35.0
77.4,42.6,80.4,114.9,6.3,57.0,73.8,52.5,188.7,156.9,69.0,157.5,148.5,498.6,30.6,84.6,9.0,14.4,123.15,13692.375,130.3125,101.74285714285713,36.0
84.6,41.4,78.6,114.6,7.2,54.0,70.2,45.0,184.8,159.6,69.0,165.0,147.0,500.4,32.4,89.4,9.0,12.6,122.95714285714286,13826.617346938774,130.5,101.39999999999999,37.0
91.8,40.2,76.8,114.3,8.1,51.0,66.6,37.5,180.9,162.3,69.0,172.5,145.5,502.2,34.2,94.19999999999999,9.0,10.8,122.7642857142857,13960.85969387755,130.6875,101.05714285714285,38.0
99.0,39.0,75.0,114.0,9.0,48.0,63.0,30.0,177.0,165.0,69.0,180.0,144.0,504.0,36.0,99.0,9.0,9.0,122.57142857142857,14095.102040816326,130.875,100.71428571428571,39.0
100.2,48.0,76.2,109.2,9.0,49.2,65.7,30.0,173.1,165.0,71.1,187.5,134.1,497.1,34.2,94.8,12.0,11.1,122.52857142857142,13795.218367346939,129.9375,101.44285714285714,39.3
101.4,57.0,77.4,104.4,9.0,50.4,68.4,30.0,169.2,165.0,73.2,195.0,124.2,490.2,32.4,90.6,15.0,13.2,122.48571428571428,13495.33469387755,129.0,102.17142857142856,39.6
102.6,66.0,78.6,99.6,9.0,51.6,71.1,30.0,165.3,165.0,75.3,202.5,114.3,483.3,30.6,86.4,18.0,15.3,122.44285714285714,13195.451020408163,128.0625,102.89999999999999,39.9
103.8,75.0,79.8,94.8,9.0,52.8,73.8,30.0,161.4,165.0,77.4,210.0,104.4,476.4,28.8,82.2,21.0,17.4,122.39999999999999,12895.567346938775,127.125,103.62857142857142,40.2
105.0,84.0,81.0,90.0,9.0,54.0,76.5,30.0,157.5,165.0,79.5,217.5,94.5,469.5,27.0,78.0,24.0,19.5,122.35714285714286,12595.683673469388,126.1875,104.35714285714286,40.5
106.2,93.0,82.2,85.2,9.0,55.2,79.2,30.0,153.6,165.0,81.6,225.0,84.6,462.6,25.2,73.8,27.0,21.6,122.31428571428572,12295.8,125.25,105.08571428571429,40.8
107.4,102.0,83.4,80.4,9.0,56.4,81.9,30.0,149.7,165.0,83.7,232.5,74.7,455.7,23.4,69.6,30.0,23.700000000000003,122.27142857142857,11995.916326530612,124.3125,105.81428571428572,41.1
108.6,111.0,84.6,75.6,9.0,57.6,84.6,30.0,145.8,165.0,85.8,240.0,64.8,448.8,21.6,65.4,33.0,25.8,122.22857142857143,11696.032653061226,123.375,106.54285714285714,41.4
109.8,120.0,85.8,70.80000000000001,9.0,58.8,87.3,30.0,141.9,165.0,87.9,247.5,54.89999999999999,441.9,19.8,61.199999999999996,36.0,27.900000000000002,122.18571428571428,11396.148979591837,122.4375,107.27142857142857,41.7
111.0,129.0,87.0,66.0,9.0,60.0,90.0,30.0,138.0,165.0,90.0,255.0,45.0,435.0,18.0,57.0,39.0,30.0,122.14285714285714,11096.26530612245,121.5,108.0,42.0
111.9,120.9,90.0,66.3,9.9,59.1,90.0,31.3,138.0,158.1,95.4,249.0,51.6,435.0,16.2,53.1,41.1,34.8,121.89285714285714,10959.447448979594,121.95,106.72857142857143,43.0
112.8,112.8,93.0,66.6,10.8,58.2,90.0,32.6,138.0,151.2,100.8,243.0,58.2,435.0,14.4,49.2,43.2,39.6,121.64285714285714,10822.629591836736,122.4,105.45714285714286,44.0
113.7,104.7,96.0,66.9,11.7,57.3,90.0,33.9,138.0,144.3,106.2,237.0,64.8,435.0,12.6,45.3,45.3,44.4,121.39285714285714,10685.811734693878,122.85,104.18571428571428,45.0
114.6,96.6,99.0,67.2,12.6,56.4,90.0,35.2,138.0,137.4,111.6,231.0,71.4,435.0,10.8,41.4,47.4,49.2,121.14285714285714,10548.993877551022,123.3,102.91428571428571,46.0
115.5,88.5,102.0,67.5,13.5,55.5,90.0,36.5,138.0,130.5,117.0,225.0,78.0,435.0,9.0,37.5,49.5,54.0,120.89285714285714,10412.176020408166,123.75,101.64285714285714,47.0
116.4,80.4,105.0,67.8,14.4,54.6,90.0,37.8,138.0,123.6,122.4,219.0,84.6,435.0,7.199999999999999,33.6,51.6,58.8,120.64285714285714,10275.358163265308,124.2,100.37142857142858,48.0
117.3,72.30000000000001,108.0,68.1,15.3,53.7,90.0,39.1,138.0,116.69999999999999,127.80000000000001,213.0,91.19999999999999,435.0,5.4,29.7,53.7,63.6,120.39285714285714,10138.54030612245,124.65,99.10000000000001,49.0
118.2,64.2,111.0,68.4,16.2,52.8,90.0,40.4,138.0,109.8,133.2,207.0,97.8,435.0,3.5999999999999996,25.8,55.8,68.4,120.14285714285714,10001.722448979594,125.1,97.82857142857144,50.0
119.1,56.10000000000001,114.0,68.7,17.1,51.9,90.0,41.7,138.0,102.9,138.6,201.0,104.4,435.0,1.8000000000000007,21.9,57.900000000000006,73.19999999999999,119.89285714285714,9864.904591836737,125.55,96.55714285714286,51.0
120.0,48.0,117.0,69.0,18.0,51.0,90.0,43.0,138.0,96.0,144.0,195.0,111.0,435.0,0.0,18.0,60.0,78.0,119.64285714285714,9728.08673469388,126.0,95.28571428571429,52.0
121.5,53.7,115.8,68.1,21.6,48.0,90.9,50.7,141.0,88.5,139.8,189.0,107.1,421.5,0.0,20.7,58.8,78.0,118.37142857142857,9211.270408163267,125.025,93.85714285714286,52.5
123.0,59.4,114.6,67.2,25.2,45.0,91.8,58.4,144.0,81.0,135.6,183.0,103.2,408.0,0.0,23.4,57.6,78.0,117.1,8694.454081632655,124.05,92.42857142857143,53.0
124.5,65.1,113.4,66.3,28.8,42.0,92.7,66.1,147.0,73.5,131.4,177.0,99.3,394.5,0.0,26.1,56.4,78.0,115.82857142857142,8177.637755102042,123.075,91.0,53.5
126.0,70.8,112.2,65.4,32.4,39.0,93.6,73.8,150.0,66.0,127.2,171.0,95.4,381.0,0.0,28.8,55.2,78.0,114.55714285714285,7660.821428571429,122.1,89.57142857142857,54.0
127.5,76.5,111.0,64.5,36.0,36.0,94.5,81.5,153.0,58.5,123.0,165.0,91.5,367.5,0.0,31.5,54.0,78.0,113.28571428571428,7144.005102040817,121.125,88.14285714285714,54.5
129.0,82.2,109.8,63.6,39.6,33.0,95.4,89.2,156.0,51.0,118.8,159.0,87.6,354.0,0.0,34.2,52.8,78.0,112.01428571428572,6627.188775510205,120.15,86.71428571428572,55.0
130.5,87.9,108.6,62.7,43.2,30.0,96.3,96.9,159.0,43.5,114.6,153.0,83.7,340.5,0.0,36.900000000000006,51.6,78.0,110.74285714285715,6110.372448979593,119.175,85.28571428571429,55.5
132.0,93.6,107.4,61.8,46.8,27.0,97.2,104.6,162.0,36.0,110.4,147.0,79.8,327.0,0.0,39.6,50.4,78.0,109.47142857142858,5593.55612244898,118.2,83.85714285714286,56.0
133.5,99.30000000000001,106.2,60.9,50.4,24.0,98.1,112.3,165.0,28.5,106.19999999999999,141.0,75.9,313.5,0.0,42.3,49.2,78.0,108.2,5076.739795918368,117.225,82.42857142857143,56.5
135.0,105.0,105.0,60.0,54.0,21.0,99.0,120.0,168.0,21.0,102.0,135.0,72.0,300.0,0.0,45.0,48.0,78.0,106.92857142857143,4559.923469387755,116.25,81.0,57.0
133.8,100.5,102.6,66.6,59.7,24.0,97.2,120.0,170.4,21.0,97.2,131.8,72.9,282.9,3.0,46.2,47.4,74.1,105.75714285714285,4276.505102040816,114.525,81.05714285714285,55.9
132.6,96.0,100.2,73.2,65.4,27.0,95.4,120.0,172.8,21.0,92.4,128.6,73.8,265.8,6.0,47.4,46.8,70.2,104.58571428571429,3993.0867346938776,112.8,81.11428571428571,54.8
131.4,91.5,97.8,79.8,71.1,30.0,93.6,120.0,175.2,21.0,87.6,125.4,74.7,248.7,9.0,48.6,46.2,66.3,103.41428571428571,3709.668367346939,111.075,81.17142857142858,53.7
130.2,87.0,95.4,86.4,76.8,33.0,91.8,120.0,177.6,21.0,82.8,122.2,75.6,231.6,12.0,49.8,45.6,62.4,102.24285714285715,3426.25,109.35,81.22857142857143,52.6
129.0,82.5,93.0,93.0,82.5,36.0,90.0,120.0,180.0,21.0,78.0,119.0,76.5,214.5,15.0,51.0,45.0,58.5,101.07142857142857,3142.831632653061,107.625,81.28571428571428,51.5
127.8,78.0,90.6,99.6,88.2,39.0,88.2,120.0,182.4,21.0,73.2,115.8,77.4,197.39999999999998,18.0,52.2,44.4,54.6,99.89999999999999,2859.4132653061224,105.9,81.34285714285714,50.4
126.6,73.5,88.2,106.19999999999999,93.9,42.0,86.4,120.0,184.8,21.0,68.4,112.6,78.3,180.29999999999998,21.0,53.4,43.8,50.7,98.72857142857143,2575.9948979591836,104.175,81.4,49.3
125.4,69.0,85.8,112.8,99.6,45.0,84.6,120.0,187.2,21.0,63.6,109.4,79.2,163.2,24.0,54.6,43.2,46.8,97.55714285714285,2292.576530612245,102.45,81.45714285714286,48.2
124.2,64.5,83.4,119.4,105.30000000000001,48.0,82.8,120.0,189.6,21.0,58.800000000000004,106.2,80.1,146.1,27.0,55.8,42.6,42.9,96.38571428571429,2009.158163265306,100.725,81.5142857142857,47.1
123.0,60.0,81.0,126.0,111.0,51.0,81.0,120.0,192.0,21.0,54.0,103.0,81.0,129.0,30.0,57.0,42.0,39.0,95.21428571428571,1725.7397959183672,99.0,81.57142857142857,46.0
122.4,63.3,85.5,121.5,111.3,47.7,81.0,115.8,192.0,21.7,50.7,99.9,81.0,129.0,43.5,58.8,44.1,44.1,94.48571428571428,1760.1295918367346,99.375,81.61428571428571,49.0
121.8,66.6,90.0,117.0,111.6,44.4,81.0,111.6,192.0,22.4,47.4,96.8,81.0,129.0,57.0,60.6,46.2,49.2,93.75714285714285,1794.519387755102,99.75,81.65714285714286,52.0
121.2,69.9,94.5,112.5,111.9,41.1,81.0,107.4,192.0,23.1,44.1,93.7,81.0,129.0,70.5,62.4,48.3,54.3,93.02857142857142,1828.9091836734692,100.125,81.7,55.0
120.6,73.2,99.0,108.0,112.2,37.8,81.0,103.2,192.0,23.8,40.8,90.6,81.0,129.0,84.0,64.2,50.4,59.4,92.3,1863.2989795918365,100.5,81.74285714285715,58.0
120.0,76.5,103.5,103.5,112.5,34.5,81.0,99.0,192.0,24.5,37.5,87.5,81.0,129.0,97.5,66.0,52.5,64.5,91.57142857142857,1897.6887755102039,100.875,81.78571428571428,61.0
119.4,79.8,108.0,99.0,112.8,31.200000000000003,81.0,94.8,192.0,25.2,34.2,84.4,81.0,129.0,111.0,67.8,54.6,69.6,90.84285714285714,1932.0785714285712,101.25,81.82857142857142,64.0
118.8,83.1,112.5,94.5,113.1,27.900000000000002,81.0,90.6,192.0,25.9,30.900000000000002,81.3,81.0,129.0,124.5,69.6,56.7,74.69999999999999,90.11428571428571,1966.4683673469385,101.625,81.87142857142857,67.0
118.2,86.4,117.0,90.0,113.4,24.6,81.0,86.4,192.0,26.6,27.6,78.2,81.0,129.0,138.0,71.4,58.8,79.8,89.38571428571429,2000.8581632653058,102.0,81.91428571428571,70.0
117.6,89.7,121.5,85.5,113.7,21.3,81.0,82.19999999999999,192.0,27.3,24.3,75.1,81.0,129.0,151.5,73.2,60.900000000000006,84.9,88.65714285714286,2035.2479591836732,102.375,81.95714285714286,73.0
117.0,93.0,126.0,81.0,114.0,18.0,81.0,78.0,192.0,28.0,21.0,72.0,81.0,129.0,165.0,75.0,63.0,90.0,87.92857142857143,2069.6377551020405,102.75,82.0,76.0
119.1,89.4,128.7,77.4,111.0,17.1,81.9,75.9,193.9,26.1,21.0,73.5,81.4,130.2,153.3,73.8,62.1,87.9,87.61428571428571,2186.1765306122447,102.3875,80.11428571428571,74.6
121.2,85.8,131.4,73.8,108.0,16.2,82.8,73.8,195.8,24.2,21.0,75.0,81.8,131.4,141.6,72.6,61.2,85.8,87.3,2302.7153061224485,102.025,78.22857142857143,73.2
123.3,82.2,134.1,70.2,105.0,15.3,83.7,71.7,197.7,22.3,21.0,76.5,82.2,132.6,129.9,71.4,60.3,83.7,86.9857142857143,2419.2540816326527,101.6625,76.34285714285714,71.8
125.4,78.6,136.8,66.6,102.0,14.4,84.6,69.6,199.6,20.4,21.0,78.0,82.6,133.8,118.2,70.2,59.4,81.6,86.67142857142858,2535.7928571428565,101.3,74.45714285714286,70.4
127.5,75.0,139.5,63.0,99.0,13.5,85.5,67.5,201.5,18.5,21.0,79.5,83.0,135.0,106.5,69.0,58.5,79.5,86.35714285714286,2652.3316326530608,100.9375,72.57142857142857,69.0
129.6,71.4,142.2,59.4,96.0,12.6,86.4,65.4,203.4,16.6,21.0,81.0,83.4,136.2,94.80000000000001,67.8,57.6,77.4,86.04285714285714,2768.870408163265,100.575,70.68571428571428,67.6
131.7,67.8,144.9,55.8,93.0,11.7,87.3,63.3,205.3,14.700000000000001,21.0,82.5,83.8,137.4,83.10000000000001,66.6,56.7,75.3,85.72857142857143,2885.4091836734688,100.2125,68.8,66.2
133.8,64.2,147.6,52.2,90.0,10.8,88.2,61.2,207.2,12.8,21.0,84.0,84.2,138.6,71.4,65.4,55.8,73.2,85.41428571428573,3001.947959183673,99.85,66.91428571428571,64.8
135.9,60.6,150.3,48.6,87.0,9.9,89.1,59.099999999999994,209.1,10.900000000000002,21.0,85.5,84.6,139.8,59.7,64.2,54.9,71.1,85.10000000000001,3118.486734693877,99.4875,65.02857142857144,63.4
138.0,57.0,153.0,45.0,84.0,9.0,90.0,57.0,211.0,9.0,21.0,87.0,85.0,141.0,48.0,63.0,54.0,69.0,84.78571428571429,3235.025510204081,99.125,63.142857142857146,62.0
139.2,58.8,144.0,51.6,84.6,11.1,89.1,57.0,208.5,9.0,31.9,88.5,85.5,136.8,54.9,63.9,49.5,68.1,85.4,3106.9153061224483,98.7,65.84285714285714,60.5
140.4,60.6,135.0,58.2,85.2,13.2,88.2,57.0,206.0,9.0,42.8,90.0,86.0,132.6,61.8,64.8,45.0,67.2,86.01428571428572,2978.8051020408157,98.275,68.54285714285714,59.0
141.6,62.4,126.0,64.8,85.8,15.3,87.3,57.0,203.5,9.0,53.7,91.5,86.5,128.4,68.7,65.7,40.5,66.3,86.62857142857143,2850.694897959183,97.85,71.24285714285715,57.5
142.8,64.2,117.0,71.4,86.4,17.4,86.4,57.0,201.0,9.0,64.6,93.0,87.0,124.2,75.6,66.6,36.0,65.4,87.24285714285715,2722.5846938775503,97.425,73.94285714285715,56.0
144.0,66.0,108.0,78.0,87.0,19.5,85.5,57.0,198.5,9.0,75.5,94.5,87.5,120.0,82.5,67.5,31.5,64.5,87.85714285714286,2594.474489795918,97.0,76.64285714285714,54.5
145.2,67.8,99.0,84.6,87.6,21.6,84.6,57.0,196.0,9.0,86.4,96.0,88.0,115.8,89.4,68.4,27.0,63.6,88.47142857142858,2466.3642857142854,96.575,79.34285714285714,53.0
146.4,69.6,90.0,91.19999999999999,88.2,23.700000000000003,83.7,57.0,193.5,9.0,97.3,97.5,88.5,111.6,96.30000000000001,69.3,22.5,62.7,89.08571428571429,2338.2540816326527,96.15,82.04285714285714,51.5
147.6,71.4,81.0,97.8,88.8,25.8,82.8,57.0,191.0,9.0,108.2,99.0,89.0,107.4,103.2,70.2,18.0,61.8,89.7,2210.14387755102,95.725,84.74285714285713,50.0
148.8,73.2,72.0,104.4,89.4,27.900000000000002,81.9,57.0,188.5,9.0,119.10000000000001,100.5,89.5,103.19999999999999,110.1,71.1,13.5,60.9,90.31428571428572,2082.0336734693874,95.3,87.44285714285714,48.5
150.0,75.0,63.0,111.0,90.0,30.0,81.0,57.0,186.0,9.0,130.0,102.0,90.0,99.0,117.0,72.0,9.0,60.0,90.92857142857143,1953.9234693877547,94.875,90.14285714285714,47.0
140.7,74.4,59.4,111.6,88.2,36.6,81.0,57.4,186.0,10.9,127.2,105.1,91.2,99.0,108.0,70.5,15.3,57.0,90.62142857142857,1920.8433673469385,93.1875,90.17142857142856,47.6
131.4,73.8,55.8,112.2,86.4,43.2,81.0,57.8,186.0,12.8,124.4,108.2,92.4,99.0,99.0,69.0,21.6,54.0,90.31428571428572,1887.763265306122,91.5,90.2,48.2
122.1,73.2,52.2,112.8,84.6,49.8,81.0,58.2,186.0,14.7,121.6,111.3,93.6,99.0,90.0,67.5,27.9,51.0,90.00714285714287,1854.683163265306,89.8125,90.22857142857143,48.8
112.8,72.6,48.6,113.4,82.8,56.4,81.0,58.6,186.0,16.6,118.8,114.4,94.8,99.0,81.0,66.0,34.2,48.0,89.7,1821.6030612244897,88.125,90.25714285714285,49.4
103.5,72.0,45.0,114.0,81.0,63.0,81.0,59.0,186.0,18.5,116.0,117.5,96.0,99.0,72.0,64.5,40.5,45.0,89.39285714285714,1788.5229591836733,86.4375,90.28571428571428,50.0
94.19999999999999,71.4,41.4,114.6,79.2,69.6,81.0,59.4,186.0,20.4,113.2,120.6,97.2,99.0,63.0,63.0,46.8,42.0,89.08571428571429,1755.442857142857,84.75,90.31428571428572,50.6
84.89999999999999,70.8,37.8,115.2,77.4,76.19999999999999,81.0,59.8,186.0,22.299999999999997,110.4,123.7,98.4,99.0,54.0,61.5,53.1,39.0,88.77857142857144,1722.3627551020409,83.0625,90.34285714285714,51.2
75.6,70.2,34.2,115.8,75.6,82.8,81.0,60.2,186.0,24.2,107.6,126.8,99.6,99.0,45.0,60.0,59.4,36.0,88.47142857142858,1689.2826530612247,81.375,90.37142857142857,51.8
66.3,69.6,30.6,116.4,73.8,89.4,81.0,60.6,186.0,26.099999999999998,104.8,129.9,100.8,99.0,36.0,58.5,65.69999999999999,33.0,88.16428571428571,1656.2025510204082,79.6875,90.4,52.4
57.0,69.0,27.0,117.0,72.0,96.0,81.0,61.0,186.0,28.0,102.0,133.0,102.0,99.0,27.0,57.0,72.0,30.0,87.85714285714286,1623.122448979592,78.0,90.42857142857143,53.0
63.3,69.0,30.9,117.0,71.1,102.3,84.1,60.6,184.5,35.1,102.9,136.2,108.3,99.6,26.1,54.9,69.6,27.0,90.35000000000001,1610.7984693877552,80.4125,92.52857142857142,50.5
69.6,69.0,34.8,117.0,70.2,108.6,87.2,60.2,183.0,42.2,103.8,139.4,114.6,100.2,25.2,52.8,67.2,24.0,92.84285714285714,1598.4744897959185,82.825,94.62857142857143,48.0
75.9,69.0,38.7,117.0,69.3,114.9,90.3,59.8,181.5,49.3,104.7,142.6,120.9,100.8,24.3,50.7,64.8,21.0,95.33571428571429,1586.1505102040817,85.2375,96.72857142857143,45.5
82.2,69.0,42.6,117.0,68.4,121.2,93.4,59.4,180.0,56.4,105.6,145.8,127.2,101.4,23.4,48.6,62.4,18.0,97.82857142857144,1573.826530612245,87.65,98.82857142857144,43.0
88.5,69.0,46.5,117.0,67.5,127.5,96.5,59.0,178.5,63.5,106.5,149.0,133.5,102.0,22.5,46.5,60.0,15.0,100.32142857142858,1561.5025510204082,90.0625,100.92857142857143,40.5
94.8,69.0,50.4,117.0,66.6,133.8,99.6,58.6,177.0,70.6,107.4,152.2,139.8,102.6,21.6,44.4,57.6,12.0,102.81428571428572,1549.1785714285713,92.475,103.02857142857144,38.0
101.1,69.0,54.3,117.0,65.7,140.1,102.7,58.2,175.5,77.69999999999999,108.3,155.4,146.1,103.2,20.7,42.3,55.2,9.0,105.30714285714286,1536.8545918367347,94.8875,105.12857142857143,35.5
107.4,69.0,58.2,117.0,64.8,146.4,105.8,57.8,174.0,84.8,109.2,158.6,152.4,103.8,19.8,40.2,52.8,6.0,107.80000000000001,1524.5306122448978,97.3,107.22857142857143,33.0
113.69999999999999,69.0,62.1,117.0,63.9,152.7,108.9,57.4,172.5,91.9,110.1,161.8,158.7,104.4,18.9,38.099999999999994,50.400000000000006,3.0,110.29285714285714,1512.2066326530612,99.7125,109.32857142857144,30.5
120.0,69.0,66.0,117.0,63.0,159.0,112.0,57.0,171.0,99.0,111.0,165.0,165.0,105.0,18.0,36.0,48.0,0.0,112.78571428571429,1499.8826530612243,102.125,111.42857142857143,28.0
120.3,71.7,66.9,113.7,61.5,155.4,108.9,57.0,163.2,99.0,104.7,163.6,156.6,113.7,18.0,36.9,45.0,2.7,111.15714285714286,1499.019387755102,101.6625,108.7,28.2
120.6,74.4,67.8,110.4,60.0,151.8,105.8,57.0,155.4,99.0,98.4,162.2,148.2,122.4,18.0,37.8,42.0,5.4,109.52857142857144,1498.1561224489794,101.2,105.97142857142858,28.4
120.9,77.1,68.7,107.1,58.5,148.2,102.7,57.0,147.6,99.0,92.1,160.8,139.8,131.1,18.0,38.7,39.0,8.100000000000001,107.9,1497.292857142857,100.7375,103.24285714285715,28.6
121.2,79.8,69.6,103.8,57.0,144.6,99.6,57.0,139.8,99.0,85.8,159.4,131.4,139.8,18.0,39.6,36.0,10.8,106.27142857142857,1496.4295918367345,100.275,100.51428571428572,28.8
121.5,82.5,70.5,100.5,55.5,141.0,96.5,57.0,132.0,99.0,79.5,158.0,123.0,148.5,18.0,40.5,33.0,13.5,104.64285714285714,1495.566326530612,99.8125,97.78571428571428,29.0
121.8,85.2,71.4,97.2,54.0,137.4,93.4,57.0,124.2,99.0,73.2,156.6,114.6,157.2,18.0,41.4,30.0,16.200000000000003,103.01428571428572,1494.7030612244898,99.35,95.05714285714285,29.2
122.1,87.9,72.3,93.9,52.5,133.8,90.3,57.0,116.4,99.0,66.9,155.2,106.19999999999999,165.89999999999998,18.0,42.3,27.0,18.900000000000002,101.38571428571429,1493.8397959183674,98.8875,92.32857142857142,29.4
122.4,90.6,73.2,90.6,51.0,130.2,87.2,57.0,108.6,99.0,60.6,153.8,97.8,174.6,18.0,43.2,24.0,21.6,99.75714285714285,1492.976530612245,98.425,89.6,29.6
122.7,93.3,74.1,87.3,49.5,126.6,84.1,57.0,100.8,99.0,54.300000000000004,152.4,89.39999999999999,183.3,18.0,44.1,21.0,24.3,98.12857142857143,1492.1132653061225,97.9625,86.87142857142857,29.8
123.0,96.0,75.0,84.0,48.0,123.0,81.0,57.0,93.0,99.0,48.0,151.0,81.0,192.0,18.0,45.0,18.0,27.0,96.5,1491.25,97.5,84.14285714285714,30.0
122.7,96.3,73.2,84.3,47.7,117.6,78.3,61.8,93.0,102.1,46.8,149.7,81.0,192.0,19.8,45.0,18.3,27.0,96.17857142857143,1508.0454081632652,96.9375,84.39999999999999,30.1
122.4,96.6,71.4,84.6,47.4,112.2,75.6,66.6,93.0,105.2,45.6,148.4,81.0,192.0,21.6,45.0,18.6,27.0,95.85714285714286,1524.8408163265306,96.375,84.65714285714286,30.2
122.1,96.9,69.6,84.9,47.1,106.8,72.9,71.4,93.0,108.3,44.4,147.1,81.0,192.0,23.4,45.0,18.9,27.0,95.53571428571429,1541.636224489796,95.8125,84.91428571428571,30.3
121.8,97.2,67.8,85.2,46.8,101.4,70.2,76.2,93.0,111.4,43.2,145.8,81.0,192.0,25.2,45.0,19.2,27.0,95.21428571428572,1558.4316326530611,95.25,85.17142857142856,30.4
121.5,97.5,66.0,85.5,46.5,96.0,67.5,81.0,93.0,114.5,42.0,144.5,81.0,192.0,27.0,45.0,19.5,27.0,94.89285714285714,1575.2270408163263,94.6875,85.42857142857142,30.5
121.2,97.8,64.2,85.8,46.2,90.6,64.8,85.8,93.0,117.6,40.8,143.2,81.0,192.0,28.8,45.0,19.8,27.0,94.57142857142857,1592.0224489795917,94.125,85.68571428571428,30.6
120.9,98.1,62.4,86.1,45.9,85.19999999999999,62.099999999999994,90.6,93.0,120.7,39.6,141.9,81.0,192.0,30.6,45.0,20.1,27.0,94.25,1608.817857142857,93.5625,85.94285714285714,30.7
120.6,98.4,60.6,86.4,45.6,79.8,59.4,95.4,93.0,123.8,38.4,140.6,81.0,192.0,32.4,45.0,20.4,27.0,93.92857142857143,1625.6132653061222,93.0,86.19999999999999,30.8
120.3,98.7,58.8,86.7,45.3,74.4,56.7,100.19999999999999,93.0,126.9,37.2,139.3,81.0,192.0,34.2,45.0,20.7,27.0,93.60714285714286,1642.4086734693874,92.4375,86.45714285714286,30.9
120.0,99.0,57.0,87.0,45.0,69.0,54.0,105.0,93.0,130.0,36.0,138.0,81.0,192.0,36.0,45.0,21.0,27.0,93.28571428571429,1659.2040816326528,91.875,86.71428571428571,31.0
117.0,98.4,58.8,87.6,46.8,66.0,55.8,110.7,97.9,134.7,36.0,136.8,83.4,187.0,37.2,45.3,21.9,25.2,94.06428571428572,1670.276020408163,91.85,88.47142857142856,30.8
114.0,97.8,60.6,88.2,48.6,63.0,57.6,116.4,102.8,139.4,36.0,135.6,85.8,182.0,38.4,45.6,22.8,23.4,94.84285714285714,1681.347959183673,91.825,90.22857142857143,30.6
111.0,97.2,62.4,88.8,50.4,60.0,59.4,122.1,107.7,144.1,36.0,134.4,88.2,177.0,39.6,45.9,23.7,21.6,95.62142857142858,1692.4198979591833,91.8,91.98571428571428,30.4
108.0,96.6,64.2,89.4,52.2,57.0,61.2,127.8,112.6,148.8,36.0,133.2,90.6,172.0,40.8,46.2,24.6,19.8,96.4,1703.4918367346936,91.775,93.74285714285715,30.2
105.0,96.0,66.0,90.0,54.0,54.0,63.0,133.5,117.5,153.5,36.0,132.0,93.0,167.0,42.0,46.5,25.5,18.0,97.17857142857143,1714.5637755102039,91.75,95.5,30.0
102.0,95.4,67.8,90.6,55.8,51.0,64.8,139.2,122.4,158.2,36.0,130.8,95.4,162.0,43.2,46.8,26.4,16.2,97.95714285714286,1725.635714285714,91.725,97.25714285714287,29.8
99.0,94.8,69.6,91.2,57.6,48.0,66.6,144.9,127.30000000000001,162.9,36.0,129.6,97.8,157.0,44.4,47.1,27.3,14.4,98.73571428571428,1736.7076530612242,91.7,99.01428571428572,29.6
96.0,94.2,71.4,91.8,59.4,45.0,68.4,150.6,132.2,167.6,36.0,128.4,100.2,152.0,45.6,47.4,28.2,12.6,99.51428571428572,1747.7795918367344,91.675,100.77142857142857,29.4
93.0,93.6,73.2,92.4,61.2,42.0,70.2,156.3,137.1,172.3,36.0,127.2,102.6,147.0,46.8,47.7,29.1,10.8,100.29285714285714,1758.8515306122445,91.65,102.52857142857144,29.2
90.0,93.0,75.0,93.0,63.0,39.0,72.0,162.0,142.0,177.0,36.0,126.0,105.0,142.0,48.0,48.0,30.0,9.0,101.07142857142857,1769.9234693877547,91.625,104.28571428571429,29.0
