S-01,S-03,S-04,S-05,S-06,S-07,S-08,S-09,S-11,S-12,S-13,S-14,S-15,S-BU1,Average,Variance,Zone 1,Zone 2,Zone 3,Zone 4
0.0,13.0,27.0,0.0,48.0,75.0,0.0,0.0,0.0,21.0,0.0,0.0,0.0,24.0,14.153846153846153,512.5917159763314,3.5,32.6,0.0,6.0
0.0,14.4,27.0,0.0,48.0,71.7,0.0,3.3,0.0,18.9,0.0,0.9,0.0,26.4,14.169230769230769,492.36923076923085,3.3,32.88,0.0,6.6
0.0,15.8,27.0,0.0,48.0,68.4,0.0,6.6,0.0,16.8,0.0,1.8,0.0,28.8,14.184615384615384,472.14674556213026,3.1,33.160000000000004,0.0,7.2
0.0,17.2,27.0,0.0,48.0,65.1,0.0,9.899999999999999,0.0,14.7,0.0,2.7,0.0,31.2,14.2,451.9242603550297,2.9,33.44,0.0,7.8
0.0,18.6,27.0,0.0,48.0,61.8,0.0,13.2,0.0,12.6,0.0,3.6,0.0,33.6,14.215384615384615,431.701775147929,2.7,33.72,0.0,8.4
0.0,20.0,27.0,0.0,48.0,58.5,0.0,16.5,0.0,10.5,0.0,4.5,0.0,36.0,14.23076923076923,411.47928994082844,2.5,34.0,0.0,9.0
0.0,21.4,27.0,0.0,48.0,55.2,0.0,19.799999999999997,0.0,8.399999999999999,0.0,5.4,0.0,38.4,14.246153846153847,391.25680473372785,2.3,34.28,0.0,9.6
0.0,22.799999999999997,27.0,0.0,48.0,51.900000000000006,0.0,23.099999999999998,0.0,6.299999999999999,0.0,6.3,0.0,40.8,14.261538461538462,371.0343195266272,2.0999999999999996,34.56,0.0,10.2
0.0,24.2,27.0,0.0,48.0,48.6,0.0,26.4,0.0,4.199999999999999,0.0,7.2,0.0,43.2,14.276923076923078,350.8118343195266,1.9,34.839999999999996,0.0,10.8
0.0,25.6,27.0,0.0,48.0,45.3,0.0,29.7,0.0,2.099999999999998,0.0,8.1,0.0,45.599999999999994,14.292307692307693,330.589349112426,1.7,35.12,0.0,11.399999999999999
0.0,27.0,27.0,0.0,48.0,42.0,0.0,33.0,0.0,0.0,0.0,9.0,0.0,48.0,14.307692307692308,310.36686390532543,1.5,35.4,0.0,12.0
0.0,25.2,25.2,0.0,46.0,37.8,0.0,29.7,1.8,0.9,0.0,9.0,11.1,45.6,14.361538461538462,363.0816568047337,3.8,32.78,0.0,11.4
0.0,23.4,23.4,0.0,44.0,33.6,0.0,26.4,3.6,1.8,0.0,9.0,22.2,43.2,14.415384615384616,415.796449704142,6.1,30.159999999999997,0.0,10.8
0.0,21.6,21.6,0.0,42.0,29.4,0.0,23.1,5.4,2.7,0.0,9.0,33.3,40.8,14.46923076923077,468.51124260355033,8.399999999999999,27.54,0.0,10.2
0.0,19.8,19.8,0.0,40.0,25.2,0.0,19.8,7.2,3.6,0.0,9.0,44.4,38.4,14.523076923076923,521.2260355029587,10.7,24.919999999999998,0.0,9.6
0.0,18.0,18.0,0.0,38.0,21.0,0.0,16.5,9.0,4.5,0.0,9.0,55.5,36.0,14.576923076923077,573.9408284023668,13.0,22.299999999999997,0.0,9.0
0.0,16.2,16.2,0.0,36.0,16.799999999999997,0.0,13.200000000000003,10.8,5.4,0.0,9.0,66.6,33.6,14.630769230769232,626.6556213017752,15.299999999999999,19.68,0.0,8.4
0.0,14.4,14.4,0.0,34.0,12.599999999999998,0.0,9.900000000000002,12.6,6.3,0.0,9.0,77.7,31.2,14.684615384615386,679.3704142011835,17.599999999999998,17.06,0.0,7.8
0.0,12.6,12.6,0.0,32.0,8.399999999999999,0.0,6.600000000000001,14.4,7.2,0.0,9.0,88.8,28.8,14.73846153846154,732.0852071005918,19.9,14.439999999999998,0.0,7.2
0.0,10.8,10.8,0.0,30.0,4.199999999999996,0.0,3.3000000000000007,16.2,8.1,0.0,9.0,99.89999999999999,26.400000000000002,14.792307692307693,784.8000000000001,22.2,11.819999999999997,0.0,6.6000000000000005
0.0,9.0,9.0,0.0,28.0,0.0,0.0,0.0,18.0,9.0,0.0,9.0,111.0,24.0,14.846153846153847,837.5147928994083,24.5,9.2,0.0,6.0
0.9,9.9,9.0,0.4,26.1,0.0,0.0,0.0,18.0,9.0,0.0,10.8,111.0,21.6,15.007692307692308,834.6497041420118,24.8,9.0,0.65,5.4
1.8,10.8,9.0,0.8,24.2,0.0,0.0,0.0,18.0,9.0,0.0,12.6,111.0,19.2,15.169230769230769,831.7846153846154,25.1,8.799999999999999,1.3,4.8
2.7,11.7,9.0,1.2000000000000002,22.3,0.0,0.0,0.0,18.0,9.0,0.0,14.4,111.0,16.8,15.330769230769231,828.919526627219,25.4,8.6,1.9500000000000002,4.2
3.6,12.6,9.0,1.6,20.4,0.0,0.0,0.0,18.0,9.0,0.0,16.2,111.0,14.4,15.492307692307692,826.0544378698226,25.7,8.4,2.6,3.6
4.5,13.5,9.0,2.0,18.5,0.0,0.0,0.0,18.0,9.0,0.0,18.0,111.0,12.0,15.653846153846153,823.189349112426,26.0,8.2,3.25,3.0
5.4,14.4,9.0,2.4000000000000004,16.6,0.0,0.0,0.0,18.0,9.0,0.0,19.8,111.0,9.600000000000001,15.815384615384614,820.3242603550297,26.3,8.0,3.9000000000000004,2.4000000000000004
6.3,15.3,9.0,2.8000000000000003,14.700000000000001,0.0,0.0,0.0,18.0,9.0,0.0,21.6,111.0,7.199999999999999,15.976923076923075,817.4591715976333,26.6,7.8,4.55,1.7999999999999998
7.2,16.2,9.0,3.2,12.8,0.0,0.0,0.0,18.0,9.0,0.0,23.4,111.0,4.800000000000001,16.138461538461538,814.5940828402368,26.9,7.6,5.2,1.2000000000000002
8.1,17.1,9.0,3.6,10.900000000000002,0.0,0.0,0.0,18.0,9.0,0.0,25.2,111.0,2.400000000000002,16.299999999999997,811.7289940828402,27.2,7.4,5.8500000000000005,0.6000000000000005
9.0,18.0,9.0,4.0,9.0,0.0,0.0,0.0,18.0,9.0,0.0,27.0,111.0,0.0,16.46153846153846,808.8639053254439,27.5,7.2,6.5,0.0
9.0,18.0,10.3,3.6,10.2,0.0,0.0,3.3,16.2,8.1,0.0,26.1,99.9,0.0,15.746153846153845,740.414201183432,25.05,8.36,6.3,0.0
9.0,18.0,11.6,3.2,11.4,0.0,0.0,6.6,14.4,7.2,0.0,25.2,88.8,0.0,15.030769230769229,671.9644970414201,22.6,9.52,6.1,0.0
9.0,18.0,12.9,2.8,12.6,0.0,0.0,9.899999999999999,12.6,6.3,0.0,24.3,77.7,0.0,14.315384615384614,603.5147928994083,20.15,10.68,5.9,0.0
9.0,18.0,14.2,2.4,13.8,0.0,0.0,13.2,10.8,5.4,0.0,23.4,66.6,0.0,13.6,535.0650887573966,17.7,11.84,5.7,0.0
9.0,18.0,15.5,2.0,15.0,0.0,0.0,16.5,9.0,4.5,0.0,22.5,55.5,0.0,12.884615384615383,466.61538461538464,15.25,13.0,5.5,0.0
9.0,18.0,16.8,1.5999999999999996,16.2,0.0,0.0,19.799999999999997,7.199999999999999,3.5999999999999996,0.0,21.6,44.400000000000006,0.0,12.169230769230769,398.16568047337284,12.799999999999999,14.16,5.3,0.0
9.0,18.0,18.1,1.1999999999999997,17.4,0.0,0.0,23.099999999999998,5.4,2.7,0.0,20.7,33.3,0.0,11.453846153846154,329.715976331361,10.349999999999998,15.32,5.1,0.0
9.0,18.0,19.4,0.7999999999999998,18.6,0.0,0.0,26.4,3.5999999999999996,1.7999999999999998,0.0,19.8,22.200000000000003,0.0,10.73846153846154,261.26627218934914,7.899999999999999,16.48,4.9,0.0
9.0,18.0,20.700000000000003,0.3999999999999999,19.799999999999997,0.0,0.0,29.7,1.8000000000000007,0.9000000000000004,0.0,18.9,11.100000000000009,0.0,10.023076923076923,192.81656804733734,5.449999999999999,17.64,4.7,0.0
9.0,18.0,22.0,0.0,21.0,0.0,0.0,33.0,0.0,0.0,0.0,18.0,0.0,0.0,9.307692307692308,124.36686390532546,3.0,18.8,4.5,0.0
10.2,18.0,19.8,1.8,24.0,0.9,0.0,35.1,0.9,0.9,0.9,18.0,0.0,0.0,10.03846153846154,140.12307692307695,3.45,19.560000000000002,6.0,0.0
11.4,18.0,17.6,3.6,27.0,1.8,0.0,37.2,1.8,1.8,1.8,18.0,0.0,0.0,10.76923076923077,155.87928994082841,3.9,20.32,7.5,0.0
12.6,18.0,15.399999999999999,5.4,30.0,2.7,0.0,39.3,2.7,2.7,2.7,18.0,0.0,0.0,11.5,171.6355029585799,4.35,21.08,9.0,0.0
13.8,18.0,13.2,7.2,33.0,3.6,0.0,41.4,3.6,3.6,3.6,18.0,0.0,0.0,12.230769230769232,187.3917159763314,4.8,21.84,10.5,0.0
15.0,18.0,11.0,9.0,36.0,4.5,0.0,43.5,4.5,4.5,4.5,18.0,0.0,0.0,12.961538461538463,203.14792899408286,5.25,22.6,12.0,0.0
16.2,18.0,8.799999999999999,10.8,39.0,5.4,0.0,45.6,5.4,5.4,5.4,18.0,0.0,0.0,13.692307692307693,218.90414201183435,5.7,23.36,13.5,0.0
17.4,18.0,6.599999999999998,12.6,42.0,6.3,0.0,47.7,6.3,6.3,6.3,18.0,0.0,0.0,14.423076923076923,234.66035502958584,6.15,24.119999999999997,15.0,0.0
18.6,18.0,4.399999999999999,14.4,45.0,7.2,0.0,49.8,7.2,7.2,7.2,18.0,0.0,0.0,15.153846153846155,250.4165680473373,6.6,24.88,16.5,0.0
19.799999999999997,18.0,2.1999999999999993,16.2,48.0,8.1,0.0,51.900000000000006,8.1,8.1,8.1,18.0,0.0,0.0,15.884615384615387,266.17278106508877,7.05,25.64,18.0,0.0
21.0,18.0,0.0,18.0,51.0,9.0,0.0,54.0,9.0,9.0,9.0,18.0,0.0,0.0,16.615384615384617,281.9289940828403,7.5,26.4,19.5,0.0
21.9,17.1,1.8,17.1,55.5,9.0,0.0,50.7,9.0,9.0,9.0,18.0,0.9,0.4,16.846153846153847,308.4816568047338,7.65,26.82,19.5,0.1
22.8,16.2,3.6,16.2,60.0,9.0,0.0,47.4,9.0,9.0,9.0,18.0,1.8,0.8,17.076923076923077,335.0343195266273,7.8,27.24,19.5,0.2
23.7,15.3,5.4,15.3,64.5,9.0,0.0,44.1,9.0,9.0,9.0,18.0,2.7,1.2000000000000002,17.30769230769231,361.5869822485208,7.95,27.66,19.5,0.30000000000000004
24.6,14.4,7.2,14.4,69.0,9.0,0.0,40.8,9.0,9.0,9.0,18.0,3.6,1.6,17.53846153846154,388.1396449704143,8.1,28.08,19.5,0.4
25.5,13.5,9.0,13.5,73.5,9.0,0.0,37.5,9.0,9.0,9.0,18.0,4.5,2.0,17.76923076923077,414.6923076923078,8.25,28.5,19.5,0.5
26.4,12.6,10.8,12.6,78.0,9.0,0.0,34.2,9.0,9.0,9.0,18.0,5.4,2.4000000000000004,18.0,441.2449704142013,8.4,28.92,19.5,0.6000000000000001
27.3,11.7,12.6,11.7,82.5,9.0,0.0,30.900000000000002,9.0,9.0,9.0,18.0,6.3,2.8000000000000003,18.23076923076923,467.79763313609476,8.55,29.34,19.5,0.7000000000000001
28.2,10.8,14.4,10.8,87.0,9.0,0.0,27.6,9.0,9.0,9.0,18.0,7.2,3.2,18.461538461538463,494.35029585798827,8.7,29.76,19.5,0.8
29.1,9.9,16.2,9.9,91.5,9.0,0.0,24.3,9.0,9.0,9.0,18.0,8.1,3.6,18.692307692307693,520.9029585798818,8.85,30.18,19.5,0.9
30.0,9.0,18.0,9.0,96.0,9.0,0.0,21.0,9.0,9.0,9.0,18.0,9.0,4.0,18.923076923076923,547.4556213017753,9.0,30.6,19.5,1.0
30.0,8.1,17.1,9.0,96.0,9.0,0.0,18.9,8.1,29.1,14.1,16.2,9.0,4.5,20.353846153846156,829.512426035503,12.75,29.82,19.5,1.125
30.0,7.2,16.2,9.0,96.0,9.0,0.0,16.8,7.2,49.2,19.2,14.4,9.0,5.0,21.784615384615385,1111.569230769231,16.5,29.040000000000003,19.5,1.25
30.0,6.3,15.3,9.0,96.0,9.0,0.0,14.7,6.3,69.30000000000001,24.299999999999997,12.6,9.0,5.5,23.215384615384615,1393.6260355029585,20.25,28.26,19.5,1.375
30.0,5.4,14.4,9.0,96.0,9.0,0.0,12.6,5.4,89.4,29.4,10.8,9.0,6.0,24.646153846153847,1675.6828402366864,24.0,27.48,19.5,1.5
30.0,4.5,13.5,9.0,96.0,9.0,0.0,10.5,4.5,109.5,34.5,9.0,9.0,6.5,26.07692307692308,1957.7396449704142,27.75,26.700000000000003,19.5,1.625
30.0,3.5999999999999996,12.6,9.0,96.0,9.0,0.0,8.399999999999999,3.5999999999999996,129.60000000000002,39.599999999999994,7.199999999999999,9.0,7.0,27.50769230769231,2239.796449704142,31.5,25.92,19.5,1.75
30.0,2.7,11.7,9.0,96.0,9.0,0.0,6.299999999999999,2.7,149.70000000000002,44.699999999999996,5.4,9.0,7.5,28.93846153846154,2521.85325443787,35.25,25.14,19.5,1.875
30.0,1.7999999999999998,10.8,9.0,96.0,9.0,0.0,4.199999999999999,1.7999999999999998,169.8,49.8,3.5999999999999996,9.0,8.0,30.36923076923077,2803.910059171598,39.0,24.36,19.5,2.0
30.0,0.9000000000000004,9.9,9.0,96.0,9.0,0.0,2.099999999999998,0.9000000000000004,189.9,54.9,1.8000000000000007,9.0,8.5,31.800000000000004,3085.9668639053257,42.75,23.580000000000002,19.5,2.125
30.0,0.0,9.0,9.0,96.0,9.0,0.0,0.0,0.0,210.0,60.0,0.0,9.0,9.0,33.23076923076923,3368.0236686390535,46.5,22.8,19.5,2.25
29.5,0.0,8.1,9.0,94.2,10.8,0.0,27.0,0.9,266.7,112.5,4.2,8.1,18.9,43.92307692307693,8976.280473372783,65.4,28.020000000000003,19.25,4.725
29.0,0.0,7.2,9.0,92.4,12.6,0.0,54.0,1.8,323.4,165.0,8.4,7.2,28.8,54.61538461538462,14584.537278106509,84.3,33.24,19.0,7.2
28.5,0.0,6.3,9.0,90.6,14.4,0.0,81.0,2.7,380.1,217.5,12.600000000000001,6.3,38.7,65.30769230769232,20192.79408284024,103.19999999999999,38.46,18.75,9.675
28.0,0.0,5.4,9.0,88.8,16.2,0.0,108.0,3.6,436.8,270.0,16.8,5.4,48.6,76.0,25801.050887573965,122.1,43.68000000000001,18.5,12.15
27.5,0.0,4.5,9.0,87.0,18.0,0.0,135.0,4.5,493.5,322.5,21.0,4.5,58.5,86.69230769230771,31409.30769230769,141.0,48.900000000000006,18.25,14.625
27.0,0.0,3.5999999999999996,9.0,85.2,19.8,0.0,162.0,5.4,550.2,375.0,25.200000000000003,3.5999999999999996,68.4,97.38461538461539,37017.56449704143,159.89999999999998,54.120000000000005,18.0,17.1
26.5,0.0,2.7,9.0,83.4,21.6,0.0,189.0,6.3,606.9000000000001,427.5,29.400000000000002,2.7,78.3,108.0769230769231,42625.821301775155,178.79999999999998,59.34,17.75,19.575
26.0,0.0,1.7999999999999998,9.0,81.6,23.4,0.0,216.0,7.2,663.6,480.0,33.6,1.7999999999999998,88.2,118.76923076923077,48234.07810650888,197.7,64.56,17.5,22.05
25.5,0.0,0.9000000000000004,9.0,79.8,25.2,0.0,243.0,8.1,720.3,532.5,37.800000000000004,0.9000000000000004,98.10000000000001,129.46153846153848,53842.33491124261,216.6,69.78,17.25,24.525000000000002
25.0,0.0,0.0,9.0,78.0,27.0,0.0,270.0,9.0,777.0,585.0,42.0,0.0,108.0,140.15384615384616,59450.59171597634,235.5,75.0,17.0,27.0
26.7,0.0,0.0,8.5,74.1,44.4,0.0,771.9,9.0,759.3,569.4,42.0,6.3,117.9,177.81538461538463,246547.2426035503,231.0,178.07999999999998,17.6,29.475
28.4,0.0,0.0,8.0,70.2,61.8,0.0,1273.8,9.0,741.6,553.8,42.0,12.6,127.8,215.47692307692307,433643.89349112427,226.5,281.15999999999997,18.2,31.95
30.1,0.0,0.0,7.5,66.3,79.19999999999999,0.0,1775.6999999999998,9.0,723.9,538.2,42.0,18.9,137.7,253.1384615384615,620740.5443786982,222.0,384.24,18.8,34.425
31.8,0.0,0.0,7.0,62.4,96.6,0.0,2277.6,9.0,706.2,522.6,42.0,25.2,147.6,290.79999999999995,807837.1952662722,217.5,487.32,19.4,36.9
33.5,0.0,0.0,6.5,58.5,114.0,0.0,2779.5,9.0,688.5,507.0,42.0,31.5,157.5,328.46153846153845,994933.8461538461,213.0,590.4,20.0,39.375
35.2,0.0,0.0,6.0,54.6,131.39999999999998,0.0,3281.3999999999996,9.0,670.8,491.4,42.0,37.8,167.4,366.1230769230769,1182030.49704142,208.5,693.48,20.6,41.85
36.9,0.0,0.0,5.5,50.7,148.79999999999998,0.0,3783.2999999999997,9.0,653.1,475.8,42.0,44.1,177.3,403.78461538461534,1369127.147928994,204.0,796.56,21.2,44.325
38.6,0.0,0.0,5.0,46.8,166.2,0.0,4285.2,9.0,635.4,460.2,42.0,50.4,187.2,441.44615384615383,1556223.798816568,199.5,899.64,21.8,46.8
40.3,0.0,0.0,4.5,42.9,183.6,0.0,4787.099999999999,9.0,617.7,444.6,42.0,56.699999999999996,197.10000000000002,479.1076923076922,1743320.449704142,195.0,1002.72,22.4,49.275000000000006
42.0,0.0,0.0,4.0,39.0,201.0,0.0,5289.0,9.0,600.0,429.0,42.0,63.0,207.0,516.7692307692307,1930417.100591716,190.5,1105.8,23.0,51.75
40.8,0.9,0.4,3.6,37.8,204.6,0.0,4966.8,8.1,588.3,503.7,70.5,90.9,237.1,501.2615384615384,1771758.9656804733,210.25,1042.1,22.2,59.275
39.6,1.8,0.8,3.2,36.6,208.2,0.0,4644.6,7.2,576.6,578.4,99.0,118.8,267.2,485.7538461538461,1613100.8307692306,230.0,978.4,21.4,66.8
38.4,2.7,1.2000000000000002,2.8,35.4,211.8,0.0,4322.4,6.3,564.9,653.1,127.5,146.7,297.3,470.2461538461538,1454442.6958579882,249.75,914.6999999999999,20.6,74.325
37.2,3.6,1.6,2.4,34.2,215.4,0.0,4000.2,5.4,553.2,727.8,156.0,174.6,327.4,454.7384615384615,1295784.5609467456,269.5,851.0,19.8,81.85
36.0,4.5,2.0,2.0,33.0,219.0,0.0,3678.0,4.5,541.5,802.5,184.5,202.5,357.5,439.23076923076917,1137126.426035503,289.25,787.3,19.0,89.375
34.8,5.4,2.4000000000000004,1.5999999999999996,31.8,222.6,0.0,3355.8,3.5999999999999996,529.8,877.2,213.0,230.39999999999998,387.6,423.72307692307686,978468.2911242604,309.0,723.5999999999999,18.2,96.9
33.6,6.3,2.8000000000000003,1.1999999999999997,30.6,226.2,0.0,3033.6,2.7,518.1,951.9,241.5,258.29999999999995,417.70000000000005,408.2153846153846,819810.1562130179,328.75,659.8999999999999,17.4,104.42500000000001
32.4,7.2,3.2,0.7999999999999998,29.4,229.8,0.0,2711.4,1.7999999999999998,506.4,1026.6,270.0,286.2,447.8,392.7076923076923,661152.0213017752,348.5,596.1999999999999,16.6,111.95
31.200000000000003,8.1,3.6,0.3999999999999999,28.200000000000003,233.4,0.0,2389.2000000000003,0.9000000000000004,494.7,1101.3000000000002,298.5,314.1,477.90000000000003,377.2,502493.8863905326,368.25,532.4999999999999,15.8,119.47500000000001
30.0,9.0,4.0,0.0,27.0,237.0,0.0,2067.0,0.0,483.0,1176.0,327.0,342.0,508.0,361.6923076923077,343835.75147928996,388.0,468.8,15.0,127.0
28.8,9.0,4.5,6.6,33.6,223.2,0.0,2463.9,0.0,453.6,1137.6,351.9,353.1,538.2,389.67692307692306,557960.8473372781,382.7,546.84,17.7,134.55
27.6,9.0,5.0,13.2,40.2,209.4,0.0,2860.8,0.0,424.2,1099.2,376.8,364.2,568.4,417.66153846153844,772085.9431952662,377.4,624.88,20.4,142.1
26.4,9.0,5.5,19.799999999999997,46.8,195.6,0.0,3257.7,0.0,394.8,1060.8,401.7,375.3,598.6,445.6461538461539,986211.0390532543,372.1,702.9200000000001,23.1,149.65
25.2,9.0,6.0,26.4,53.4,181.8,0.0,3654.6,0.0,365.4,1022.4,426.6,386.4,628.8,473.63076923076926,1200336.1349112424,366.8,780.96,25.8,157.2
24.0,9.0,6.5,33.0,60.0,168.0,0.0,4051.5,0.0,336.0,984.0,451.5,397.5,659.0,501.61538461538464,1414461.2307692305,361.5,859.0,28.5,164.75
22.8,9.0,7.0,39.599999999999994,66.6,154.2,0.0,4448.4,0.0,306.6,945.6,476.4,408.6,689.2,529.6,1628586.3266272186,356.2,937.04,31.200000000000003,172.3
21.6,9.0,7.5,46.199999999999996,73.19999999999999,140.39999999999998,0.0,4845.299999999999,0.0,277.20000000000005,907.2,501.29999999999995,419.7,719.4,557.5846153846154,1842711.4224852067,350.9,1015.0800000000002,33.900000000000006,179.85
20.4,9.0,8.0,52.8,79.8,126.6,0.0,5242.2,0.0,247.8,868.8,526.2,430.8,749.6,585.5692307692308,2056836.5183431949,345.6,1093.1200000000001,36.6,187.4
19.200000000000003,9.0,8.5,59.4,86.4,112.8,0.0,5639.1,0.0,218.40000000000003,830.4000000000001,551.1,441.9,779.8,613.5538461538462,2270961.614201183,340.3,1171.16,39.3,194.95
18.0,9.0,9.0,66.0,93.0,99.0,0.0,6036.0,0.0,189.0,792.0,576.0,453.0,810.0,641.5384615384615,2485086.710059171,335.0,1249.2,42.0,202.5
17.1,9.0,8.1,61.2,99.6,99.0,0.0,6124.5,0.9,203.1,783.0,773.1,440.1,815.8,662.9769230769231,2587392.83076923,366.7,1268.04,39.15,203.95
16.2,9.0,7.2,56.4,106.2,99.0,0.0,6213.0,1.8,217.2,774.0,970.2,427.2,821.6,684.4153846153846,2689698.951479289,398.4,1286.88,36.3,205.4
15.3,9.0,6.3,51.6,112.8,99.0,0.0,6301.5,2.7,231.3,765.0,1167.3,414.3,827.4,705.8538461538461,2792005.0721893483,430.1,1305.72,33.45,206.85
14.4,9.0,5.4,46.8,119.4,99.0,0.0,6390.0,3.6,245.4,756.0,1364.4,401.4,833.2,727.2923076923076,2894311.1928994074,461.8,1324.56,30.6,208.3
13.5,9.0,4.5,42.0,126.0,99.0,0.0,6478.5,4.5,259.5,747.0,1561.5,388.5,839.0,748.7307692307693,2996617.313609467,493.5,1343.4,27.75,209.75
12.6,9.0,3.5999999999999996,37.2,132.6,99.0,0.0,6567.0,5.4,273.6,738.0,1758.6,375.6,844.8,770.1692307692308,3098923.434319526,525.2,1362.24,24.9,211.2
11.7,9.0,2.7,32.4,139.2,99.0,0.0,6655.5,6.3,287.7,729.0,1955.7,362.7,850.6,791.6076923076923,3201229.555029585,556.9,1381.08,22.05,212.65
10.8,9.0,1.7999999999999998,27.6,145.8,99.0,0.0,6744.0,7.2,301.8,720.0,2152.8,349.8,856.4,813.0461538461539,3303535.675739644,588.6,1399.9199999999998,19.2,214.1
9.9,9.0,0.9000000000000004,22.800000000000004,152.4,99.0,0.0,6832.5,8.1,315.9,711.0,2349.8999999999996,336.9,862.2,834.4846153846154,3405841.796449703,620.3,1418.76,16.349999999999998,215.55
9.0,9.0,0.0,18.0,159.0,99.0,0.0,6921.0,9.0,330.0,702.0,2547.0,324.0,868.0,855.9230769230769,3508147.9171597622,652.0,1437.6,13.5,217.0
9.0,9.0,3.6,20.7,159.0,121.5,0.0,6588.9,9.9,355.2,680.7,2426.4,321.9,873.9,823.5230769230769,3248746.5940828393,632.35,1376.3999999999999,14.85,218.475
9.0,9.0,7.2,23.4,159.0,144.0,0.0,6256.8,10.8,380.4,659.4,2305.8,319.8,879.8,791.123076923077,2989345.2710059164,612.7,1315.1999999999998,16.2,219.95
9.0,9.0,10.8,26.1,159.0,166.5,0.0,5924.7,11.7,405.6,638.1,2185.2,317.7,885.7,758.7230769230769,2729943.947928993,593.05,1254.0,17.55,221.425
9.0,9.0,14.4,28.8,159.0,189.0,0.0,5592.6,12.6,430.8,616.8,2064.6,315.6,891.6,726.3230769230769,2470542.6248520706,573.4,1192.8,18.9,222.9
9.0,9.0,18.0,31.5,159.0,211.5,0.0,5260.5,13.5,456.0,595.5,1944.0,313.5,897.5,693.9230769230769,2211141.301775147,553.75,1131.6,20.25,224.375
9.0,9.0,21.6,34.2,159.0,234.0,0.0,4928.4,14.4,481.2,574.2,1823.4,311.4,903.4,661.5230769230769,1951739.9786982243,534.1,1070.4,21.6,225.85
9.0,9.0,25.2,36.900000000000006,159.0,256.5,0.0,4596.299999999999,15.3,506.4,552.9,1702.8000000000002,309.3,909.3,629.123076923077,1692338.6556213014,514.45,1009.2,22.950000000000003,227.325
9.0,9.0,28.8,39.6,159.0,279.0,0.0,4264.2,16.2,531.6,531.6,1582.2,307.2,915.2,596.7230769230769,1432937.3325443785,494.8,948.0,24.3,228.8
9.0,9.0,32.4,42.3,159.0,301.5,0.0,3932.1,17.1,556.8,510.29999999999995,1461.6000000000001,305.1,921.1,564.323076923077,1173536.0094674556,475.15,886.8,25.65,230.275
9.0,9.0,36.0,45.0,159.0,324.0,0.0,3600.0,18.0,582.0,489.0,1341.0,303.0,927.0,531.9230769230769,914134.6863905325,455.5,825.6,27.0,231.75
8.5,10.2,36.0,45.0,156.4,334.8,0.0,3598.5,20.1,604.8,528.6,1350.0,300.9,909.0,537.9846153846154,915522.1656804733,467.4,827.1800000000001,26.75,227.25
8.0,11.4,36.0,45.0,153.8,345.6,0.0,3597.0,22.2,627.6,568.2,1359.0,298.8,891.0,544.0461538461539,916909.6449704142,479.3,828.76,26.5,222.75
7.5,12.6,36.0,45.0,151.2,356.4,0.0,3595.5,24.3,650.4,607.8,1368.0,296.7,873.0,550.1076923076923,918297.124260355,491.2,830.34,26.25,218.25
7.0,13.8,36.0,45.0,148.6,367.2,0.0,3594.0,26.4,673.2,647.4,1377.0,294.6,855.0,556.1692307692308,919684.6035502958,503.1,831.92,26.0,213.75
6.5,15.0,36.0,45.0,146.0,378.0,0.0,3592.5,28.5,696.0,687.0,1386.0,292.5,837.0,562.2307692307693,921072.0828402366,515.0,833.5,25.75,209.25
6.0,16.2,36.0,45.0,143.4,388.8,0.0,3591.0,30.6,718.8,726.6,1395.0,290.4,819.0,568.2923076923076,922459.5621301775,526.9,835.08,25.5,204.75
5.5,17.4,36.0,45.0,140.8,399.6,0.0,3589.5,32.7,741.6,766.2,1404.0,288.3,801.0,574.3538461538461,923847.0414201183,538.8,836.66,25.25,200.25
5.0,18.6,36.0,45.0,138.2,410.4,0.0,3588.0,34.8,764.4,805.8,1413.0,286.2,783.0,580.4153846153846,925234.5207100591,550.7,838.24,25.0,195.75
4.5,19.799999999999997,36.0,45.0,135.6,421.2,0.0,3586.5,36.900000000000006,787.2,845.4000000000001,1422.0,284.1,765.0,586.4769230769231,926622.0,562.6,839.8199999999999,24.75,191.25
4.0,21.0,36.0,45.0,133.0,432.0,0.0,3585.0,39.0,810.0,885.0,1431.0,282.0,747.0,592.5384615384615,928009.4792899408,574.5,841.4,24.5,186.75
3.6,24.0,36.0,44.5,137.7,439.5,0.0,4059.6,37.2,767.1,945.0,1320.9,293.1,729.0,623.7076923076924,1309711.9952662722,560.55,939.36,24.05,182.25
3.2,27.0,36.0,44.0,142.4,447.0,0.0,4534.2,35.4,724.2,1005.0,1210.8,304.2,711.0,654.876923076923,1691414.5112426039,546.6,1037.32,23.6,177.75
2.8,30.0,36.0,43.5,147.1,454.5,0.0,5008.8,33.6,681.3,1065.0,1100.7,315.3,693.0,686.0461538461539,2073117.0272189353,532.65,1135.28,23.15,173.25
2.4,33.0,36.0,43.0,151.8,462.0,0.0,5483.4,31.8,638.4,1125.0,990.6,326.4,675.0,717.2153846153847,2454819.5431952667,518.7,1233.24,22.7,168.75
2.0,36.0,36.0,42.5,156.5,469.5,0.0,5958.0,30.0,595.5,1185.0,880.5,337.5,657.0,748.3846153846155,2836522.0591715984,504.75,1331.2,22.25,164.25
1.5999999999999996,39.0,36.0,42.0,161.2,477.0,0.0,6432.6,28.2,552.6,1245.0,770.4000000000001,348.6,639.0,779.5538461538462,3218224.5751479296,490.8,1429.1599999999999,21.8,159.75
1.1999999999999997,42.0,36.0,41.5,165.9,484.5,0.0,6907.200000000001,26.4,509.7,1305.0,660.3000000000001,359.7,621.0,810.723076923077,3599927.091124261,476.85,1527.12,21.35,155.25
0.7999999999999998,45.0,36.0,41.0,170.6,492.0,0.0,7381.8,24.6,466.8,1365.0,550.2,370.8,603.0,841.8923076923077,3981629.607100593,462.9,1625.08,20.9,150.75
0.3999999999999999,48.0,36.0,40.5,175.3,499.5,0.0,7856.400000000001,22.8,423.90000000000003,1425.0,440.1,381.9,585.0,873.0615384615385,4363332.123076924,448.95,1723.04,20.45,146.25
0.0,51.0,36.0,40.0,180.0,507.0,0.0,8331.0,21.0,381.0,1485.0,330.0,393.0,567.0,904.2307692307693,4745034.639053255,435.0,1821.0,20.0,141.75
0.9,47.7,35.1,39.6,188.4,515.7,0.0,7822.5,24.3,369.6,1351.5,306.3,408.9,579.7,854.6538461538462,4341320.446153847,410.1,1721.88,20.25,144.925
1.8,44.4,34.2,39.2,196.8,524.4,0.0,7314.0,27.6,358.2,1218.0,282.6,424.8,592.4,805.0769230769231,3937606.2532544388,385.2,1622.76,20.5,148.1
2.7,41.1,33.3,38.8,205.2,533.1,0.0,6805.5,30.9,346.8,1084.5,258.9,440.7,605.1,755.5,3533892.06035503,360.3,1523.6399999999999,20.75,151.275
3.6,37.8,32.4,38.4,213.6,541.8,0.0,6297.0,34.2,335.4,951.0,235.2,456.6,617.8,705.9230769230769,3130177.8674556217,335.4,1424.52,21.0,154.45
4.5,34.5,31.5,38.0,222.0,550.5,0.0,5788.5,37.5,324.0,817.5,211.5,472.5,630.5,656.3461538461538,2726463.6745562134,310.5,1325.4,21.25,157.625
5.4,31.200000000000003,30.6,37.6,230.4,559.2,0.0,5280.0,40.8,312.6,684.0,187.8,488.4,643.2,606.7692307692308,2322749.4816568047,285.6,1226.28,21.5,160.8
6.3,27.900000000000002,29.7,37.2,238.8,567.9,0.0,4771.5,44.099999999999994,301.2,550.5,164.1,504.3,655.9,557.1923076923077,1919035.2887573964,260.70000000000005,1127.1599999999999,21.75,163.975
7.2,24.6,28.8,36.8,247.2,576.6,0.0,4263.0,47.4,289.8,417.0,140.4,520.2,668.6,507.61538461538464,1515321.095857988,235.8,1028.04,22.0,167.15
8.1,21.3,27.9,36.4,255.60000000000002,585.3,0.0,3754.5,50.7,278.4,283.5,116.70000000000002,536.1,681.3,458.03846153846155,1111606.9029585798,210.9,928.92,22.25,170.325
9.0,18.0,27.0,36.0,264.0,594.0,0.0,3246.0,54.0,267.0,150.0,93.0,552.0,694.0,408.46153846153845,707892.7100591715,186.0,829.8,22.5,173.5
9.9,18.0,24.3,44.4,273.3,575.4,0.0,2958.3,54.9,248.7,144.3,93.9,554.4,706.8,384.59999999999997,640426.175147929,182.7,769.8599999999999,27.15,176.7
10.8,18.0,21.6,52.8,282.6,556.8,0.0,2670.6,55.8,230.4,138.6,94.8,556.8,719.6,360.73846153846154,572959.6402366863,179.4,709.92,31.8,179.9
11.7,18.0,18.9,61.2,291.9,538.2,0.0,2382.9,56.7,212.1,132.9,95.7,559.2,732.4,336.87692307692305,505493.1053254438,176.1,649.98,36.45,183.1
12.6,18.0,16.2,69.6,301.2,519.6,0.0,2095.2,57.6,193.8,127.2,96.6,561.6,745.2,313.0153846153846,438026.5704142012,172.8,590.04,41.1,186.3
13.5,18.0,13.5,78.0,310.5,501.0,0.0,1807.5,58.5,175.5,121.5,97.5,564.0,758.0,289.15384615384613,370560.0355029586,169.5,530.0999999999999,45.75,189.5
14.4,18.0,10.799999999999997,86.4,319.8,482.4,0.0,1519.8000000000002,59.4,157.2,115.8,98.4,566.4,770.8,265.29230769230765,303093.50059171603,166.2,470.15999999999997,50.400000000000006,192.7
15.3,18.0,8.099999999999998,94.80000000000001,329.1,463.79999999999995,0.0,1232.1000000000001,60.3,138.9,110.1,99.3,568.8,783.6,241.43076923076922,235626.96568047343,162.9,410.21999999999997,55.050000000000004,195.9
16.2,18.0,5.399999999999999,103.2,338.4,445.2,0.0,944.4000000000001,61.2,120.6,104.4,100.2,571.2,796.4,217.56923076923076,168160.43076923082,159.6,350.28,59.7,199.1
17.1,18.0,2.6999999999999993,111.60000000000001,347.7,426.6,0.0,656.7000000000003,62.1,102.29999999999998,98.69999999999999,101.1,573.6,809.2,193.7076923076923,100693.89585798827,156.3,290.3399999999999,64.35,202.3
18.0,18.0,0.0,120.0,357.0,408.0,0.0,369.0,63.0,84.0,93.0,102.0,576.0,822.0,169.84615384615384,33227.36094674557,153.0,230.4,69.0,205.5
17.1,22.5,0.0,121.8,370.8,408.0,0.0,339.6,56.7,87.9,89.4,100.8,569.1,797.4,167.97692307692307,33187.06863905326,150.65,228.18,69.45,199.35
16.2,27.0,0.0,123.6,384.6,408.0,0.0,310.2,50.4,91.8,85.8,99.6,562.2,772.8,166.1076923076923,33146.776331360954,148.3,225.96,69.9,193.2
15.3,31.5,0.0,125.4,398.4,408.0,0.0,280.8,44.1,95.7,82.2,98.4,555.3,748.2,164.23846153846154,33106.48402366864,145.95,223.74,70.35,187.05
14.4,36.0,0.0,127.2,412.2,408.0,0.0,251.4,37.8,99.6,78.6,97.2,548.4,723.6,162.36923076923077,33066.19171597633,143.6,221.52,70.8,180.9
13.5,40.5,0.0,129.0,426.0,408.0,0.0,222.0,31.5,103.5,75.0,96.0,541.5,699.0,160.5,33025.89940828402,141.25,219.3,71.25,174.75
12.6,45.0,0.0,130.8,439.8,408.0,0.0,192.60000000000002,25.200000000000003,107.4,71.4,94.8,534.6,674.4,158.63076923076923,32985.60710059172,138.9,217.07999999999998,71.7,168.6
11.7,49.5,0.0,132.6,453.6,408.0,0.0,163.20000000000002,18.9,111.3,67.8,93.6,527.7,649.8,156.76153846153846,32945.31479289941,136.55,214.85999999999999,72.15,162.45
10.8,54.0,0.0,134.4,467.4,408.0,0.0,133.8,12.600000000000001,115.2,64.2,92.4,520.8,625.2,154.8923076923077,32905.0224852071,134.2,212.64,72.6,156.3
9.9,58.5,0.0,136.2,481.2,408.0,0.0,104.40000000000003,6.300000000000004,119.1,60.6,91.2,513.9,600.6,153.02307692307693,32864.73017751479,131.85,210.42,73.05,150.15
9.0,63.0,0.0,138.0,495.0,408.0,0.0,75.0,0.0,123.0,57.0,90.0,507.0,576.0,151.15384615384616,32824.43786982248,129.5,208.2,73.5,144.0
9.0,64.2,0.9,132.3,495.0,411.4,0.0,68.4,0.0,131.7,54.9,89.1,504.0,551.4,150.83846153846156,32984.70177514793,129.95,207.98,70.65,137.85
9.0,65.4,1.8,126.6,495.0,414.8,0.0,61.8,0.0,140.4,52.8,88.2,501.0,526.8,150.52307692307693,33144.96568047337,130.4,207.76,67.8,131.7
9.0,66.6,2.7,120.9,495.0,418.2,0.0,55.2,0.0,149.1,50.7,87.3,498.0,502.2,150.2076923076923,33305.229585798814,130.85,207.54,64.95,125.55
9.0,67.8,3.6,115.2,495.0,421.6,0.0,48.6,0.0,157.8,48.6,86.4,495.0,477.6,149.8923076923077,33465.49349112426,131.3,207.32,62.1,119.4
9.0,69.0,4.5,109.5,495.0,425.0,0.0,42.0,0.0,166.5,46.5,85.5,492.0,453.0,149.5769230769231,33625.7573964497,131.75,207.1,59.25,113.25
9.0,70.2,5.4,103.8,495.0,428.4,0.0,35.400000000000006,0.0,175.2,44.4,84.6,489.0,428.4,149.26153846153846,33786.021301775145,132.2,206.88,56.4,107.1
9.0,71.4,6.3,98.1,495.0,431.8,0.0,28.800000000000004,0.0,183.89999999999998,42.3,83.7,486.0,403.79999999999995,148.94615384615383,33946.28520710059,132.65,206.66,53.55,100.94999999999999
9.0,72.6,7.2,92.4,495.0,435.2,0.0,22.200000000000003,0.0,192.6,40.2,82.8,483.0,379.2,148.63076923076923,34106.54911242604,133.1,206.44,50.7,94.8
9.0,73.8,8.1,86.69999999999999,495.0,438.6,0.0,15.600000000000001,0.0,201.3,38.099999999999994,81.9,480.0,354.6,148.31538461538463,34266.813017751476,133.55,206.22,47.849999999999994,88.65
9.0,75.0,9.0,81.0,495.0,442.0,0.0,9.0,0.0,210.0,36.0,81.0,477.0,330.0,148.0,34427.07692307692,134.0,206.0,45.0,82.5
9.6,70.5,19.2,81.0,483.7,429.9,0.0,11.4,0.0,195.3,38.1,78.0,457.8,321.9,144.19230769230768,32553.79171597633,128.2,202.94,45.3,80.475
10.2,66.0,29.4,81.0,472.4,417.8,0.0,13.8,0.0,180.6,40.2,75.0,438.6,313.8,140.3846153846154,30680.50650887574,122.4,199.88,45.6,78.45
10.8,61.5,39.599999999999994,81.0,461.1,405.7,0.0,16.2,0.0,165.9,42.3,72.0,419.4,305.7,136.57692307692307,28807.22130177515,116.6,196.82,45.9,76.425
11.4,57.0,49.8,81.0,449.8,393.6,0.0,18.6,0.0,151.2,44.4,69.0,400.2,297.6,132.76923076923077,26933.936094674555,110.8,193.76,46.2,74.4
12.0,52.5,60.0,81.0,438.5,381.5,0.0,21.0,0.0,136.5,46.5,66.0,381.0,289.5,128.96153846153845,25060.650887573964,105.0,190.7,46.5,72.375
12.6,48.0,70.19999999999999,81.0,427.2,369.4,0.0,23.4,0.0,121.80000000000001,48.6,63.0,361.8,281.4,125.15384615384616,23187.365680473373,99.2,187.64,46.8,70.35
13.2,43.5,80.39999999999999,81.0,415.9,357.3,0.0,25.8,0.0,107.10000000000001,50.7,60.0,342.6,273.3,121.34615384615384,21314.08047337278,93.4,184.58,47.1,68.325
13.8,39.0,90.6,81.0,404.6,345.2,0.0,28.2,0.0,92.4,52.8,57.0,323.4,265.2,117.53846153846153,19440.795266272187,87.6,181.52,47.4,66.3
14.399999999999999,34.5,100.8,81.0,393.3,333.1,0.0,30.599999999999998,0.0,77.70000000000002,54.900000000000006,54.0,304.20000000000005,257.1,113.73076923076923,17567.510059171596,81.80000000000001,178.46,47.7,64.275
15.0,30.0,111.0,81.0,382.0,321.0,0.0,33.0,0.0,63.0,57.0,51.0,285.0,249.0,109.92307692307692,15694.224852071007,76.0,175.4,48.0,62.25
15.6,27.9,111.0,80.5,356.1,309.9,0.0,34.8,0.9,62.1,56.1,56.1,301.8,240.9,108.67692307692307,15493.104142011836,79.5,167.94,48.05,60.225
16.2,25.8,111.0,80.0,330.2,298.8,0.0,36.6,1.8,61.2,55.2,61.2,318.6,232.8,107.43076923076923,15291.983431952664,83.0,160.48000000000002,48.1,58.2
16.8,23.7,111.0,79.5,304.3,287.7,0.0,38.4,2.7,60.3,54.3,66.3,335.4,224.7,106.18461538461538,15090.862721893493,86.5,153.02,48.15,56.175
17.4,21.6,111.0,79.0,278.4,276.6,0.0,40.2,3.6,59.4,53.4,71.4,352.2,216.6,104.93846153846154,14889.742011834322,90.0,145.56,48.2,54.15
18.0,19.5,111.0,78.5,252.5,265.5,0.0,42.0,4.5,58.5,52.5,76.5,369.0,208.5,103.6923076923077,14688.62130177515,93.5,138.1,48.25,52.125
18.6,17.4,111.0,78.0,226.60000000000002,254.4,0.0,43.8,5.4,57.6,51.6,81.6,385.8,200.4,102.44615384615385,14487.500591715978,97.0,130.64,48.3,50.1
19.2,15.299999999999999,111.0,77.5,200.70000000000002,243.3,0.0,45.6,6.3,56.7,50.7,86.69999999999999,402.6,192.3,101.2,14286.379881656807,100.5,123.18,48.35,48.075
19.8,13.2,111.0,77.0,174.8,232.2,0.0,47.4,7.2,55.8,49.8,91.8,419.4,184.2,99.95384615384616,14085.259171597636,104.0,115.72,48.4,46.05
20.4,11.099999999999998,111.0,76.5,148.9,221.10000000000002,0.0,49.2,8.1,54.9,48.9,96.9,436.20000000000005,176.10000000000002,98.70769230769231,13884.138461538463,107.5,108.25999999999999,48.45,44.025000000000006
21.0,9.0,111.0,76.0,123.0,210.0,0.0,51.0,9.0,54.0,48.0,102.0,453.0,168.0,97.46153846153847,13683.017751479292,111.0,100.8,48.5,42.0
26.1,11.1,106.3,79.2,121.2,209.7,0.0,48.6,9.9,53.4,48.0,100.2,429.3,164.4,95.61538461538461,12729.777514792902,106.8,99.38,52.65,41.1
31.2,13.2,101.6,82.4,119.4,209.4,0.0,46.2,10.8,52.8,48.0,98.4,405.6,160.8,93.76923076923077,11776.53727810651,102.6,97.96,56.8,40.2
36.3,15.3,96.9,85.6,117.6,209.1,0.0,43.8,11.7,52.2,48.0,96.6,381.9,157.2,91.92307692307693,10823.297041420119,98.4,96.53999999999999,60.95,39.3
41.4,17.4,92.2,88.8,115.8,208.8,0.0,41.4,12.6,51.6,48.0,94.8,358.2,153.6,90.07692307692308,9870.05680473373,94.2,95.11999999999999,65.1,38.4
46.5,19.5,87.5,92.0,114.0,208.5,0.0,39.0,13.5,51.0,48.0,93.0,334.5,150.0,88.23076923076923,8916.81656804734,90.0,93.69999999999999,69.25,37.5
51.599999999999994,21.6,82.8,95.2,112.2,208.2,0.0,36.6,14.4,50.4,48.0,91.2,310.8,146.4,86.38461538461539,7963.576331360948,85.8,92.28,73.4,36.6
56.699999999999996,23.700000000000003,78.1,98.4,110.4,207.9,0.0,34.2,15.3,49.8,48.0,89.4,287.1,142.8,84.53846153846155,7010.336094674557,81.6,90.86,77.55000000000001,35.7
61.8,25.8,73.4,101.6,108.6,207.6,0.0,31.8,16.2,49.2,48.0,87.6,263.4,139.2,82.6923076923077,6057.095857988166,77.4,89.44,81.7,34.8
66.9,27.900000000000002,68.69999999999999,104.8,106.8,207.3,0.0,29.400000000000002,17.1,48.6,48.0,85.8,239.70000000000002,135.6,80.84615384615384,5103.855621301776,73.19999999999999,88.02,85.85,33.9
72.0,30.0,64.0,108.0,105.0,207.0,0.0,27.0,18.0,48.0,48.0,84.0,216.0,132.0,79.0,4150.615384615385,69.0,86.6,90.0,33.0
69.9,30.0,62.1,105.3,105.0,202.5,0.0,24.3,18.0,50.1,46.8,79.2,203.7,128.4,76.68461538461538,3928.9207100591716,66.3,84.78,87.6,32.1
67.8,30.0,60.2,102.6,105.0,198.0,0.0,21.6,18.0,52.2,45.6,74.4,191.4,124.8,74.36923076923077,3707.226035502959,63.6,82.96,85.2,31.2
65.7,30.0,58.3,99.9,105.0,193.5,0.0,18.9,18.0,54.3,44.4,69.6,179.1,121.2,72.05384615384615,3485.5313609467457,60.9,81.14,82.8,30.3
63.6,30.0,56.4,97.2,105.0,189.0,0.0,16.2,18.0,56.4,43.2,64.8,166.8,117.6,69.73846153846154,3263.8366863905326,58.2,79.32,80.4,29.4
61.5,30.0,54.5,94.5,105.0,184.5,0.0,13.5,18.0,58.5,42.0,60.0,154.5,114.0,67.42307692307692,3042.1420118343194,55.5,77.5,78.0,28.5
59.4,30.0,52.6,91.8,105.0,180.0,0.0,10.799999999999997,18.0,60.6,40.8,55.2,142.2,110.4,65.1076923076923,2820.4473372781067,52.8,75.68,75.6,27.6
57.3,30.0,50.7,89.1,105.0,175.5,0.0,8.099999999999998,18.0,62.7,39.6,50.4,129.89999999999998,106.8,62.792307692307695,2598.7526627218936,50.099999999999994,73.86,73.2,26.7
55.2,30.0,48.8,86.4,105.0,171.0,0.0,5.399999999999999,18.0,64.8,38.4,45.6,117.6,103.2,60.47692307692308,2377.0579881656804,47.4,72.04,70.8,25.8
53.099999999999994,30.0,46.900000000000006,83.7,105.0,166.5,0.0,2.6999999999999993,18.0,66.9,37.2,40.800000000000004,105.3,99.6,58.16153846153846,2155.3633136094677,44.7,70.22,68.4,24.9
51.0,30.0,45.0,81.0,105.0,162.0,0.0,0.0,18.0,69.0,36.0,36.0,93.0,96.0,55.84615384615385,1933.6686390532545,42.0,68.4,66.0,24.0
52.8,31.9,44.1,81.9,103.5,162.0,0.0,0.0,19.2,70.2,36.0,35.1,93.9,98.1,56.2,1932.2023668639054,42.4,68.30000000000001,67.35,24.525
54.6,33.8,43.2,82.8,102.0,162.0,0.0,0.0,20.4,71.4,36.0,34.2,94.8,100.2,56.55384615384615,1930.7360946745564,42.8,68.2,68.7,25.05
56.4,35.7,42.3,83.7,100.5,162.0,0.0,0.0,21.6,72.6,36.0,33.3,95.7,102.3,56.90769230769231,1929.2698224852072,43.2,68.10000000000001,70.05,25.575
58.2,37.6,41.4,84.6,99.0,162.0,0.0,0.0,22.8,73.8,36.0,32.4,96.6,104.4,57.261538461538464,1927.803550295858,43.6,68.0,71.4,26.1
60.0,39.5,40.5,85.5,97.5,162.0,0.0,0.0,24.0,75.0,36.0,31.5,97.5,106.5,57.61538461538461,1926.337278106509,44.0,67.9,72.75,26.625
61.8,41.4,39.6,86.4,96.0,162.0,0.0,0.0,25.2,76.2,36.0,30.6,98.4,108.6,57.96923076923077,1924.87100591716,44.4,67.80000000000001,74.1,27.15
63.6,43.3,38.7,87.3,94.5,162.0,0.0,0.0,26.4,77.4,36.0,29.7,99.3,110.7,58.323076923076925,1923.4047337278107,44.8,67.7,75.45,27.675
65.4,45.2,37.8,88.2,93.0,162.0,0.0,0.0,27.6,78.6,36.0,28.8,100.2,112.8,58.67692307692308,1921.9384615384615,45.2,67.60000000000001,76.8,28.2
67.2,47.099999999999994,36.9,89.1,91.5,162.0,0.0,0.0,28.799999999999997,79.8,36.0,27.9,101.1,114.9,59.03076923076923,1920.4721893491126,45.6,67.5,78.15,28.725
69.0,49.0,36.0,90.0,90.0,162.0,0.0,0.0,30.0,81.0,36.0,27.0,102.0,117.0,59.38461538461539,1919.0059171597634,46.0,67.4,79.5,29.25
69.0,50.1,34.2,83.7,90.0,167.5,0.0,0.9,29.7,78.0,34.2,26.1,103.5,119.1,58.99230769230769,2052.976331360947,45.25,68.54,76.35,29.775
69.0,51.2,32.4,77.4,90.0,173.0,0.0,1.8,29.4,75.0,32.4,25.2,105.0,121.2,58.6,2186.94674556213,44.5,69.68,73.2,30.3
69.0,52.3,30.6,71.1,90.0,178.5,0.0,2.7,29.1,72.0,30.6,24.3,106.5,123.3,58.20769230769231,2320.917159763314,43.75,70.82000000000001,70.05,30.825
69.0,53.4,28.8,64.8,90.0,184.0,0.0,3.6,28.8,69.0,28.8,23.4,108.0,125.4,57.815384615384616,2454.8875739644973,43.0,71.96000000000001,66.9,31.35
69.0,54.5,27.0,58.5,90.0,189.5,0.0,4.5,28.5,66.0,27.0,22.5,109.5,127.5,57.42307692307692,2588.8579881656806,42.25,73.1,63.75,31.875
69.0,55.6,25.2,52.2,90.0,195.0,0.0,5.4,28.2,63.0,25.2,21.6,111.0,129.6,57.03076923076923,2722.8284023668643,41.5,74.24,60.6,32.4
69.0,56.7,23.4,45.9,90.0,200.5,0.0,6.3,27.9,60.0,23.4,20.7,112.5,131.7,56.63846153846154,2856.7988165680476,40.75,75.38,57.45,32.925
69.0,57.8,21.6,39.6,90.0,206.0,0.0,7.2,27.6,57.0,21.6,19.8,114.0,133.8,56.246153846153845,2990.7692307692314,40.0,76.52,54.3,33.45
69.0,58.9,19.8,33.300000000000004,90.0,211.5,0.0,8.1,27.3,54.0,19.8,18.9,115.5,135.9,55.85384615384615,3124.7396449704147,39.25,77.66,51.150000000000006,33.975
69.0,60.0,18.0,27.0,90.0,217.0,0.0,9.0,27.0,51.0,18.0,18.0,117.0,138.0,55.46153846153846,3258.710059171598,38.5,78.8,48.0,34.5
69.0,57.0,18.0,27.0,96.9,212.7,0.0,8.1,25.2,48.9,20.1,17.1,135.0,133.0,56.53846153846153,3671.5952662721897,41.05,78.53999999999999,48.0,33.25
69.0,54.0,18.0,27.0,103.8,208.4,0.0,7.2,23.4,46.8,22.2,16.2,153.0,128.0,57.61538461538461,4084.4804733727815,43.6,78.28,48.0,32.0
69.0,51.0,18.0,27.0,110.7,204.1,0.0,6.3,21.6,44.7,24.3,15.3,171.0,123.0,58.69230769230769,4497.365680473374,46.15,78.02,48.0,30.75
69.0,48.0,18.0,27.0,117.6,199.8,0.0,5.4,19.8,42.6,26.4,14.4,189.0,118.0,59.76923076923077,4910.250887573966,48.7,77.76,48.0,29.5
69.0,45.0,18.0,27.0,124.5,195.5,0.0,4.5,18.0,40.5,28.5,13.5,207.0,113.0,60.84615384615384,5323.136094674557,51.25,77.5,48.0,28.25
69.0,42.0,18.0,27.0,131.4,191.2,0.0,3.5999999999999996,16.2,38.4,30.6,12.6,225.0,108.0,61.92307692307692,5736.021301775149,53.8,77.24,48.0,27.0
69.0,39.0,18.0,27.0,138.3,186.9,0.0,2.7,14.4,36.3,32.7,11.7,243.0,103.0,63.0,6148.906508875742,56.349999999999994,76.98,48.0,25.75
69.0,36.0,18.0,27.0,145.2,182.6,0.0,1.7999999999999998,12.6,34.2,34.8,10.8,261.0,98.0,64.07692307692307,6561.791715976333,58.9,76.72,48.0,24.5
69.0,33.0,18.0,27.0,152.1,178.3,0.0,0.9000000000000004,10.8,32.099999999999994,36.900000000000006,9.9,279.0,93.0,65.15384615384615,6974.676923076924,61.45,76.46000000000001,48.0,23.25
69.0,30.0,18.0,27.0,159.0,174.0,0.0,0.0,9.0,30.0,39.0,9.0,297.0,88.0,66.23076923076923,7387.562130177516,64.0,76.2,48.0,22.0
66.0,32.4,18.0,27.9,148.2,171.3,0.0,2.1,9.9,27.0,36.0,9.0,288.0,83.1,64.29230769230769,6998.911242603552,61.65,74.4,46.95,20.775
63.0,34.8,18.0,28.8,137.4,168.6,0.0,4.2,10.8,24.0,33.0,9.0,279.0,78.2,62.35384615384615,6610.260355029587,59.3,72.60000000000001,45.9,19.55
60.0,37.2,18.0,29.7,126.6,165.9,0.0,6.300000000000001,11.7,21.0,30.0,9.0,270.0,73.3,60.41538461538461,6221.6094674556225,56.95,70.8,44.85,18.325
57.0,39.6,18.0,30.6,115.8,163.2,0.0,8.4,12.6,18.0,27.0,9.0,261.0,68.4,58.47692307692307,5832.958579881658,54.6,69.0,43.8,17.1
54.0,42.0,18.0,31.5,105.0,160.5,0.0,10.5,13.5,15.0,24.0,9.0,252.0,63.5,56.53846153846153,5444.307692307693,52.25,67.2,42.75,15.875
51.0,44.4,18.0,32.4,94.19999999999999,157.8,0.0,12.600000000000001,14.4,12.0,21.0,9.0,243.0,58.599999999999994,54.599999999999994,5055.656804733729,49.9,65.4,41.7,14.649999999999999
48.0,46.8,18.0,33.3,83.39999999999999,155.1,0.0,14.700000000000001,15.3,9.0,18.0,9.0,234.0,53.699999999999996,52.66153846153846,4667.005917159764,47.55,63.6,40.65,13.424999999999999
45.0,49.2,18.0,34.2,72.6,152.4,0.0,16.8,16.2,6.0,15.0,9.0,225.0,48.8,50.723076923076924,4278.3550295857995,45.2,61.800000000000004,39.6,12.2
42.0,51.599999999999994,18.0,35.1,61.8,149.7,0.0,18.900000000000002,17.1,3.0,12.0,9.0,216.0,43.9,48.784615384615385,3889.704142011835,42.849999999999994,60.0,38.55,10.975
39.0,54.0,18.0,36.0,51.0,147.0,0.0,21.0,18.0,0.0,9.0,9.0,207.0,39.0,46.84615384615385,3501.0532544378702,40.5,58.2,37.5,9.75
40.8,51.6,19.3,33.3,54.3,138.6,0.0,18.9,18.9,0.0,9.0,8.1,198.9,38.1,45.51538461538462,3291.5573964497044,39.15,56.540000000000006,37.05,9.525
42.6,49.2,20.6,30.6,57.6,130.2,0.0,16.8,19.8,0.0,9.0,7.2,190.8,37.2,44.184615384615384,3082.061538461539,37.8,54.88,36.6,9.3
44.4,46.8,21.9,27.9,60.9,121.8,0.0,14.7,20.7,0.0,9.0,6.3,182.7,36.3,42.853846153846156,2872.565680473373,36.45,53.22,36.15,9.075
46.2,44.4,23.2,25.2,64.2,113.4,0.0,12.6,21.6,0.0,9.0,5.4,174.6,35.4,41.52307692307692,2663.0698224852076,35.1,51.56,35.7,8.85
48.0,42.0,24.5,22.5,67.5,105.0,0.0,10.5,22.5,0.0,9.0,4.5,166.5,34.5,40.19230769230769,2453.5739644970417,33.75,49.900000000000006,35.25,8.625
49.8,39.6,25.8,19.799999999999997,70.8,96.6,0.0,8.399999999999999,23.4,0.0,9.0,3.5999999999999996,158.4,33.6,38.86153846153846,2244.078106508876,32.4,48.24,34.8,8.4
51.6,37.2,27.1,17.099999999999998,74.1,88.19999999999999,0.0,6.299999999999999,24.3,0.0,9.0,2.7,150.3,32.7,37.53076923076923,2034.5822485207102,31.049999999999997,46.58,34.35,8.175
53.4,34.8,28.4,14.399999999999999,77.4,79.8,0.0,4.199999999999999,25.2,0.0,9.0,1.7999999999999998,142.2,31.8,36.2,1825.0863905325446,29.7,44.92,33.9,7.95
55.2,32.400000000000006,29.700000000000003,11.7,80.7,71.39999999999999,0.0,2.099999999999998,26.1,0.0,9.0,0.9000000000000004,134.10000000000002,30.9,34.86923076923077,1615.590532544379,28.35,43.260000000000005,33.45,7.725
57.0,30.0,31.0,9.0,84.0,63.0,0.0,0.0,27.0,0.0,9.0,0.0,126.0,30.0,33.53846153846154,1406.094674556213,27.0,41.6,33.0,7.5
54.9,30.0,31.5,12.6,84.0,63.0,0.0,0.9,25.2,0.9,9.9,3.9,123.6,29.1,33.87692307692308,1352.4923076923078,27.25,41.88,33.75,7.275
52.8,30.0,32.0,16.2,84.0,63.0,0.0,1.8,23.4,1.8,10.8,7.8,121.2,28.2,34.215384615384615,1298.8899408284024,27.5,42.160000000000004,34.5,7.05
50.7,30.0,32.5,19.8,84.0,63.0,0.0,2.7,21.6,2.7,11.7,11.7,118.8,27.3,34.55384615384615,1245.287573964497,27.75,42.44,35.25,6.825
48.6,30.0,33.0,23.4,84.0,63.0,0.0,3.6,19.8,3.6,12.6,15.6,116.4,26.4,34.89230769230769,1191.6852071005917,28.0,42.72,36.0,6.6
46.5,30.0,33.5,27.0,84.0,63.0,0.0,4.5,18.0,4.5,13.5,19.5,114.0,25.5,35.230769230769226,1138.0828402366865,28.25,43.0,36.75,6.375
44.4,30.0,34.0,30.6,84.0,63.0,0.0,5.4,16.2,5.4,14.4,23.4,111.6,24.6,35.56923076923077,1084.480473372781,28.5,43.28,37.5,6.15
42.3,30.0,34.5,34.2,84.0,63.0,0.0,6.3,14.4,6.3,15.3,27.3,109.2,23.7,35.90769230769231,1030.8781065088756,28.75,43.56,38.25,5.925
40.2,30.0,35.0,37.8,84.0,63.0,0.0,7.2,12.6,7.2,16.2,31.2,106.8,22.8,36.246153846153845,977.2757396449704,29.0,43.839999999999996,39.0,5.7
38.099999999999994,30.0,35.5,41.4,84.0,63.0,0.0,8.1,10.8,8.1,17.1,35.1,104.4,21.9,36.58461538461538,923.673372781065,29.25,44.12,39.75,5.475
36.0,30.0,36.0,45.0,84.0,63.0,0.0,9.0,9.0,9.0,18.0,39.0,102.0,21.0,36.92307692307692,870.0710059171597,29.5,44.4,40.5,5.25
36.3,30.1,34.2,44.1,78.6,63.0,0.0,9.0,8.1,10.2,18.9,38.1,99.0,21.3,36.12307692307692,824.8402366863905,29.05,42.98,40.2,5.325
36.6,30.2,32.4,43.2,73.2,63.0,0.0,9.0,7.2,11.4,19.8,37.2,96.0,21.6,35.32307692307692,779.6094674556213,28.6,41.56,39.9,5.4
36.9,30.3,30.6,42.3,67.8,63.0,0.0,9.0,6.3,12.6,20.7,36.3,93.0,21.9,34.52307692307692,734.3786982248521,28.15,40.14,39.6,5.475
37.2,30.4,28.8,41.4,62.4,63.0,0.0,9.0,5.4,13.8,21.6,35.4,90.0,22.2,33.723076923076924,689.1479289940828,27.7,38.72,39.3,5.55
37.5,30.5,27.0,40.5,57.0,63.0,0.0,9.0,4.5,15.0,22.5,34.5,87.0,22.5,32.92307692307692,643.9171597633136,27.25,37.3,39.0,5.625
37.8,30.6,25.2,39.6,51.599999999999994,63.0,0.0,9.0,3.5999999999999996,16.2,23.4,33.6,84.0,22.8,32.12307692307692,598.6863905325445,26.8,35.879999999999995,38.7,5.7
38.1,30.7,23.4,38.7,46.199999999999996,63.0,0.0,9.0,2.7,17.4,24.3,32.7,81.0,23.1,31.323076923076922,553.4556213017752,26.35,34.46,38.4,5.775
38.4,30.8,21.6,37.8,40.8,63.0,0.0,9.0,1.7999999999999998,18.6,25.2,31.8,78.0,23.4,30.52307692307692,508.22485207100596,25.9,33.04,38.1,5.85
38.7,30.9,19.8,36.9,35.4,63.0,0.0,9.0,0.9000000000000004,19.799999999999997,26.1,30.9,75.0,23.7,29.723076923076924,462.99408284023673,25.45,31.619999999999997,37.8,5.925
39.0,31.0,18.0,36.0,30.0,63.0,0.0,9.0,0.0,21.0,27.0,30.0,72.0,24.0,28.923076923076923,417.7633136094675,25.0,30.2,37.5,6.0
39.0,27.9,16.2,35.1,30.0,68.5,0.0,9.0,0.0,18.9,27.0,30.3,69.6,24.3,28.576923076923077,474.8272189349113,24.3,30.32,37.05,6.075
39.0,24.8,14.4,34.2,30.0,74.0,0.0,9.0,0.0,16.8,27.0,30.6,67.2,24.6,28.23076923076923,531.8911242603551,23.6,30.439999999999998,36.6,6.15
39.0,21.7,12.6,33.3,30.0,79.5,0.0,9.0,0.0,14.7,27.0,30.9,64.8,24.9,27.884615384615383,588.9550295857989,22.9,30.56,36.15,6.225
39.0,18.6,10.8,32.4,30.0,85.0,0.0,9.0,0.0,12.6,27.0,31.2,62.4,25.2,27.538461538461537,646.0189349112427,22.2,30.68,35.7,6.3
39.0,15.5,9.0,31.5,30.0,90.5,0.0,9.0,0.0,10.5,27.0,31.5,60.0,25.5,27.192307692307693,703.0828402366865,21.5,30.799999999999997,35.25,6.375
39.0,12.399999999999999,7.199999999999999,30.6,30.0,96.0,0.0,9.0,0.0,8.399999999999999,27.0,31.8,57.6,25.8,26.846153846153847,760.1467455621303,20.8,30.919999999999998,34.8,6.45
39.0,9.3,5.4,29.7,30.0,101.5,0.0,9.0,0.0,6.299999999999999,27.0,32.1,55.2,26.1,26.5,817.210650887574,20.1,31.04,34.35,6.525
39.0,6.199999999999999,3.5999999999999996,28.8,30.0,107.0,0.0,9.0,0.0,4.199999999999999,27.0,32.4,52.8,26.4,26.153846153846153,874.2745562130178,19.4,31.16,33.9,6.6
39.0,3.099999999999998,1.8000000000000007,27.9,30.0,112.5,0.0,9.0,0.0,2.099999999999998,27.0,32.7,50.400000000000006,26.7,25.807692307692307,931.3384615384616,18.7,31.279999999999998,33.45,6.675
39.0,0.0,0.0,27.0,30.0,118.0,0.0,9.0,0.0,0.0,27.0,33.0,48.0,27.0,25.46153846153846,988.4023668639054,18.0,31.4,33.0,6.75
39.1,3.3,0.9,27.0,30.9,125.4,0.0,9.0,2.7,0.0,27.0,36.0,60.6,28.3,27.838461538461537,1244.6414201183434,21.05,33.9,33.05,7.075
39.2,6.6,1.8,27.0,31.8,132.8,0.0,9.0,5.4,0.0,27.0,39.0,73.2,29.6,30.215384615384615,1500.8804733727811,24.1,36.4,33.1,7.4
39.3,9.899999999999999,2.7,27.0,32.7,140.2,0.0,9.0,8.100000000000001,0.0,27.0,42.0,85.8,30.9,32.59230769230769,1757.119526627219,27.15,38.9,33.15,7.725
39.4,13.2,3.6,27.0,33.6,147.6,0.0,9.0,10.8,0.0,27.0,45.0,98.4,32.2,34.96923076923077,2013.358579881657,30.2,41.4,33.2,8.05
39.5,16.5,4.5,27.0,34.5,155.0,0.0,9.0,13.5,0.0,27.0,48.0,111.0,33.5,37.34615384615385,2269.5976331360953,33.25,43.9,33.25,8.375
39.6,19.799999999999997,5.4,27.0,35.4,162.4,0.0,9.0,16.200000000000003,0.0,27.0,51.0,123.6,34.8,39.723076923076924,2525.836686390533,36.3,46.4,33.3,8.7
39.7,23.099999999999998,6.3,27.0,36.3,169.8,0.0,9.0,18.900000000000002,0.0,27.0,54.0,136.2,36.1,42.1,2782.075739644971,39.349999999999994,48.9,33.35,9.025
39.8,26.4,7.2,27.0,37.2,177.2,0.0,9.0,21.6,0.0,27.0,57.0,148.8,37.4,44.47692307692308,3038.3147928994085,42.4,51.4,33.4,9.35
39.9,29.7,8.1,27.0,38.1,184.60000000000002,0.0,9.0,24.3,0.0,27.0,60.0,161.39999999999998,38.7,46.853846153846156,3294.5538461538463,45.45,53.9,33.45,9.675
40.0,33.0,9.0,27.0,39.0,192.0,0.0,9.0,27.0,0.0,27.0,63.0,174.0,40.0,49.23076923076923,3550.7928994082845,48.5,56.4,33.5,10.0
40.2,33.9,9.0,25.6,44.4,173.7,0.0,9.9,27.0,6.9,25.2,65.1,171.9,41.4,48.67692307692308,3380.7195266272192,49.35,54.18,32.9,10.35
40.4,34.8,9.0,24.2,49.8,155.4,0.0,10.8,27.0,13.8,23.4,67.2,169.8,42.8,48.12307692307692,3210.6461538461544,50.2,51.96,32.3,10.7
40.6,35.7,9.0,22.8,55.2,137.1,0.0,11.7,27.0,20.700000000000003,21.6,69.3,167.7,44.2,47.56923076923077,3040.572781065089,51.05,49.74,31.7,11.05
40.8,36.6,9.0,21.4,60.6,118.8,0.0,12.6,27.0,27.6,19.8,71.4,165.6,45.6,47.01538461538462,2870.499408284024,51.9,47.519999999999996,31.1,11.4
41.0,37.5,9.0,20.0,66.0,100.5,0.0,13.5,27.0,34.5,18.0,73.5,163.5,47.0,46.46153846153847,2700.4260355029587,52.75,45.3,30.5,11.75
41.2,38.4,9.0,18.6,71.4,82.19999999999999,0.0,14.4,27.0,41.400000000000006,16.2,75.6,161.4,48.4,45.90769230769231,2530.3526627218935,53.6,43.08,29.9,12.1
41.4,39.3,9.0,17.200000000000003,76.80000000000001,63.900000000000006,0.0,15.3,27.0,48.300000000000004,14.4,77.7,159.3,49.8,45.353846153846156,2360.2792899408287,54.45,40.86,29.3,12.45
41.6,40.2,9.0,15.8,82.2,45.599999999999994,0.0,16.2,27.0,55.2,12.6,79.8,157.2,51.2,44.800000000000004,2190.2059171597634,55.3,38.64,28.7,12.8
41.8,41.1,9.0,14.4,87.6,27.299999999999983,0.0,17.1,27.0,62.1,10.8,81.9,155.1,52.6,44.246153846153845,2020.1325443786982,56.15,36.42,28.1,13.15
42.0,42.0,9.0,13.0,93.0,9.0,0.0,18.0,27.0,69.0,9.0,84.0,153.0,54.0,43.69230769230769,1850.0591715976332,57.0,34.2,27.5,13.5
45.0,38.7,9.4,15.3,89.1,11.7,0.0,17.1,24.3,69.0,8.1,82.8,140.4,51.7,42.37692307692308,1738.6934911242604,54.1,33.2,30.15,12.925
48.0,35.4,9.8,17.6,85.2,14.4,0.0,16.2,21.6,69.0,7.2,81.6,127.8,49.4,41.06153846153846,1627.3278106508876,51.2,32.2,32.8,12.35
51.0,32.1,10.2,19.9,81.3,17.1,0.0,15.3,18.9,69.0,6.3,80.4,115.2,47.1,39.746153846153845,1515.9621301775148,48.3,31.200000000000003,35.45,11.775
54.0,28.8,10.6,22.2,77.4,19.8,0.0,14.4,16.2,69.0,5.4,79.2,102.6,44.8,38.43076923076923,1404.596449704142,45.4,30.200000000000003,38.1,11.2
57.0,25.5,11.0,24.5,73.5,22.5,0.0,13.5,13.5,69.0,4.5,78.0,90.0,42.5,37.11538461538461,1293.2307692307693,42.5,29.200000000000003,40.75,10.625
60.0,22.200000000000003,11.4,26.799999999999997,69.6,25.200000000000003,0.0,12.6,10.799999999999997,69.0,3.5999999999999996,76.8,77.4,40.2,35.8,1181.8650887573965,39.6,28.2,43.4,10.05
63.0,18.900000000000002,11.8,29.099999999999998,65.7,27.900000000000002,0.0,11.7,8.099999999999998,69.0,2.7,75.6,64.8,37.900000000000006,34.48461538461539,1070.4994082840237,36.7,27.2,46.05,9.475000000000001
66.0,15.600000000000001,12.2,31.4,61.8,30.6,0.0,10.8,5.399999999999999,69.0,1.7999999999999998,74.4,52.2,35.6,33.16923076923077,959.133727810651,33.8,26.2,48.7,8.9
69.0,12.3,12.6,33.7,57.9,33.3,0.0,9.9,2.6999999999999993,69.0,0.9000000000000004,73.2,39.60000000000001,33.3,31.853846153846156,847.7680473372782,30.900000000000002,25.2,51.349999999999994,8.325
72.0,9.0,13.0,36.0,54.0,36.0,0.0,9.0,0.0,69.0,0.0,72.0,27.0,31.0,30.53846153846154,736.4023668639053,28.0,24.2,54.0,7.75
65.7,9.0,11.7,35.1,53.7,35.1,0.0,9.9,0.0,62.1,0.0,64.8,30.3,28.8,29.03076923076923,701.5100591715976,26.2,23.88,50.4,7.2
59.4,9.0,10.4,34.2,53.4,34.2,0.0,10.8,0.0,55.2,0.0,57.6,33.6,26.6,27.523076923076925,666.61775147929,24.4,23.56,46.8,6.65
53.1,9.0,9.1,33.3,53.1,33.3,0.0,11.7,0.0,48.3,0.0,50.4,36.9,24.4,26.015384615384615,631.7254437869823,22.6,23.24,43.2,6.1
46.8,9.0,7.8,32.4,52.8,32.4,0.0,12.6,0.0,41.4,0.0,43.2,40.2,22.2,24.50769230769231,596.8331360946745,20.8,22.919999999999998,39.6,5.55
40.5,9.0,6.5,31.5,52.5,31.5,0.0,13.5,0.0,34.5,0.0,36.0,43.5,20.0,23.0,561.9408284023668,19.0,22.6,36.0,5.0
34.2,9.0,5.199999999999999,30.6,52.2,30.6,0.0,14.4,0.0,27.599999999999994,0.0,28.799999999999997,46.8,17.799999999999997,21.49230769230769,527.0485207100592,17.2,22.28,32.4,4.449999999999999
27.9,9.0,3.9000000000000004,29.7,51.9,29.7,0.0,15.3,0.0,20.699999999999996,0.0,21.6,50.099999999999994,15.599999999999998,19.984615384615385,492.1562130177515,15.4,21.96,28.8,3.8999999999999995
21.6,9.0,2.5999999999999996,28.8,51.6,28.8,0.0,16.2,0.0,13.799999999999997,0.0,14.399999999999999,53.4,13.399999999999999,18.47692307692308,457.26390532544383,13.6,21.64,25.2,3.3499999999999996
15.300000000000004,9.0,1.299999999999999,27.9,51.3,27.9,0.0,17.1,0.0,6.899999999999999,0.0,7.200000000000003,56.7,11.2,16.96923076923077,422.37159763313616,11.8,21.32,21.6,2.8
9.0,9.0,0.0,27.0,51.0,27.0,0.0,18.0,0.0,0.0,0.0,0.0,60.0,9.0,15.461538461538462,387.47928994082844,10.0,21.0,18.0,2.25
