S-01,S-02,S-03,S-04,S-05,S-06,S-07,S-08,S-09,S-10,S-13,S-14,S-15,S-16,S-18,S-19,Average,Variance
39.6,28.2,50.4,33.6,94.2,23.4,86.4,51.0,85.8,67.2,55.8,138.6,150.6,103.2,90.0,36.0,62.85,1151.7458333333332
39.39,28.23,50.01,33.69,93.93,23.31,86.31,51.0,86.22,67.28,55.62,138.14,151.14,103.38,90.9,35.7,62.76083333333334,1148.6959027777775
39.18,28.259999999999998,49.62,33.78,93.66,23.22,86.22,51.0,86.64,67.36,55.44,137.68,151.68,103.56,91.8,35.4,62.67166666666667,1145.645972222222
38.97,28.29,49.23,33.870000000000005,93.39,23.13,86.13000000000001,51.0,87.06,67.44,55.26,137.22,152.22,103.74000000000001,92.7,35.1,62.5825,1142.5960416666667
38.76,28.32,48.839999999999996,33.96,93.12,23.04,86.04,51.0,87.48,67.52,55.08,136.76,152.76,103.92,93.6,34.8,62.49333333333333,1139.546111111111
38.55,28.35,48.45,34.05,92.85,22.95,85.95,51.0,87.9,67.6,54.9,136.3,153.3,104.1,94.5,34.5,62.40416666666667,1136.4961805555554
38.34,28.38,48.06,34.14,92.58,22.86,85.86,51.0,88.32,67.68,54.72,135.84,153.84,104.28,95.4,34.2,62.315000000000005,1133.44625
38.13,28.41,47.67,34.230000000000004,92.31,22.77,85.77,51.0,88.74,67.76,54.54,135.38,154.38,104.46000000000001,96.3,33.9,62.225833333333334,1130.3963194444445
37.92,28.44,47.28,34.32,92.04,22.68,85.68,51.0,89.16,67.84,54.36,134.92,154.92,104.64,97.2,33.6,62.13666666666667,1127.346388888889
37.71,28.47,46.89,34.41,91.77,22.59,85.59,51.0,89.58,67.92,54.18,134.46,155.46,104.82,98.1,33.3,62.0475,1124.2964583333332
37.5,28.5,46.5,34.5,91.5,22.5,85.5,51.0,90.0,68.0,54.0,134.0,156.0,105.0,99.0,33.0,61.958333333333336,1121.2465277777778
37.29,28.53,46.11,34.59,91.23,22.41,85.41,51.0,90.42,68.08,53.82,133.54,156.54,105.18,99.9,32.7,61.86916666666667,1118.1965972222224
37.08,28.56,45.72,34.68,90.96,22.32,85.32,51.0,90.84,68.16,53.64,133.08,157.08,105.36,100.8,32.4,61.78,1115.1466666666668
36.87,28.59,45.33,34.769999999999996,90.69,22.23,85.23,51.0,91.26,68.24,53.46,132.62,157.62,105.53999999999999,101.7,32.1,61.69083333333334,1112.096736111111
36.66,28.62,44.94,34.86,90.42,22.14,85.14,51.0,91.68,68.32,53.28,132.16,158.16,105.72,102.6,31.8,61.60166666666667,1109.0468055555557
36.45,28.65,44.55,34.95,90.15,22.05,85.05,51.0,92.1,68.4,53.1,131.7,158.7,105.9,103.5,31.5,61.5125,1105.9968750000003
36.24,28.68,44.160000000000004,35.04,89.88,21.96,84.96,51.0,92.52,68.48,52.92,131.24,159.24,106.08,104.4,31.2,61.42333333333334,1102.9469444444446
36.03,28.71,43.77,35.129999999999995,89.61,21.87,84.86999999999999,51.0,92.94,68.56,52.74,130.78,159.78,106.25999999999999,105.3,30.9,61.33416666666667,1099.897013888889
35.82,28.740000000000002,43.38,35.22,89.34,21.78,84.78,51.0,93.36,68.64,52.56,130.32,160.32,106.44,106.2,30.6,61.245000000000005,1096.8470833333336
35.61,28.77,42.99,35.31,89.07,21.69,84.69,51.0,93.78,68.72,52.38,129.86,160.86,106.62,107.1,30.3,61.155833333333334,1093.7971527777781
35.4,28.8,42.6,35.4,88.8,21.6,84.6,51.0,94.2,68.8,52.2,129.4,161.4,106.8,108.0,30.0,61.06666666666667,1090.7472222222225
35.19,28.830000000000002,42.21,35.489999999999995,88.53,21.51,84.50999999999999,51.0,94.62,68.88,52.02,128.94,161.94,106.97999999999999,108.9,29.7,60.977500000000006,1087.6972916666668
34.98,28.86,41.82,35.58,88.25999999999999,21.42,84.42,51.0,95.04,68.96,51.84,128.48000000000002,162.48000000000002,107.16,109.8,29.4,60.888333333333335,1084.6473611111114
34.769999999999996,28.89,41.43,35.67,87.99,21.330000000000002,84.33,51.0,95.46000000000001,69.03999999999999,51.660000000000004,128.02,163.02,107.34,110.7,29.1,60.799166666666665,1081.5974305555558
34.559999999999995,28.92,41.04,35.76,87.72,21.240000000000002,84.24,51.0,95.88000000000001,69.11999999999999,51.480000000000004,127.56,163.56,107.52,111.6,28.8,60.71,1078.5475000000001
34.349999999999994,28.950000000000003,40.650000000000006,35.849999999999994,87.44999999999999,21.15,84.15,51.0,96.30000000000001,69.19999999999999,51.3,127.1,164.10000000000002,107.69999999999999,112.5,28.5,60.62083333333334,1075.4975694444447
34.14,28.98,40.260000000000005,35.94,87.17999999999999,21.06,84.06,51.0,96.72,69.28,51.12,126.64,164.64000000000001,107.88,113.4,28.2,60.531666666666666,1072.447638888889
33.93,29.01,39.870000000000005,36.03,86.91,20.97,83.97,51.0,97.14,69.36,50.94,126.18,165.18,108.06,114.3,27.9,60.442499999999995,1069.3977083333334
33.72,29.040000000000003,39.480000000000004,36.12,86.64,20.88,83.88,51.0,97.56,69.44,50.76,125.72,165.72,108.24,115.2,27.6,60.35333333333333,1066.3477777777778
33.51,29.07,39.09,36.209999999999994,86.36999999999999,20.79,83.79,51.0,97.98,69.52,50.58,125.25999999999999,166.26000000000002,108.41999999999999,116.1,27.3,60.26416666666667,1063.2978472222223
33.3,29.1,38.7,36.3,86.1,20.7,83.7,51.0,98.4,69.6,50.4,124.8,166.8,108.6,117.0,27.0,60.175,1060.2479166666667
33.089999999999996,29.130000000000003,38.31,36.39,85.83,20.61,83.61,51.0,98.82000000000001,69.67999999999999,50.22,124.34,167.34,108.78,117.9,26.7,60.08583333333333,1057.197986111111
32.879999999999995,29.16,37.92,36.48,85.56,20.52,83.52,51.0,99.24000000000001,69.75999999999999,50.04,123.88,167.88,108.96,118.8,26.4,59.99666666666666,1054.1480555555556
32.669999999999995,29.19,37.53,36.57,85.28999999999999,20.43,83.43,51.0,99.66,69.84,49.86,123.42,168.42000000000002,109.14,119.7,26.1,59.9075,1051.098125
32.46,29.22,37.14,36.66,85.02,20.34,83.34,51.0,100.08,69.92,49.68,122.96,168.96,109.32,120.6,25.8,59.81833333333333,1048.0481944444446
32.25,29.25,36.75,36.75,84.75,20.25,83.25,51.0,100.5,70.0,49.5,122.5,169.5,109.5,121.5,25.5,59.729166666666664,1044.998263888889
32.04,29.28,36.36,36.84,84.48,20.16,83.16,51.0,100.92,70.08,49.32,122.04,170.04,109.68,122.4,25.2,59.64,1041.9483333333333
31.83,29.31,35.97,36.93,84.21000000000001,20.07,83.07,51.0,101.34,70.16,49.14,121.58,170.57999999999998,109.86,123.3,24.9,59.55083333333333,1038.8984027777778
31.619999999999997,29.34,35.58,37.02,83.94,19.98,82.98,51.0,101.75999999999999,70.24000000000001,48.96,121.12,171.12,110.04,124.2,24.6,59.461666666666666,1035.8484722222222
31.41,29.369999999999997,35.19,37.11,83.67,19.89,82.89,51.0,102.17999999999999,70.32000000000001,48.78,120.66,171.66,110.22,125.1,24.3,59.372499999999995,1032.7985416666668
31.2,29.4,34.8,37.2,83.4,19.8,82.8,51.0,102.6,70.4,48.6,120.2,172.2,110.4,126.0,24.0,59.28333333333333,1029.7486111111111
30.99,29.43,34.41,37.290000000000006,83.13000000000001,19.71,82.71,51.0,103.02,70.48,48.42,119.74000000000001,172.73999999999998,110.58000000000001,126.9,23.7,59.19416666666667,1026.6986805555555
30.78,29.459999999999997,34.019999999999996,37.38,82.86,19.62,82.62,51.0,103.44,70.56,48.24,119.28,173.28,110.76,127.8,23.4,59.105,1023.6487500000001
30.57,29.49,33.629999999999995,37.47,82.59,19.53,82.53,51.0,103.86,70.64,48.06,118.82,173.82,110.94,128.7,23.1,59.01583333333333,1020.5988194444444
30.36,29.52,33.239999999999995,37.56,82.32000000000001,19.44,82.44,51.0,104.28,70.72,47.88,118.36,174.35999999999999,111.12,129.6,22.8,58.92666666666666,1017.5488888888889
30.15,29.549999999999997,32.849999999999994,37.650000000000006,82.05000000000001,19.35,82.35,51.0,104.69999999999999,70.80000000000001,47.7,117.9,174.89999999999998,111.30000000000001,130.5,22.5,58.8375,1014.4989583333333
29.94,29.58,32.46,37.74,81.78,19.259999999999998,82.26,51.0,105.11999999999999,70.88000000000001,47.519999999999996,117.44,175.44,111.48,131.4,22.2,58.748333333333335,1011.4490277777778
29.73,29.61,32.07,37.83,81.51,19.169999999999998,82.17,51.0,105.53999999999999,70.96000000000001,47.339999999999996,116.97999999999999,175.98,111.66,132.3,21.9,58.659166666666664,1008.3990972222223
29.52,29.64,31.68,37.92,81.24000000000001,19.08,82.08,51.0,105.96,71.04,47.16,116.52,176.51999999999998,111.84,133.2,21.6,58.57,1005.3491666666666
29.310000000000002,29.669999999999998,31.29,38.010000000000005,80.97,18.99,81.99000000000001,51.0,106.38,71.12,46.98,116.06,177.06,112.02000000000001,134.1,21.3,58.48083333333333,1002.2992361111111
29.1,29.7,30.9,38.1,80.7,18.9,81.9,51.0,106.8,71.2,46.8,115.6,177.6,112.2,135.0,21.0,58.391666666666666,999.2493055555556
28.89,29.73,30.509999999999998,38.19,80.43,18.81,81.81,51.0,107.22,71.28,46.62,115.14,178.14,112.38,135.9,20.7,58.3025,996.199375
28.68,29.759999999999998,30.119999999999997,38.28,80.16,18.72,81.72,51.0,107.64,71.36,46.44,114.67999999999999,178.68,112.56,136.8,20.4,58.21333333333333,993.1494444444445
28.470000000000002,29.79,29.73,38.370000000000005,79.89,18.63,81.63000000000001,51.0,108.06,71.44,46.26,114.22,179.22,112.74000000000001,137.7,20.1,58.12416666666667,990.0995138888889
28.26,29.82,29.34,38.46,79.62,18.54,81.54,51.0,108.48,71.52,46.08,113.75999999999999,179.76,112.92,138.6,19.8,58.035,987.0495833333333
28.05,29.85,28.95,38.55,79.35,18.45,81.45,51.0,108.9,71.6,45.9,113.3,180.3,113.1,139.5,19.5,57.94583333333333,983.9996527777778
27.84,29.88,28.56,38.64,79.08,18.36,81.36,51.0,109.32,71.68,45.72,112.84,180.84,113.28,140.4,19.2,57.85666666666667,980.9497222222222
27.63,29.91,28.169999999999998,38.730000000000004,78.81,18.27,81.27,51.0,109.74,71.76,45.54,112.38,181.38,113.46000000000001,141.3,18.9,57.7675,977.8997916666667
27.42,29.94,27.78,38.82,78.54,18.18,81.18,51.0,110.16,71.84,45.36,111.92,181.92,113.64,142.2,18.6,57.678333333333335,974.8498611111111
27.21,29.97,27.39,38.91,78.27,18.09,81.09,51.0,110.58,71.92,45.18,111.46,182.46,113.82,143.1,18.3,57.589166666666664,971.7999305555555
27.0,30.0,27.0,39.0,78.0,18.0,81.0,51.0,111.0,72.0,45.0,111.0,183.0,114.0,144.0,18.0,57.5,968.75
27.84,30.27,27.48,39.21,78.18,18.15,81.27,50.94,111.0,72.0,45.09,111.0,181.92,113.79,143.88,18.3,57.7025,966.554375
28.68,30.54,27.96,39.42,78.36,18.3,81.54,50.88,111.0,72.0,45.18,111.0,180.84,113.58,143.76,18.6,57.905,964.35875
29.52,30.810000000000002,28.44,39.63,78.53999999999999,18.45,81.81,50.82,111.0,72.0,45.269999999999996,111.0,179.76,113.37,143.64000000000001,18.9,58.1075,962.163125
30.36,31.080000000000002,28.92,39.84,78.72,18.6,82.08,50.76,111.0,72.0,45.36,111.0,178.68,113.16,143.52,19.2,58.31,959.9675
31.2,31.35,29.4,40.05,78.9,18.75,82.35,50.7,111.0,72.0,45.45,111.0,177.6,112.95,143.4,19.5,58.5125,957.771875
32.04,31.62,29.880000000000003,40.26,79.08,18.9,82.62,50.64,111.0,72.0,45.54,111.0,176.51999999999998,112.74000000000001,143.28,19.8,58.714999999999996,955.5762500000001
32.879999999999995,31.89,30.36,40.47,79.25999999999999,19.05,82.89,50.58,111.0,72.0,45.629999999999995,111.0,175.44,112.53,143.16,20.1,58.9175,953.380625
33.72,32.160000000000004,30.84,40.68,79.44,19.2,83.16,50.519999999999996,111.0,72.0,45.72,111.0,174.35999999999999,112.32000000000001,143.04000000000002,20.4,59.12,951.1850000000001
34.56,32.43,31.32,40.89,79.62,19.35,83.43,50.46,111.0,72.0,45.81,111.0,173.28,112.11,142.92000000000002,20.7,59.3225,948.989375
35.4,32.7,31.8,41.1,79.8,19.5,83.7,50.4,111.0,72.0,45.9,111.0,172.2,111.9,142.8,21.0,59.525,946.79375
36.239999999999995,32.97,32.28,41.31,79.97999999999999,19.65,83.97,50.339999999999996,111.0,72.0,45.989999999999995,111.0,171.12,111.69,142.68,21.3,59.7275,944.598125
37.08,33.24,32.76,41.52,80.16,19.8,84.24000000000001,50.28,111.0,72.0,46.08,111.0,170.04,111.48,142.56,21.6,59.93,942.4025
37.92,33.510000000000005,33.24,41.730000000000004,80.34,19.95,84.51,50.22,111.0,72.0,46.17,111.0,168.95999999999998,111.27000000000001,142.44,21.9,60.1325,940.2068750000001
38.76,33.78,33.72,41.940000000000005,80.52,20.1,84.78,50.16,111.0,72.0,46.26,111.0,167.88,111.06,142.32,22.2,60.335,938.01125
39.599999999999994,34.05,34.2,42.150000000000006,80.69999999999999,20.25,85.05000000000001,50.099999999999994,111.0,72.0,46.349999999999994,111.0,166.8,110.85,142.2,22.5,60.537499999999994,935.815625
40.44,34.32,34.68,42.36,80.88,20.4,85.32000000000001,50.04,111.0,72.0,46.44,111.0,165.72,110.64,142.08,22.8,60.739999999999995,933.62
41.28,34.59,35.160000000000004,42.57,81.06,20.55,85.59,49.98,111.0,72.0,46.53,111.0,164.64,110.43,141.96,23.1,60.942499999999995,931.424375
42.12,34.86,35.64,42.78,81.24,20.7,85.86,49.919999999999995,111.0,72.0,46.62,111.0,163.56,110.22,141.84,23.4,61.144999999999996,929.22875
42.959999999999994,35.129999999999995,36.120000000000005,42.99,81.41999999999999,20.85,86.13000000000001,49.86,111.0,72.0,46.709999999999994,111.0,162.48000000000002,110.00999999999999,141.72,23.7,61.3475,927.0331249999999
43.8,35.4,36.6,43.2,81.6,21.0,86.4,49.8,111.0,72.0,46.8,111.0,161.4,109.8,141.6,24.0,61.55,924.8375
44.64,35.67,37.08,43.410000000000004,81.78,21.15,86.67,49.739999999999995,111.0,72.0,46.89,111.0,160.32,109.59,141.48,24.3,61.7525,922.641875
45.48,35.94,37.56,43.620000000000005,81.96,21.3,86.94,49.68,111.0,72.0,46.98,111.0,159.24,109.38,141.35999999999999,24.6,61.955,920.44625
46.32,36.21,38.04,43.83,82.14,21.45,87.21000000000001,49.62,111.0,72.0,47.07,111.0,158.16,109.17,141.24,24.9,62.1575,918.250625
47.16,36.48,38.52,44.04,82.32,21.6,87.48,49.56,111.0,72.0,47.16,111.0,157.08,108.96,141.12,25.2,62.36,916.055
48.0,36.75,39.0,44.25,82.5,21.75,87.75,49.5,111.0,72.0,47.25,111.0,156.0,108.75,141.0,25.5,62.5625,913.859375
48.84,37.02,39.48,44.46,82.68,21.9,88.02,49.44,111.0,72.0,47.34,111.0,154.92,108.54,140.88,25.8,62.765,911.66375
49.68,37.29,39.96,44.67,82.86,22.05,88.28999999999999,49.38,111.0,72.0,47.43,111.0,153.84,108.33,140.76,26.1,62.9675,909.468125
50.52,37.56,40.44,44.879999999999995,83.04,22.2,88.56,49.32,111.0,72.0,47.52,111.0,152.76,108.12,140.64000000000001,26.4,63.17,907.2725
51.36,37.83,40.92,45.089999999999996,83.22,22.35,88.83,49.260000000000005,111.0,72.0,47.61,111.0,151.68,107.91,140.52,26.7,63.3725,905.076875
52.2,38.1,41.4,45.3,83.4,22.5,89.1,49.2,111.0,72.0,47.7,111.0,150.6,107.7,140.4,27.0,63.575,902.88125
53.040000000000006,38.370000000000005,41.879999999999995,45.51,83.58000000000001,22.65,89.36999999999999,49.14,111.0,72.0,47.790000000000006,111.0,149.51999999999998,107.49000000000001,140.28,27.3,63.7775,900.6856250000001
53.88,38.64,42.36,45.72,83.76,22.8,89.64,49.080000000000005,111.0,72.0,47.88,111.0,148.44,107.28,140.16,27.6,63.980000000000004,898.49
54.72,38.91,42.84,45.93,83.94,22.95,89.91,49.02,111.0,72.0,47.97,111.0,147.36,107.07,140.04,27.9,64.1825,896.294375
55.56,39.18,43.32,46.14,84.12,23.1,90.17999999999999,48.96,111.0,72.0,48.06,111.0,146.28,106.86,139.92,28.2,64.385,894.09875
56.400000000000006,39.45,43.8,46.349999999999994,84.30000000000001,23.25,90.44999999999999,48.900000000000006,111.0,72.0,48.150000000000006,111.0,145.2,106.65,139.8,28.5,64.5875,891.903125
57.24,39.72,44.28,46.559999999999995,84.48,23.4,90.72,48.84,111.0,72.0,48.24,111.0,144.12,106.44,139.68,28.8,64.78999999999999,889.7075
58.08,39.989999999999995,44.760000000000005,46.769999999999996,84.66,23.55,90.99,48.78,111.0,72.0,48.33,111.0,143.04000000000002,106.22999999999999,139.56,29.1,64.99249999999999,887.5118749999999
58.92,40.26,45.24,46.98,84.84,23.7,91.25999999999999,48.72,111.0,72.0,48.42,111.0,141.96,106.02,139.44,29.4,65.195,885.31625
59.760000000000005,40.53,45.72,47.19,85.02000000000001,23.85,91.53,48.660000000000004,111.0,72.0,48.510000000000005,111.0,140.88,105.81,139.32,29.7,65.3975,883.120625
60.6,40.8,46.2,47.4,85.2,24.0,91.8,48.6,111.0,72.0,48.6,111.0,139.8,105.6,139.2,30.0,65.6,880.925
61.44,41.07,46.68,47.61,85.38,24.15,92.07,48.54,111.0,72.0,48.69,111.0,138.72,105.39,139.07999999999998,30.3,65.8025,878.729375
62.28,41.339999999999996,47.160000000000004,47.82,85.56,24.3,92.34,48.480000000000004,111.0,72.0,48.78,111.0,137.64000000000001,105.17999999999999,138.95999999999998,30.6,66.005,876.5337499999999
63.120000000000005,41.61,47.64,48.03,85.74000000000001,24.45,92.61,48.42,111.0,72.0,48.870000000000005,111.0,136.56,104.97,138.84,30.9,66.2075,874.338125
63.96,41.879999999999995,48.120000000000005,48.24,85.92,24.6,92.88,48.36,111.0,72.0,48.96,111.0,135.48000000000002,104.75999999999999,138.72,31.2,66.41,872.1424999999999
64.8,42.15,48.6,48.45,86.1,24.75,93.15,48.3,111.0,72.0,49.05,111.0,134.4,104.55,138.6,31.5,66.6125,869.946875
65.64,42.42,49.08,48.66,86.28,24.9,93.42,48.24,111.0,72.0,49.14,111.0,133.32,104.34,138.48,31.8,66.815,867.75125
66.48,42.69,49.56,48.87,86.46000000000001,25.05,93.69,48.18,111.0,72.0,49.230000000000004,111.0,132.24,104.13,138.35999999999999,32.1,67.0175,865.555625
67.32,42.96,50.04,49.08,86.64,25.2,93.96,48.12,111.0,72.0,49.32,111.0,131.16,103.92,138.24,32.4,67.22,863.36
68.16,43.23,50.52,49.29,86.82,25.35,94.23,48.06,111.0,72.0,49.41,111.0,130.08,103.71,138.12,32.7,67.4225,861.164375
69.0,43.5,51.0,49.5,87.0,25.5,94.5,48.0,111.0,72.0,49.5,111.0,129.0,103.5,138.0,33.0,67.625,858.96875
69.84,43.77,51.48,49.71,87.18,25.65,94.77,47.94,111.0,72.0,49.59,111.0,127.92,103.29,137.88,33.3,67.8275,856.773125
70.68,44.04,51.96,49.92,87.36,25.8,95.04,47.88,111.0,72.0,49.68,111.0,126.84,103.08,137.76,33.6,68.03,854.5775
71.52,44.31,52.44,50.13,87.53999999999999,25.95,95.31,47.82,111.0,72.0,49.769999999999996,111.0,125.76,102.87,137.64000000000001,33.9,68.2325,852.381875
72.36,44.58,52.92,50.34,87.72,26.1,95.58,47.76,111.0,72.0,49.86,111.0,124.68,102.66,137.52,34.2,68.435,850.18625
73.2,44.85,53.4,50.55,87.9,26.25,95.85,47.7,111.0,72.0,49.95,111.0,123.6,102.45,137.4,34.5,68.6375,847.990625
74.04,45.120000000000005,53.879999999999995,50.76,88.08,26.4,96.12,47.64,111.0,72.0,50.04,111.0,122.52,102.24000000000001,137.28,34.8,68.84,845.7950000000001
74.88000000000001,45.39,54.36,50.97,88.25999999999999,26.55,96.39,47.58,111.0,72.0,50.129999999999995,111.0,121.44,102.03,137.16,35.1,69.0425,843.599375
75.72,45.660000000000004,54.839999999999996,51.18,88.44,26.7,96.66,47.519999999999996,111.0,72.0,50.22,111.0,120.36,101.82000000000001,137.04000000000002,35.4,69.245,841.4037500000001
76.56,45.93,55.32,51.39,88.62,26.85,96.93,47.46,111.0,72.0,50.31,111.0,119.28,101.61,136.92000000000002,35.7,69.4475,839.208125
77.4,46.2,55.8,51.6,88.8,27.0,97.2,47.4,111.0,72.0,50.4,111.0,118.2,101.4,136.8,36.0,69.65,837.0125
78.24000000000001,46.470000000000006,56.28,51.81,88.97999999999999,27.15,97.47,47.339999999999996,111.0,72.0,50.489999999999995,111.0,117.12,101.19,136.68,36.3,69.8525,834.816875
79.08000000000001,46.74,56.76,52.02,89.16,27.3,97.74000000000001,47.28,111.0,72.0,50.58,111.0,116.04,100.98,136.56,36.6,70.055,832.62125
79.92,47.010000000000005,57.239999999999995,52.230000000000004,89.34,27.45,98.01,47.22,111.0,72.0,50.67,111.0,114.96000000000001,100.77000000000001,136.44,36.9,70.25750000000001,830.4256250000001
80.76,47.28,57.72,52.440000000000005,89.52,27.6,98.28,47.16,111.0,72.0,50.76,111.0,113.88000000000001,100.56,136.32,37.2,70.46000000000001,828.23
81.60000000000001,47.550000000000004,58.2,52.650000000000006,89.69999999999999,27.75,98.55000000000001,47.099999999999994,111.0,72.0,50.849999999999994,111.0,112.80000000000001,100.35,136.2,37.5,70.6625,826.034375
82.44000000000001,47.82000000000001,58.68,52.86,89.88,27.9,98.82000000000001,47.04,111.0,72.0,50.94,111.0,111.72,100.14,136.08,37.8,70.865,823.83875
83.28000000000002,48.09,59.16,53.07,90.06,28.05,99.09,46.98,111.0,72.0,51.03,111.0,110.64,99.93,135.96,38.1,71.0675,821.643125
84.12,48.36000000000001,59.64,53.28,90.24,28.2,99.36,46.919999999999995,111.0,72.0,51.12,111.0,109.56,99.72,135.84,38.4,71.27,819.4475
84.96000000000001,48.63,60.120000000000005,53.49,90.41999999999999,28.35,99.63000000000001,46.86,111.0,72.0,51.209999999999994,111.0,108.48,99.50999999999999,135.72,38.7,71.4725,817.2518749999999
85.80000000000001,48.900000000000006,60.6,53.7,90.6,28.5,99.9,46.8,111.0,72.0,51.3,111.0,107.4,99.3,135.6,39.0,71.675,815.05625
86.64000000000001,49.17,61.08,53.910000000000004,90.78,28.65,100.17,46.739999999999995,111.0,72.0,51.39,111.0,106.32000000000001,99.09,135.48,39.3,71.8775,812.860625
87.48,49.440000000000005,61.56,54.120000000000005,90.96,28.8,100.44,46.68,111.0,72.0,51.48,111.0,105.24000000000001,98.88,135.35999999999999,39.6,72.08,810.665
88.32000000000001,49.71000000000001,62.040000000000006,54.33,91.14,28.95,100.71000000000001,46.62,111.0,72.0,51.57,111.0,104.16,98.67,135.24,39.9,72.2825,808.469375
89.16000000000001,49.980000000000004,62.52,54.54,91.32,29.1,100.98,46.56,111.0,72.0,51.66,111.0,103.08,98.46,135.12,40.2,72.485,806.27375
90.0,50.25,63.0,54.75,91.5,29.25,101.25,46.5,111.0,72.0,51.75,111.0,102.0,98.25,135.0,40.5,72.6875,804.078125
90.84,50.52,63.480000000000004,54.96,91.68,29.4,101.52,46.44,111.0,72.0,51.84,111.0,100.92,98.04,134.88,40.8,72.89,801.8825
91.68,50.790000000000006,63.96000000000001,55.17,91.86,29.55,101.78999999999999,46.38,111.0,72.0,51.93,111.0,99.84,97.83,134.76,41.1,73.0925,799.686875
92.52000000000001,51.06,64.44,55.379999999999995,92.04,29.7,102.06,46.32,111.0,72.0,52.02,111.0,98.75999999999999,97.62,134.64000000000001,41.4,73.295,797.49125
93.36,51.33,64.92,55.589999999999996,92.22,29.85,102.33,46.260000000000005,111.0,72.0,52.11,111.0,97.67999999999999,97.41,134.52,41.7,73.4975,795.295625
94.2,51.6,65.4,55.8,92.4,30.0,102.6,46.2,111.0,72.0,52.2,111.0,96.6,97.2,134.4,42.0,73.7,793.1
95.04,51.870000000000005,65.88000000000001,56.01,92.58000000000001,30.15,102.86999999999999,46.14,111.0,72.0,52.290000000000006,111.0,95.52,96.99000000000001,134.28,42.3,73.9025,790.9043750000001
95.88,52.14,66.36,56.22,92.76,30.3,103.14,46.080000000000005,111.0,72.0,52.38,111.0,94.44,96.78,134.16,42.6,74.105,788.70875
96.72,52.41,66.84,56.43,92.94,30.45,103.41,46.02,111.0,72.0,52.47,111.0,93.36,96.57,134.04,42.9,74.3075,786.513125
97.56,52.68,67.32,56.64,93.12,30.6,103.67999999999999,45.96,111.0,72.0,52.56,111.0,92.28,96.36,133.92,43.2,74.51,784.3175
98.4,52.95,67.8,56.85,93.30000000000001,30.75,103.94999999999999,45.900000000000006,111.0,72.0,52.650000000000006,111.0,91.19999999999999,96.15,133.8,43.5,74.7125,782.121875
99.24,53.22,68.28,57.06,93.48,30.9,104.22,45.84,111.0,72.0,52.74,111.0,90.11999999999999,95.94,133.68,43.8,74.91499999999999,779.92625
100.08,53.489999999999995,68.75999999999999,57.27,93.66,31.05,104.49,45.78,111.0,72.0,52.83,111.0,89.03999999999999,95.72999999999999,133.56,44.1,75.11749999999999,777.7306249999999
100.92,53.76,69.24,57.480000000000004,93.84,31.2,104.75999999999999,45.72,111.0,72.0,52.92,111.0,87.96,95.52,133.44,44.4,75.32,775.535
101.75999999999999,54.03,69.71999999999998,57.690000000000005,94.02000000000001,31.35,105.03,45.660000000000004,111.0,72.0,53.010000000000005,111.0,86.88,95.31,133.32,44.7,75.5225,773.339375
102.6,54.3,70.19999999999999,57.900000000000006,94.2,31.5,105.3,45.6,111.0,72.0,53.1,111.0,85.8,95.1,133.2,45.0,75.725,771.14375
103.44,54.57,70.67999999999999,58.11000000000001,94.38,31.65,105.57,45.54,111.0,72.0,53.19,111.0,84.72,94.89,133.07999999999998,45.3,75.9275,768.948125
104.28,54.839999999999996,71.16,58.32000000000001,94.56,31.8,105.84,45.480000000000004,111.0,72.0,53.28,111.0,83.64,94.67999999999999,132.95999999999998,45.6,76.13,766.7524999999999
105.11999999999999,55.11,71.63999999999999,58.53,94.74000000000001,31.95,106.11,45.42,111.0,72.0,53.370000000000005,111.0,82.56,94.47,132.84,45.9,76.3325,764.556875
105.96,55.379999999999995,72.11999999999999,58.74,94.92,32.1,106.38,45.36,111.0,72.0,53.46,111.0,81.48,94.25999999999999,132.72,46.2,76.535,762.3612499999999
106.8,55.65,72.6,58.95,95.1,32.25,106.65,45.3,111.0,72.0,53.55,111.0,80.4,94.05,132.6,46.5,76.7375,760.165625
107.64,55.92,73.08,59.160000000000004,95.28,32.4,106.92,45.24,111.0,72.0,53.64,111.0,79.32,93.84,132.48,46.8,76.94,757.97
108.48,56.19,73.56,59.370000000000005,95.46000000000001,32.55,107.19,45.18,111.0,72.0,53.730000000000004,111.0,78.24,93.63,132.35999999999999,47.1,77.1425,755.774375
109.32,56.46,74.03999999999999,59.58,95.64,32.7,107.46,45.12,111.0,72.0,53.82,111.0,77.16,93.42,132.24,47.4,77.345,753.57875
110.16,56.73,74.52,59.79,95.82,32.85,107.73,45.06,111.0,72.0,53.91,111.0,76.08,93.21,132.12,47.7,77.5475,751.383125
111.0,57.0,75.0,60.0,96.0,33.0,108.0,45.0,111.0,72.0,54.0,111.0,75.0,93.0,132.0,48.0,77.75,749.1875
110.58,57.36,75.0,59.91,95.79,34.35,107.64,45.24,110.83,71.88,54.45,110.85,75.21,92.16,131.25,48.33,77.82333333333334,750.0397222222223
110.16,57.72,75.0,59.82,95.58,35.7,107.28,45.48,110.66,71.76,54.9,110.7,75.42,91.32,130.5,48.66,77.89666666666666,750.8919444444444
109.74,58.08,75.0,59.730000000000004,95.37,37.05,106.92,45.72,110.49,71.64,55.35,110.55,75.63,90.48,129.75,48.99,77.97,751.7441666666666
109.32,58.44,75.0,59.64,95.16,38.4,106.56,45.96,110.32,71.52,55.8,110.4,75.84,89.64,129.0,49.32,78.04333333333334,752.5963888888889
108.9,58.8,75.0,59.55,94.95,39.75,106.2,46.2,110.15,71.4,56.25,110.25,76.05,88.8,128.25,49.65,78.11666666666667,753.4486111111112
108.48,59.160000000000004,75.0,59.46,94.74000000000001,41.1,105.84,46.44,109.98,71.28,56.7,110.1,76.25999999999999,87.96,127.5,49.98,78.19,754.3008333333333
108.06,59.52,75.0,59.370000000000005,94.53,42.45,105.48,46.68,109.81,71.16,57.15,109.95,76.47,87.11999999999999,126.75,50.309999999999995,78.26333333333334,755.1530555555555
107.64,59.88,75.0,59.28,94.32000000000001,43.8,105.12,46.92,109.64,71.03999999999999,57.6,109.8,76.67999999999999,86.28,126.0,50.64,78.33666666666667,756.0052777777778
107.22,60.24,75.0,59.19,94.11,45.15,104.76,47.16,109.47,70.92,58.05,109.65,76.89,85.44,125.25,50.97,78.41,756.8575000000001
106.8,60.6,75.0,59.1,93.9,46.5,104.4,47.4,109.3,70.8,58.5,109.5,77.1,84.6,124.5,51.3,78.48333333333333,757.7097222222222
106.38,60.96,75.0,59.010000000000005,93.69,47.85,104.04,47.64,109.13,70.67999999999999,58.95,109.35,77.31,83.75999999999999,123.75,51.629999999999995,78.55666666666667,758.5619444444444
105.96,61.32,75.0,58.92,93.48,49.2,103.68,47.879999999999995,108.96,70.56,59.4,109.2,77.52,82.92,123.0,51.96,78.63,759.4141666666667
105.53999999999999,61.68,75.0,58.83,93.27000000000001,50.55,103.32000000000001,48.12,108.78999999999999,70.44,59.85,109.05,77.72999999999999,82.08,122.25,52.29,78.70333333333333,760.266388888889
105.11999999999999,62.04,75.0,58.74,93.06,51.9,102.96000000000001,48.36,108.61999999999999,70.32,60.3,108.9,77.94,81.24,121.5,52.62,78.77666666666667,761.1186111111111
104.69999999999999,62.400000000000006,75.0,58.650000000000006,92.85,53.25,102.6,48.599999999999994,108.44999999999999,70.19999999999999,60.75,108.75,78.15,80.4,120.75,52.95,78.85,761.9708333333333
104.28,62.760000000000005,75.0,58.56,92.64,54.6,102.24,48.839999999999996,108.28,70.08,61.2,108.6,78.36,79.56,120.0,53.28,78.92333333333333,762.8230555555556
103.86,63.120000000000005,75.0,58.47,92.43,55.95,101.88,49.08,108.11,69.96,61.65,108.45,78.57,78.72,119.25,53.61,78.99666666666667,763.6752777777779
103.44,63.480000000000004,75.0,58.38,92.22,57.3,101.52,49.32,107.94,69.83999999999999,62.1,108.3,78.78,77.88,118.5,53.94,79.07000000000001,764.5275
103.02,63.84,75.0,58.290000000000006,92.00999999999999,58.65,101.16,49.559999999999995,107.77,69.72,62.55,108.15,78.99000000000001,77.04,117.75,54.27,79.14333333333333,765.3797222222222
102.6,64.2,75.0,58.2,91.8,60.0,100.8,49.8,107.6,69.6,63.0,108.0,79.2,76.2,117.0,54.6,79.21666666666667,766.2319444444445
102.17999999999999,64.56,75.0,58.11,91.59,61.35,100.44,50.04,107.42999999999999,69.47999999999999,63.45,107.85,79.41,75.36,116.25,54.93,79.29,767.0841666666668
101.75999999999999,64.92,75.0,58.02,91.38,62.7,100.08,50.28,107.25999999999999,69.36,63.9,107.7,79.62,74.52,115.5,55.26,79.36333333333333,767.9363888888889
101.34,65.28,75.0,57.93,91.17,64.05,99.72,50.519999999999996,107.09,69.24,64.35,107.55,79.83,73.68,114.75,55.59,79.43666666666667,768.7886111111111
100.92,65.64,75.0,57.84,90.96,65.4,99.36,50.76,106.92,69.12,64.8,107.4,80.04,72.84,114.0,55.92,79.51,769.6408333333334
100.5,66.0,75.0,57.75,90.75,66.75,99.0,51.0,106.75,69.0,65.25,107.25,80.25,72.0,113.25,56.25,79.58333333333334,770.4930555555557
100.08,66.36,75.0,57.66,90.54,68.1,98.64,51.24,106.58,68.88,65.7,107.1,80.46,71.16,112.5,56.58,79.65666666666667,771.3452777777778
99.66,66.72,75.0,57.57,90.33,69.45,98.28,51.480000000000004,106.41,68.76,66.15,106.95,80.67,70.32,111.75,56.91,79.73,772.1975
99.24000000000001,67.08,75.0,57.48,90.12,70.8,97.92,51.72,106.24000000000001,68.64,66.6,106.8,80.88,69.48,111.0,57.24,79.80333333333334,773.0497222222223
98.82000000000001,67.44,75.0,57.39,89.91,72.15,97.56,51.96,106.07000000000001,68.52000000000001,67.05,106.65,81.09,68.64,110.25,57.57,79.87666666666667,773.9019444444446
98.4,67.8,75.0,57.3,89.7,73.5,97.2,52.2,105.9,68.4,67.5,106.5,81.3,67.8,109.5,57.9,79.95,774.7541666666667
97.98,68.16,75.0,57.209999999999994,89.49000000000001,74.85,96.84,52.440000000000005,105.73,68.28,67.95,106.35,81.50999999999999,66.96,108.75,58.23,80.02333333333334,775.6063888888889
97.56,68.52,75.0,57.12,89.28,76.2,96.48,52.68,105.56,68.16000000000001,68.4,106.2,81.72,66.12,108.0,58.56,80.09666666666666,776.4586111111112
97.14,68.88,75.0,57.03,89.07,77.55,96.12,52.92,105.39,68.04,68.85,106.05,81.93,65.28,107.25,58.89,80.17,777.3108333333334
96.72,69.24,75.0,56.94,88.86,78.9,95.76,53.160000000000004,105.22,67.92,69.3,105.9,82.14,64.44,106.5,59.22,80.24333333333334,778.1630555555556
96.30000000000001,69.6,75.0,56.849999999999994,88.65,80.25,95.4,53.400000000000006,105.05000000000001,67.80000000000001,69.75,105.75,82.35,63.599999999999994,105.75,59.55,80.31666666666666,779.0152777777778
95.88000000000001,69.96000000000001,75.0,56.76,88.44,81.6,95.03999999999999,53.64,104.88000000000001,67.68,70.2,105.6,82.56,62.76,105.0,59.88,80.39,779.8675000000001
95.46000000000001,70.32000000000001,75.0,56.67,88.22999999999999,82.95,94.67999999999999,53.88,104.71000000000001,67.56,70.65,105.45,82.77000000000001,61.92,104.25,60.21,80.46333333333334,780.7197222222223
95.04,70.68,75.0,56.58,88.02,84.3,94.32,54.120000000000005,104.54,67.44,71.1,105.3,82.98,61.08,103.5,60.54,80.53666666666668,781.5719444444445
94.62,71.04,75.0,56.489999999999995,87.81,85.65,93.96,54.36,104.37,67.32000000000001,71.55,105.15,83.19,60.239999999999995,102.75,60.870000000000005,80.61,782.4241666666667
94.2,71.4,75.0,56.4,87.6,87.0,93.6,54.6,104.2,67.2,72.0,105.0,83.4,59.4,102.0,61.2,80.68333333333334,783.276388888889
93.78,71.76,75.0,56.31,87.39,88.35,93.24,54.84,104.03,67.08,72.45,104.85,83.61,58.56,101.25,61.53,80.75666666666667,784.1286111111112
93.36,72.12,75.0,56.22,87.17999999999999,89.7,92.88,55.08,103.86,66.96000000000001,72.9,104.7,83.82000000000001,57.72,100.5,61.86,80.83,784.9808333333334
92.94,72.48,75.0,56.129999999999995,86.97,91.05,92.52,55.32,103.69,66.84,73.35,104.55,84.03,56.879999999999995,99.75,62.190000000000005,80.90333333333334,785.8330555555556
92.52,72.84,75.0,56.04,86.75999999999999,92.4,92.16,55.56,103.52,66.72,73.8,104.4,84.24000000000001,56.04,99.0,62.52,80.97666666666666,786.6852777777779
92.1,73.2,75.0,55.95,86.55,93.75,91.8,55.8,103.35,66.6,74.25,104.25,84.45,55.2,98.25,62.85,81.05,787.5375000000001
91.68,73.56,75.0,55.86,86.34,95.1,91.44,56.04,103.18,66.48,74.7,104.1,84.66,54.36,97.5,63.18,81.12333333333333,788.3897222222223
91.26,73.92,75.0,55.769999999999996,86.13,96.45,91.08,56.28,103.01,66.36,75.15,103.95,84.87,53.519999999999996,96.75,63.51,81.19666666666666,789.2419444444445
90.84,74.28,75.0,55.68,85.92,97.8,90.72,56.52,102.84,66.24,75.6,103.8,85.08,52.68,96.0,63.84,81.27,790.0941666666668
90.42,74.64,75.0,55.59,85.71,99.15,90.36,56.76,102.67,66.12,76.05,103.65,85.29,51.84,95.25,64.17,81.34333333333332,790.946388888889
90.0,75.0,75.0,55.5,85.5,100.5,90.0,57.0,102.5,66.0,76.5,103.5,85.5,51.0,94.5,64.5,81.41666666666666,791.7986111111112
89.58,75.36,75.0,55.41,85.29,101.85,89.64,57.24,102.33,65.88,76.95,103.35,85.71,50.16,93.75,64.83,81.49,792.6508333333334
89.16,75.72,75.0,55.32,85.08,103.2,89.28,57.48,102.16,65.76,77.4,103.2,85.92,49.32,93.0,65.16,81.56333333333332,793.5030555555556
88.74,76.08,75.0,55.230000000000004,84.87,104.55,88.92,57.72,101.99,65.64,77.85,103.05,86.13,48.480000000000004,92.25,65.49,81.63666666666666,794.3552777777779
88.32,76.44,75.0,55.14,84.66,105.9,88.56,57.96,101.82,65.52,78.3,102.9,86.34,47.64,91.5,65.82,81.71,795.2075000000001
87.9,76.8,75.0,55.05,84.45,107.25,88.2,58.2,101.65,65.4,78.75,102.75,86.55,46.8,90.75,66.15,81.78333333333333,796.0597222222223
87.48,77.16,75.0,54.96,84.24000000000001,108.6,87.84,58.44,101.48,65.28,79.2,102.6,86.75999999999999,45.96,90.0,66.48,81.85666666666665,796.9119444444445
87.06,77.52,75.0,54.870000000000005,84.03,109.95,87.48,58.68,101.31,65.16,79.65,102.45,86.97,45.120000000000005,89.25,66.81,81.92999999999999,797.7641666666668
86.64,77.88,75.0,54.78,83.82000000000001,111.3,87.12,58.92,101.14,65.03999999999999,80.1,102.3,87.17999999999999,44.28,88.5,67.14,82.00333333333333,798.616388888889
86.22,78.24,75.0,54.69,83.61,112.65,86.76,59.16,100.97,64.92,80.55,102.15,87.39,43.44,87.75,67.47,82.07666666666665,799.4686111111112
85.8,78.6,75.0,54.6,83.4,114.0,86.4,59.4,100.8,64.8,81.0,102.0,87.6,42.6,87.0,67.8,82.14999999999999,800.3208333333334
85.38,78.96,75.0,54.510000000000005,83.19,115.35,86.04,59.64,100.63,64.67999999999999,81.45,101.85,87.81,41.760000000000005,86.25,68.13,82.22333333333333,801.1730555555557
84.96,79.32,75.0,54.42,82.98,116.7,85.68,59.879999999999995,100.46,64.56,81.9,101.7,88.02,40.92,85.5,68.46,82.29666666666665,802.0252777777779
84.53999999999999,79.67999999999999,75.0,54.33,82.77000000000001,118.05,85.32000000000001,60.12,100.28999999999999,64.44,82.35,101.55,88.22999999999999,40.08,84.75,68.78999999999999,82.36999999999999,802.8775
84.11999999999999,80.03999999999999,75.0,54.24,82.56,119.4,84.96000000000001,60.36,100.11999999999999,64.32,82.8,101.4,88.44,39.24,84.0,69.11999999999999,82.44333333333333,803.7297222222223
83.69999999999999,80.4,75.0,54.150000000000006,82.35,120.75,84.6,60.599999999999994,99.94999999999999,64.2,83.25,101.25,88.65,38.400000000000006,83.25,69.44999999999999,82.51666666666665,804.5819444444446
83.28,80.76,75.0,54.06,82.14,122.1,84.24,60.839999999999996,99.78,64.08,83.7,101.1,88.86,37.56,82.5,69.78,82.58999999999999,805.4341666666668
82.86,81.12,75.0,53.97,81.93,123.45,83.88,61.08,99.61,63.96,84.15,100.95,89.07,36.72,81.75,70.11,82.66333333333333,806.286388888889
82.44,81.48,75.0,53.88,81.72,124.8,83.52,61.32,99.44,63.84,84.6,100.8,89.28,35.88,81.0,70.44,82.73666666666666,807.1386111111112
82.02,81.84,75.0,53.790000000000006,81.50999999999999,126.15,83.16,61.559999999999995,99.27,63.72,85.05,100.65,89.49000000000001,35.040000000000006,80.25,70.77,82.80999999999999,807.9908333333335
81.6,82.2,75.0,53.7,81.3,127.5,82.8,61.8,99.1,63.6,85.5,100.5,89.7,34.2,79.5,71.1,82.88333333333333,808.8430555555557
81.17999999999999,82.56,75.0,53.61,81.09,128.85,82.44,62.04,98.92999999999999,63.480000000000004,85.95,100.35,89.91,33.36,78.75,71.42999999999999,82.95666666666666,809.6952777777778
80.75999999999999,82.92,75.0,53.52,80.88,130.2,82.08,62.28,98.75999999999999,63.36,86.4,100.2,90.12,32.52,78.0,71.75999999999999,83.02999999999999,810.5475000000001
80.34,83.28,75.0,53.43,80.67,131.55,81.72,62.519999999999996,98.59,63.24,86.85,100.05,90.33,31.680000000000003,77.25,72.09,83.10333333333332,811.3997222222224
79.92,83.64,75.0,53.34,80.46,132.9,81.36,62.76,98.42,63.12,87.3,99.9,90.54,30.840000000000003,76.5,72.42,83.17666666666666,812.2519444444446
79.5,84.0,75.0,53.25,80.25,134.25,81.0,63.0,98.25,63.0,87.75,99.75,90.75,30.0,75.75,72.75,83.25,813.1041666666667
79.08,84.36,75.0,53.16,80.04,135.6,80.64,63.24,98.08,62.88,88.2,99.6,90.96,29.160000000000004,75.0,73.08,83.32333333333332,813.956388888889
78.66,84.72,75.0,53.07,79.83,136.95,80.28,63.480000000000004,97.91,62.76,88.65,99.45,91.17,28.32,74.25,73.41,83.39666666666666,814.8086111111113
78.24000000000001,85.08,75.0,52.98,79.62,138.3,79.92,63.72,97.74000000000001,62.64,89.1,99.3,91.38,27.48,73.5,73.74000000000001,83.47,815.6608333333335
77.82000000000001,85.44,75.0,52.89,79.41,139.65,79.56,63.96,97.57000000000001,62.519999999999996,89.55,99.15,91.59,26.64,72.75,74.07000000000001,83.54333333333332,816.5130555555556
77.4,85.8,75.0,52.8,79.2,141.0,79.2,64.2,97.4,62.4,90.0,99.0,91.8,25.8,72.0,74.4,83.61666666666666,817.3652777777779
76.98,86.16,75.0,52.709999999999994,78.99000000000001,142.35,78.84,64.44,97.23,62.28,90.45,98.85,92.00999999999999,24.96,71.25,74.73,83.69,818.2175000000002
76.56,86.52,75.0,52.62,78.78,143.7,78.48,64.68,97.06,62.16,90.9,98.7,92.22,24.119999999999997,70.5,75.06,83.76333333333332,819.0697222222224
76.14,86.88,75.0,52.53,78.57,145.05,78.12,64.92,96.89,62.04,91.35,98.55,92.43,23.279999999999998,69.75,75.39,83.83666666666666,819.9219444444445
75.72,87.24,75.0,52.44,78.36,146.4,77.76,65.16,96.72,61.92,91.8,98.4,92.64,22.439999999999998,69.0,75.72,83.91,820.7741666666668
75.3,87.6,75.0,52.349999999999994,78.15,147.75,77.4,65.4,96.55000000000001,61.8,92.25,98.25,92.85,21.599999999999994,68.25,76.05000000000001,83.98333333333332,821.6263888888891
74.88,87.96000000000001,75.0,52.26,77.94,149.1,77.03999999999999,65.64,96.38000000000001,61.68,92.7,98.1,93.06,20.759999999999994,67.5,76.38000000000001,84.05666666666666,822.4786111111113
74.46,88.32000000000001,75.0,52.17,77.72999999999999,150.45,76.67999999999999,65.88,96.21000000000001,61.56,93.15,97.95,93.27000000000001,19.919999999999995,66.75,76.71000000000001,84.13,823.3308333333334
74.03999999999999,88.68,75.0,52.08,77.52,151.8,76.32,66.11999999999999,96.04,61.440000000000005,93.6,97.8,93.48,19.07999999999999,66.0,77.04,84.20333333333333,824.1830555555557
73.61999999999999,89.04,75.0,51.989999999999995,77.31,153.15,75.96,66.36,95.87,61.32,94.05,97.65,93.69,18.23999999999999,65.25,77.37,84.27666666666666,825.035277777778
73.19999999999999,89.4,75.0,51.9,77.1,154.5,75.6,66.6,95.7,61.2,94.5,97.5,93.9,17.39999999999999,64.5,77.7,84.35,825.8875000000002
72.77999999999999,89.76,75.0,51.81,76.89,155.85,75.24,66.83999999999999,95.53,61.080000000000005,94.95,97.35,94.11,16.55999999999999,63.75,78.03,84.42333333333333,826.7397222222223
72.35999999999999,90.12,75.0,51.72,76.67999999999999,157.2,74.88,67.08,95.36,60.96,95.4,97.2,94.32000000000001,15.719999999999994,63.0,78.36,84.49666666666666,827.5919444444446
71.94,90.48,75.0,51.629999999999995,76.47,158.55,74.52,67.32,95.19,60.84,95.85,97.05,94.53,14.879999999999994,62.25,78.69,84.57,828.4441666666669
71.52,90.84,75.0,51.54,76.25999999999999,159.9,74.16,67.56,95.02,60.72,96.3,96.9,94.74000000000001,14.039999999999996,61.5,79.02,84.64333333333333,829.296388888889
71.1,91.2,75.0,51.45,76.05,161.25,73.8,67.8,94.85,60.6,96.75,96.75,94.95,13.199999999999996,60.75,79.35,84.71666666666667,830.1486111111112
70.67999999999999,91.56,75.0,51.36,75.84,162.6,73.44,68.03999999999999,94.68,60.480000000000004,97.2,96.6,95.16,12.359999999999996,60.0,79.68,84.78999999999999,831.0008333333335
70.25999999999999,91.92,75.0,51.269999999999996,75.63,163.95,73.08,68.28,94.51,60.36,97.65,96.45,95.37,11.519999999999996,59.25,80.01,84.86333333333333,831.8530555555558
69.84,92.28,75.0,51.18,75.42,165.3,72.72,68.52,94.34,60.24,98.1,96.3,95.58,10.679999999999998,58.5,80.34,84.93666666666667,832.705277777778
69.42,92.64,75.0,51.09,75.21,166.65,72.36,68.76,94.17,60.12,98.55,96.15,95.79,9.84,57.75,80.67,85.00999999999999,833.5575000000001
69.0,93.0,75.0,51.0,75.0,168.0,72.0,69.0,94.0,60.0,99.0,96.0,96.0,9.0,57.0,81.0,85.08333333333333,834.4097222222224
69.99,93.27,74.52,51.18,74.79,173.04,72.45,69.0,94.11,59.7,98.64,96.06,96.54,9.09,56.82,81.0,85.5625,1105.310625
70.98,93.54,74.04,51.36,74.58,178.08,72.9,69.0,94.22,59.4,98.28,96.12,97.08,9.18,56.64,81.0,86.04166666666666,1376.211527777778
71.97,93.81,73.56,51.54,74.37,183.12,73.35,69.0,94.33,59.1,97.92,96.17999999999999,97.62,9.27,56.46,81.0,86.52083333333333,1647.1124305555556
72.96000000000001,94.08,73.08,51.72,74.16,188.16,73.8,69.0,94.44,58.8,97.56,96.24,98.16,9.36,56.28,81.0,87.0,1918.0133333333333
73.95,94.35,72.6,51.9,73.95,193.2,74.25,69.0,94.55,58.5,97.2,96.3,98.7,9.45,56.1,81.0,87.47916666666666,2188.9142361111108
74.94,94.62,72.12,52.08,73.74000000000001,198.24,74.7,69.0,94.66,58.2,96.84,96.36,99.24000000000001,9.540000000000001,55.92,81.0,87.95833333333333,2459.815138888889
75.93,94.89,71.64,52.26,73.53,203.28,75.15,69.0,94.77,57.9,96.48,96.42,99.78,9.63,55.74,81.0,88.4375,2730.7160416666666
76.92,95.16,71.16,52.44,73.32000000000001,208.32,75.6,69.0,94.88,57.6,96.12,96.47999999999999,100.32000000000001,9.72,55.56,81.0,88.91666666666667,3001.616944444444
77.91000000000001,95.43,70.68,52.62,73.11,213.36,76.05,69.0,94.99,57.3,95.76,96.53999999999999,100.86,9.81,55.38,81.0,89.39583333333333,3272.5178472222224
78.9,95.7,70.2,52.8,72.9,218.4,76.5,69.0,95.1,57.0,95.4,96.6,101.4,9.9,55.2,81.0,89.875,3543.41875
79.89,95.97,69.72,52.98,72.69,223.44,76.95,69.0,95.21,56.7,95.04,96.66,101.94,9.99,55.02,81.0,90.35416666666667,3814.3196527777777
80.88000000000001,96.24000000000001,69.24000000000001,53.16,72.48,228.48000000000002,77.4,69.0,95.32,56.4,94.68,96.72,102.48,10.08,54.84,81.0,90.83333333333333,4085.2205555555556
81.87,96.51,68.76,53.339999999999996,72.27000000000001,233.52,77.85,69.0,95.42999999999999,56.1,94.32000000000001,96.78,103.02000000000001,10.17,54.660000000000004,81.0,91.3125,4356.121458333333
82.86,96.78,68.28,53.519999999999996,72.06,238.56,78.3,69.0,95.53999999999999,55.8,93.96000000000001,96.84,103.56,10.26,54.480000000000004,81.0,91.79166666666666,4627.0223611111105
83.85,97.05000000000001,67.80000000000001,53.7,71.85,243.60000000000002,78.75,69.0,95.65,55.5,93.6,96.9,104.1,10.350000000000001,54.3,81.0,92.27083333333333,4897.923263888889
84.84,97.32000000000001,67.32000000000001,53.88,71.64,248.64000000000001,79.2,69.0,95.76,55.2,93.24,96.96,104.64,10.440000000000001,54.12,81.0,92.75,5168.824166666666
85.83,97.59,66.84,54.06,71.43,253.68,79.65,69.0,95.87,54.9,92.88,97.02,105.18,10.530000000000001,53.94,81.0,93.22916666666666,5439.725069444445
86.82,97.86,66.36,54.24,71.22,258.72,80.1,69.0,95.98,54.6,92.52,97.08,105.72,10.620000000000001,53.76,81.0,93.70833333333333,5710.625972222222
87.81,98.13000000000001,65.88000000000001,54.42,71.00999999999999,263.76,80.55,69.0,96.09,54.3,92.16,97.14,106.25999999999999,10.71,53.58,81.0,94.18749999999999,5981.526875
88.8,98.4,65.4,54.6,70.8,268.8,81.0,69.0,96.2,54.0,91.8,97.2,106.8,10.8,53.4,81.0,94.66666666666666,6252.427777777778
89.78999999999999,98.67,64.92,54.78,70.59,273.84000000000003,81.45,69.0,96.31,53.7,91.44,97.26,107.34,10.89,53.22,81.0,95.14583333333333,6523.328680555555
90.78,98.94,64.44,54.96,70.38,278.88,81.9,69.0,96.42,53.4,91.08,97.32000000000001,107.88,10.98,53.04,81.0,95.62499999999999,6794.229583333334
91.77,99.21000000000001,63.96000000000001,55.14,70.17,283.92,82.35,69.0,96.53,53.1,90.72,97.38,108.42,11.07,52.86,81.0,96.10416666666666,7065.130486111111
92.76,99.48,63.480000000000004,55.32,69.96,288.96,82.8,69.0,96.64,52.8,90.36,97.44,108.96,11.16,52.68,81.0,96.58333333333331,7336.031388888889
93.75,99.75,63.0,55.5,69.75,294.0,83.25,69.0,96.75,52.5,90.0,97.5,109.5,11.25,52.5,81.0,97.06249999999999,7606.932291666666
94.74,100.02,62.52,55.68,69.54,299.04,83.7,69.0,96.86,52.2,89.64,97.56,110.04,11.34,52.32,81.0,97.54166666666666,7877.833194444444
95.73,100.28999999999999,62.040000000000006,55.86,69.33,304.08,84.15,69.0,96.97,51.9,89.28,97.62,110.58,11.43,52.14,81.0,98.02083333333331,8148.734097222222
96.72,100.56,61.56,56.04,69.12,309.12,84.6,69.0,97.08,51.6,88.92,97.67999999999999,111.12,11.52,51.96,81.0,98.49999999999999,8419.635
97.71000000000001,100.83,61.08,56.22,68.91,314.15999999999997,85.05,69.0,97.19,51.3,88.56,97.74,111.66,11.61,51.78,81.0,98.97916666666664,8690.535902777778
98.7,101.1,60.6,56.4,68.7,319.2,85.5,69.0,97.3,51.0,88.2,97.8,112.2,11.7,51.6,81.0,99.45833333333331,8961.436805555555
99.69,101.36999999999999,60.120000000000005,56.58,68.49000000000001,324.24,85.95,69.0,97.41,50.7,87.84,97.86,112.74000000000001,11.79,51.42,81.0,99.93749999999999,9232.337708333333
100.68,101.64,59.64,56.76,68.28,329.28,86.4,69.0,97.52,50.4,87.48,97.92,113.28,11.879999999999999,51.24,81.0,100.41666666666666,9503.23861111111
101.67,101.91,59.16,56.94,68.07,334.32,86.85,69.0,97.63,50.1,87.12,97.98,113.82,11.969999999999999,51.06,81.0,100.89583333333331,9774.139513888887
102.66,102.17999999999999,58.68,57.12,67.86,339.36,87.3,69.0,97.74,49.8,86.76,98.04,114.36,12.059999999999999,50.88,81.0,101.37499999999999,10045.040416666665
103.65,102.44999999999999,58.2,57.3,67.65,344.4,87.75,69.0,97.85,49.5,86.4,98.1,114.9,12.149999999999999,50.7,81.0,101.85416666666666,10315.941319444442
104.64,102.72,57.72,57.480000000000004,67.44,349.44,88.2,69.0,97.96000000000001,49.2,86.03999999999999,98.16,115.44,12.24,50.519999999999996,81.0,102.33333333333333,10586.842222222222
105.63,102.99,57.239999999999995,57.660000000000004,67.22999999999999,354.48,88.65,69.0,98.07000000000001,48.9,85.67999999999999,98.22,115.97999999999999,12.33,50.339999999999996,81.0,102.8125,10857.743124999999
106.61999999999999,103.25999999999999,56.76,57.84,67.02,359.52000000000004,89.1,69.0,98.18,48.6,85.32,98.28,116.52,12.42,50.16,81.0,103.29166666666666,11128.644027777777
107.61,103.53,56.28,58.02,66.81,364.56,89.55,69.0,98.29,48.3,84.96,98.34,117.06,12.51,49.98,81.0,103.77083333333333,11399.544930555554
108.6,103.8,55.8,58.2,66.6,369.6,90.0,69.0,98.4,48.0,84.6,98.4,117.6,12.6,49.8,81.0,104.25,11670.445833333331
109.58999999999999,104.07,55.32,58.38,66.39,374.64000000000004,90.45,69.0,98.51,47.7,84.24,98.46000000000001,118.14,12.69,49.62,81.0,104.72916666666667,11941.346736111109
110.58,104.34,54.839999999999996,58.56,66.17999999999999,379.68,90.9,69.0,98.62,47.4,83.88,98.52000000000001,118.67999999999999,12.78,49.44,81.0,105.20833333333333,12212.247638888888
111.57,104.61,54.36,58.74,65.97,384.72,91.35,69.0,98.73,47.1,83.52,98.58,119.22,12.87,49.26,81.0,105.6875,12483.148541666666
112.56,104.88,53.879999999999995,58.92,65.75999999999999,389.76,91.8,69.0,98.84,46.8,83.16,98.64,119.75999999999999,12.959999999999999,49.08,81.0,106.16666666666666,12754.049444444443
113.55,105.15,53.4,59.1,65.55,394.8,92.25,69.0,98.95,46.5,82.8,98.7,120.3,13.05,48.9,81.0,106.64583333333333,13024.95034722222
114.53999999999999,105.42,52.92,59.28,65.34,399.84000000000003,92.7,69.0,99.06,46.2,82.44,98.76,120.84,13.14,48.72,81.0,107.125,13295.85125
115.53,105.69,52.44,59.46,65.13,404.88,93.15,69.0,99.17,45.9,82.08,98.82000000000001,121.38,13.23,48.54,81.0,107.60416666666666,13566.752152777777
116.52,105.96,51.96,59.64,64.92,409.92,93.6,69.0,99.28,45.6,81.72,98.88,121.92,13.32,48.36,81.0,108.08333333333333,13837.653055555555
117.51,106.23,51.48,59.82,64.71,414.96,94.05,69.0,99.39,45.3,81.36,98.94,122.46,13.41,48.18,81.0,108.56249999999999,14108.553958333334
118.5,106.5,51.0,60.0,64.5,420.0,94.5,69.0,99.5,45.0,81.0,99.0,123.0,13.5,48.0,81.0,109.04166666666666,14379.454861111111
119.49,106.77,50.52,60.18,64.29,425.04,94.95,69.0,99.61,44.7,80.64,99.06,123.54,13.59,47.82,81.0,109.52083333333333,14650.355763888889
120.48,107.04,50.04,60.36,64.08,430.08,95.4,69.0,99.72,44.4,80.28,99.12,124.08,13.68,47.64,81.0,109.99999999999999,14921.256666666666
121.47,107.31,49.56,60.54,63.87,435.12,95.85,69.0,99.83,44.1,79.92,99.17999999999999,124.62,13.77,47.46,81.0,110.47916666666666,15192.157569444444
122.46000000000001,107.58,49.08,60.72,63.66,440.15999999999997,96.3,69.0,99.94,43.8,79.56,99.24,125.16,13.86,47.28,81.0,110.95833333333331,15463.058472222221
123.45,107.85,48.6,60.9,63.45,445.2,96.75,69.0,100.05,43.5,79.2,99.3,125.7,13.95,47.1,81.0,111.43749999999999,15733.959374999999
124.44,108.12,48.120000000000005,61.08,63.24,450.24,97.2,69.0,100.16,43.2,78.84,99.36,126.24000000000001,14.040000000000001,46.92,81.0,111.91666666666666,16004.860277777778
125.43,108.39,47.64,61.26,63.03,455.28,97.65,69.0,100.27,42.9,78.48,99.42,126.78,14.13,46.74,81.0,112.39583333333331,16275.761180555555
126.42,108.66,47.160000000000004,61.44,62.82,460.32,98.1,69.0,100.38,42.6,78.12,99.47999999999999,127.32000000000001,14.22,46.56,81.0,112.87499999999999,16546.662083333333
127.41000000000001,108.93,46.68,61.62,62.61,465.35999999999996,98.55,69.0,100.49,42.3,77.76,99.53999999999999,127.86,14.31,46.38,81.0,113.35416666666664,16817.56298611111
128.4,109.2,46.2,61.8,62.4,470.4,99.0,69.0,100.6,42.0,77.4,99.6,128.4,14.4,46.2,81.0,113.83333333333331,17088.463888888888
129.39000000000001,109.47,45.72,61.98,62.19,475.44,99.45,69.0,100.71,41.7,77.04,99.66,128.94,14.49,46.02,81.0,114.31249999999999,17359.364791666667
130.38,109.74000000000001,45.24,62.16,61.98,480.47999999999996,99.9,69.0,100.82,41.4,76.68,99.72,129.48000000000002,14.58,45.84,81.0,114.79166666666666,17630.265694444442
131.37,110.01,44.760000000000005,62.339999999999996,61.769999999999996,485.52,100.35,69.0,100.92999999999999,41.1,76.32000000000001,99.78,130.02,14.67,45.660000000000004,81.0,115.27083333333331,17901.16659722222
132.36,110.28,44.28,62.519999999999996,61.559999999999995,490.55999999999995,100.8,69.0,101.03999999999999,40.8,75.96000000000001,99.84,130.56,14.76,45.480000000000004,81.0,115.74999999999999,18172.067499999997
133.35000000000002,110.55000000000001,43.8,62.7,61.349999999999994,495.59999999999997,101.25,69.0,101.15,40.5,75.6,99.9,131.10000000000002,14.850000000000001,45.3,81.0,116.22916666666666,18442.968402777777
134.34,110.82000000000001,43.32,62.88,61.14,500.64,101.7,69.0,101.26,40.2,75.24,99.96,131.64000000000001,14.940000000000001,45.12,81.0,116.70833333333333,18713.869305555556
135.33,111.09,42.84,63.06,60.93,505.67999999999995,102.15,69.0,101.37,39.9,74.88,100.02,132.18,15.030000000000001,44.94,81.0,117.1875,18984.77020833333
136.32000000000002,111.36,42.36,63.24,60.72,510.71999999999997,102.6,69.0,101.48,39.6,74.52,100.08,132.72,15.120000000000001,44.76,81.0,117.66666666666666,19255.67111111111
137.31,111.63000000000001,41.879999999999995,63.42,60.51,515.76,103.05,69.0,101.59,39.3,74.16,100.14,133.26000000000002,15.21,44.58,81.0,118.14583333333333,19526.572013888886
138.3,111.9,41.4,63.6,60.3,520.8,103.5,69.0,101.7,39.0,73.8,100.2,133.8,15.3,44.4,81.0,118.625,19797.472916666666
139.29000000000002,112.17,40.92,63.78,60.089999999999996,525.8399999999999,103.95,69.0,101.81,38.7,73.44,100.26,134.34,15.39,44.22,81.0,119.10416666666667,20068.373819444445
140.28,112.44,40.44,63.96,59.879999999999995,530.88,104.4,69.0,101.92,38.4,73.08,100.32000000000001,134.88,15.48,44.04,81.0,119.58333333333333,20339.27472222222
141.27,112.71000000000001,39.96,64.14,59.67,535.92,104.85,69.0,102.03,38.1,72.72,100.38,135.42000000000002,15.57,43.86,81.0,120.0625,20610.175625
142.26,112.98,39.48,64.32000000000001,59.46,540.96,105.3,69.0,102.14,37.8,72.36,100.44,135.96,15.66,43.68,81.0,120.54166666666666,20881.076527777775
143.25,113.25,39.0,64.5,59.25,546.0,105.75,69.0,102.25,37.5,72.0,100.5,136.5,15.75,43.5,81.0,121.02083333333333,21151.977430555555
144.24,113.52,38.52,64.68,59.04,551.04,106.2,69.0,102.36,37.2,71.64,100.56,137.04,15.84,43.32,81.0,121.5,21422.878333333334
145.23,113.78999999999999,38.04,64.86,58.83,556.08,106.65,69.0,102.47,36.9,71.28,100.62,137.57999999999998,15.93,43.14,81.0,121.97916666666666,21693.77923611111
146.22,114.06,37.56,65.04,58.620000000000005,561.12,107.1,69.0,102.58,36.6,70.92,100.67999999999999,138.12,16.02,42.96,81.0,122.45833333333333,21964.68013888889
147.20999999999998,114.33,37.08,65.22,58.410000000000004,566.1600000000001,107.55,69.0,102.69,36.3,70.56,100.74,138.66,16.11,42.78,81.0,122.93749999999999,22235.581041666665
148.2,114.6,36.6,65.4,58.2,571.2,108.0,69.0,102.8,36.0,70.2,100.8,139.2,16.2,42.6,81.0,123.41666666666666,22506.481944444444
149.19,114.86999999999999,36.120000000000005,65.58000000000001,57.99,576.24,108.45,69.0,102.91,35.7,69.84,100.86,139.73999999999998,16.29,42.42,81.0,123.89583333333333,22777.382847222223
150.18,115.14,35.64,65.76,57.78,581.28,108.9,69.0,103.02,35.4,69.48,100.92,140.28,16.38,42.24,81.0,124.37499999999999,23048.28375
151.17,115.41,35.160000000000004,65.94,57.57,586.32,109.35,69.0,103.13,35.1,69.12,100.98,140.82,16.47,42.06,81.0,124.85416666666666,23319.184652777778
152.16,115.67999999999999,34.68,66.12,57.36,591.36,109.8,69.0,103.24,34.8,68.76,101.04,141.35999999999999,16.56,41.88,81.0,125.33333333333331,23590.085555555557
153.15,115.94999999999999,34.2,66.30000000000001,57.150000000000006,596.4,110.25,69.0,103.35,34.5,68.4,101.1,141.89999999999998,16.65,41.7,81.0,125.81249999999999,23860.986458333333
154.14000000000001,116.22,33.720000000000006,66.48,56.940000000000005,601.4399999999999,110.7,69.0,103.46000000000001,34.2,68.03999999999999,101.16,142.44,16.740000000000002,41.519999999999996,81.0,126.29166666666666,24131.887361111112
155.13000000000002,116.49,33.24,66.66,56.730000000000004,606.4799999999999,111.15,69.0,103.57000000000001,33.9,67.67999999999999,101.22,142.98,16.830000000000002,41.339999999999996,81.0,126.77083333333331,24402.78826388889
156.12,116.75999999999999,32.760000000000005,66.84,56.52,611.52,111.6,69.0,103.68,33.6,67.32,101.28,143.51999999999998,16.92,41.16,81.0,127.24999999999999,24673.68916666667
157.11,117.03,32.28,67.02000000000001,56.31,616.56,112.05,69.0,103.79,33.3,66.96,101.34,144.06,17.01,40.98,81.0,127.72916666666664,24944.590069444446
158.10000000000002,117.3,31.800000000000004,67.2,56.1,621.5999999999999,112.5,69.0,103.9,33.0,66.6,101.4,144.6,17.1,40.8,81.0,128.20833333333331,25215.490972222226
159.09000000000003,117.57,31.320000000000004,67.38,55.89,626.6399999999999,112.95,69.0,104.01,32.7,66.24,101.46000000000001,145.14,17.19,40.62,81.0,128.68749999999997,25486.391875
160.08,117.84,30.840000000000003,67.56,55.68,631.68,113.4,69.0,104.12,32.4,65.88,101.52000000000001,145.68,17.28,40.44,81.0,129.16666666666666,25757.29277777778
161.07000000000002,118.11,30.360000000000003,67.74000000000001,55.47,636.7199999999999,113.85,69.0,104.23,32.1,65.52,101.58,146.22,17.37,40.26,81.0,129.64583333333331,26028.19368055556
162.06,118.38,29.880000000000003,67.92,55.26,641.76,114.3,69.0,104.34,31.8,65.16,101.64,146.76,17.46,40.08,81.0,130.125,26299.094583333335
163.05,118.65,29.400000000000002,68.1,55.05,646.8,114.75,69.0,104.45,31.5,64.8,101.7,147.3,17.55,39.9,81.0,130.60416666666666,26569.99548611111
164.04000000000002,118.92,28.92,68.28,54.84,651.8399999999999,115.2,69.0,104.56,31.2,64.44,101.76,147.84,17.64,39.72,81.0,131.08333333333331,26840.89638888889
165.03,119.19,28.44,68.46000000000001,54.63,656.88,115.65,69.0,104.67,30.9,64.08,101.82000000000001,148.38,17.73,39.54,81.0,131.5625,27111.79729166667
166.02,119.46,27.96,68.64,54.42,661.92,116.1,69.0,104.78,30.6,63.72,101.88,148.92,17.82,39.36,81.0,132.04166666666666,27382.698194444445
167.01,119.73,27.48,68.82,54.21,666.96,116.55,69.0,104.89,30.3,63.36,101.94,149.46,17.91,39.18,81.0,132.52083333333334,27653.59909722222
168.0,120.0,27.0,69.0,54.0,672.0,117.0,69.0,105.0,30.0,63.0,102.0,150.0,18.0,39.0,81.0,133.0,27924.5
171.78,122.91,27.6,69.9,54.39,745.5,117.81,70.3,105.0,30.0,63.0,102.0,149.58,18.0,39.45,81.33,140.01583333333332,74818.39743055555
175.56,125.82,28.2,70.8,54.78,819.0,118.62,71.6,105.0,30.0,63.0,102.0,149.16,18.0,39.9,81.66,147.03166666666667,121712.2948611111
179.34,128.73,28.8,71.7,55.17,892.5,119.42999999999999,72.9,105.0,30.0,63.0,102.0,148.74,18.0,40.35,81.99,154.0475,168606.19229166667
183.12,131.64,29.4,72.6,55.56,966.0,120.24,74.2,105.0,30.0,63.0,102.0,148.32,18.0,40.8,82.32,161.06333333333333,215500.0897222222
186.9,134.55,30.0,73.5,55.95,1039.5,121.05,75.5,105.0,30.0,63.0,102.0,147.9,18.0,41.25,82.65,168.07916666666665,262393.9871527777
190.68,137.45999999999998,30.6,74.4,56.339999999999996,1113.0,121.86,76.8,105.0,30.0,63.0,102.0,147.48000000000002,18.0,41.7,82.98,175.095,309287.88458333333
194.46,140.37,31.2,75.3,56.73,1186.5,122.67,78.1,105.0,30.0,63.0,102.0,147.06,18.0,42.15,83.31,182.11083333333335,356181.7820138889
198.24,143.28,31.8,76.2,57.12,1260.0,123.47999999999999,79.4,105.0,30.0,63.0,102.0,146.64000000000001,18.0,42.6,83.64,189.12666666666667,403075.6794444444
202.02,146.19,32.4,77.1,57.51,1333.5,124.28999999999999,80.7,105.0,30.0,63.0,102.0,146.22,18.0,43.05,83.97,196.14249999999998,449969.57687499997
205.8,149.1,33.0,78.0,57.9,1407.0,125.1,82.0,105.0,30.0,63.0,102.0,145.8,18.0,43.5,84.3,203.15833333333333,496863.4743055555
209.58,152.01,33.6,78.9,58.29,1480.5,125.91,83.3,105.0,30.0,63.0,102.0,145.38,18.0,43.95,84.63,210.17416666666668,543757.3717361111
213.36,154.92,34.2,79.8,58.68,1554.0,126.72,84.6,105.0,30.0,63.0,102.0,144.96,18.0,44.4,84.96,217.19,590651.2691666667
217.14000000000001,157.82999999999998,34.8,80.7,59.07,1627.5,127.52999999999999,85.9,105.0,30.0,63.0,102.0,144.54000000000002,18.0,44.85,85.28999999999999,224.20583333333332,637545.1665972222
220.92000000000002,160.73999999999998,35.4,81.6,59.46,1701.0,128.34,87.2,105.0,30.0,63.0,102.0,144.12,18.0,45.3,85.61999999999999,231.22166666666666,684439.0640277778
224.7,163.64999999999998,36.0,82.5,59.849999999999994,1774.5,129.14999999999998,88.5,105.0,30.0,63.0,102.0,143.7,18.0,45.75,85.94999999999999,238.2375,731332.9614583333
228.48000000000002,166.56,36.6,83.4,60.239999999999995,1848.0,129.95999999999998,89.8,105.0,30.0,63.0,102.0,143.28,18.0,46.2,86.28,245.25333333333333,778226.8588888888
232.26,169.47,37.2,84.3,60.629999999999995,1921.5,130.76999999999998,91.1,105.0,30.0,63.0,102.0,142.86,18.0,46.65,86.61,252.26916666666665,825120.7563194444
236.04,172.38,37.8,85.2,61.019999999999996,1995.0,131.57999999999998,92.4,105.0,30.0,63.0,102.0,142.44,18.0,47.1,86.94,259.28499999999997,872014.6537499999
239.82,175.29,38.4,86.1,61.41,2068.5,132.39,93.7,105.0,30.0,63.0,102.0,142.01999999999998,18.0,47.55,87.27,266.30083333333334,918908.5511805555
243.6,178.2,39.0,87.0,61.8,2142.0,133.2,95.0,105.0,30.0,63.0,102.0,141.6,18.0,48.0,87.6,273.31666666666666,965802.448611111
247.38,181.10999999999999,39.6,87.9,62.19,2215.5,134.01,96.3,105.0,30.0,63.0,102.0,141.18,18.0,48.45,87.92999999999999,280.3325,1012696.3460416666
251.16,184.01999999999998,40.2,88.8,62.58,2289.0,134.82,97.6,105.0,30.0,63.0,102.0,140.76,18.0,48.9,88.25999999999999,287.34833333333336,1059590.2434722222
254.94,186.93,40.8,89.7,62.97,2362.5,135.63,98.9,105.0,30.0,63.0,102.0,140.34,18.0,49.35,88.59,294.3641666666667,1106484.1409027777
258.71999999999997,189.84,41.4,90.6,63.36,2436.0,136.44,100.2,105.0,30.0,63.0,102.0,139.92,18.0,49.8,88.92,301.38,1153378.0383333333
262.5,192.75,42.0,91.5,63.75,2509.5,137.25,101.5,105.0,30.0,63.0,102.0,139.5,18.0,50.25,89.25,308.39583333333337,1200271.9357638888
266.28,195.66,42.6,92.4,64.14,2583.0,138.06,102.8,105.0,30.0,63.0,102.0,139.08,18.0,50.7,89.58,315.4116666666667,1247165.8331944444
270.06,198.57,43.2,93.3,64.53,2656.5,138.87,104.1,105.0,30.0,63.0,102.0,138.66,18.0,51.15,89.91,322.4275,1294059.7306249999
273.84,201.48000000000002,43.8,94.2,64.92,2730.0,139.68,105.4,105.0,30.0,63.0,102.0,138.24,18.0,51.6,90.24000000000001,329.4433333333333,1340953.6280555555
277.62,204.39000000000001,44.4,95.1,65.31,2803.5,140.49,106.7,105.0,30.0,63.0,102.0,137.82,18.0,52.05,90.57000000000001,336.4591666666667,1387847.5254861112
281.4,207.3,45.0,96.0,65.7,2877.0,141.3,108.0,105.0,30.0,63.0,102.0,137.4,18.0,52.5,90.9,343.475,1434741.4229166666
285.17999999999995,210.21,45.6,96.9,66.09,2950.5,142.11,109.3,105.0,30.0,63.0,102.0,136.98000000000002,18.0,52.95,91.23,350.49083333333334,1481635.320347222
288.96,213.12,46.2,97.8,66.48,3024.0,142.92000000000002,110.6,105.0,30.0,63.0,102.0,136.56,18.0,53.4,91.56,357.50666666666666,1528529.2177777777
292.74,216.03,46.8,98.7,66.87,3097.5,143.73000000000002,111.9,105.0,30.0,63.0,102.0,136.14,18.0,53.85,91.89,364.52250000000004,1575423.1152083334
296.52,218.94,47.4,99.6,67.26,3171.0,144.54000000000002,113.2,105.0,30.0,63.0,102.0,135.72,18.0,54.3,92.22,371.53833333333336,1622317.0126388888
300.29999999999995,221.85000000000002,48.0,100.5,67.65,3244.5,145.35000000000002,114.5,105.0,30.0,63.0,102.0,135.3,18.0,54.75,92.55000000000001,378.5541666666667,1669210.9100694442
304.08,224.76,48.6,101.4,68.03999999999999,3318.0,146.16,115.8,105.0,30.0,63.0,102.0,134.88,18.0,55.2,92.88000000000001,385.57,1716104.8074999999
307.86,227.67000000000002,49.2,102.3,68.42999999999999,3391.5,146.97,117.1,105.0,30.0,63.0,102.0,134.45999999999998,18.0,55.65,93.21000000000001,392.5858333333333,1762998.7049305555
311.64,230.58,49.8,103.2,68.82,3465.0,147.78,118.4,105.0,30.0,63.0,102.0,134.04,18.0,56.1,93.54,399.6016666666667,1809892.602361111
315.41999999999996,233.49,50.4,104.1,69.21,3538.5,148.59,119.7,105.0,30.0,63.0,102.0,133.62,18.0,56.55,93.87,406.6175,1856786.4997916664
319.2,236.4,51.0,105.0,69.6,3612.0,149.4,121.0,105.0,30.0,63.0,102.0,133.2,18.0,57.0,94.2,413.6333333333333,1903680.397222222
322.98,239.31,51.6,105.9,69.99,3685.5,150.21,122.3,105.0,30.0,63.0,102.0,132.78,18.0,57.45,94.53,420.64916666666664,1950574.2946527775
326.76,242.22,52.2,106.8,70.38,3759.0,151.02,123.6,105.0,30.0,63.0,102.0,132.35999999999999,18.0,57.9,94.86,427.66499999999996,1997468.1920833332
330.53999999999996,245.13,52.8,107.7,70.77,3832.5,151.83,124.9,105.0,30.0,63.0,102.0,131.94,18.0,58.35,95.19,434.6808333333333,2044362.0895138886
334.32,248.04,53.4,108.6,71.16,3906.0,152.64000000000001,126.2,105.0,30.0,63.0,102.0,131.51999999999998,18.0,58.8,95.52,441.6966666666666,2091255.986944444
338.1,250.95,54.0,109.5,71.55,3979.5,153.45,127.5,105.0,30.0,63.0,102.0,131.1,18.0,59.25,95.85,448.7125,2138149.8843749994
341.88,253.86,54.6,110.4,71.94,4053.0,154.26,128.8,105.0,30.0,63.0,102.0,130.68,18.0,59.7,96.18,455.72833333333324,2185043.7818055553
345.65999999999997,256.77,55.2,111.3,72.33,4126.5,155.07,130.1,105.0,30.0,63.0,102.0,130.26,18.0,60.15,96.51,462.7441666666666,2231937.6792361108
349.44,259.68,55.8,112.2,72.72,4200.0,155.88,131.4,105.0,30.0,63.0,102.0,129.84,18.0,60.6,96.84,469.75999999999993,2278831.576666666
353.22,262.59,56.4,113.1,73.11,4273.5,156.69,132.7,105.0,30.0,63.0,102.0,129.42,18.0,61.05,97.17,476.77583333333325,2325725.4740972216
357.0,265.5,57.0,114.0,73.5,4347.0,157.5,134.0,105.0,30.0,63.0,102.0,129.0,18.0,61.5,97.5,483.7916666666666,2372619.371527777
360.78,268.41,57.6,114.9,73.89,4420.5,158.31,135.3,105.0,30.0,63.0,102.0,128.58,18.0,61.95,97.83,490.8074999999999,2419513.2689583325
364.56,271.32,58.2,115.8,74.28,4494.0,159.12,136.6,105.0,30.0,63.0,102.0,128.16,18.0,62.4,98.16,497.82333333333327,2466407.1663888884
368.34000000000003,274.23,58.8,116.7,74.67,4567.5,159.93,137.9,105.0,30.0,63.0,102.0,127.74,18.0,62.85,98.49,504.83916666666664,2513301.063819444
372.12,277.14,59.4,117.6,75.06,4641.0,160.74,139.2,105.0,30.0,63.0,102.0,127.32,18.0,63.3,98.82,511.85499999999996,2560194.9612499997
375.9,280.05,60.0,118.5,75.45,4714.5,161.55,140.5,105.0,30.0,63.0,102.0,126.9,18.0,63.75,99.15,518.8708333333333,2607088.858680555
379.68,282.96000000000004,60.6,119.4,75.84,4788.0,162.35999999999999,141.8,105.0,30.0,63.0,102.0,126.48,18.0,64.2,99.48,525.8866666666667,2653982.7561111106
383.46000000000004,285.87,61.2,120.3,76.23,4861.5,163.17,143.1,105.0,30.0,63.0,102.0,126.06,18.0,64.65,99.81,532.9025,2700876.6535416665
387.24,288.78000000000003,61.8,121.2,76.62,4935.0,163.98,144.4,105.0,30.0,63.0,102.0,125.64,18.0,65.1,100.14,539.9183333333333,2747770.550972222
391.02,291.69,62.4,122.1,77.01,5008.5,164.79,145.7,105.0,30.0,63.0,102.0,125.22,18.0,65.55,100.47,546.9341666666667,2794664.448402778
394.8,294.6,63.0,123.0,77.4,5082.0,165.6,147.0,105.0,30.0,63.0,102.0,124.8,18.0,66.0,100.8,553.95,2841558.345833333
398.58000000000004,297.51000000000005,63.6,123.9,77.79,5155.5,166.41,148.3,105.0,30.0,63.0,102.0,124.38,18.0,66.45,101.13,560.9658333333334,2888452.2432638886
402.36,300.42,64.2,124.8,78.18,5229.0,167.22,149.6,105.0,30.0,63.0,102.0,123.96,18.0,66.9,101.46,567.9816666666667,2935346.140694444
406.14,303.33000000000004,64.8,125.7,78.57000000000001,5302.5,168.03,150.9,105.0,30.0,63.0,102.0,123.53999999999999,18.0,67.35,101.78999999999999,574.9975000000001,2982240.038125
409.92,306.24,65.4,126.6,78.96000000000001,5376.0,168.84,152.2,105.0,30.0,63.0,102.0,123.11999999999999,18.0,67.8,102.11999999999999,582.0133333333333,3029133.9355555554
413.70000000000005,309.15000000000003,66.0,127.5,79.35,5449.5,169.64999999999998,153.5,105.0,30.0,63.0,102.0,122.69999999999999,18.0,68.25,102.44999999999999,589.0291666666667,3076027.832986111
417.48,312.06000000000006,66.6,128.4,79.74,5523.0,170.45999999999998,154.8,105.0,30.0,63.0,102.0,122.28,18.0,68.7,102.78,596.0450000000001,3122921.7304166663
421.26,314.97,67.2,129.3,80.13,5596.5,171.26999999999998,156.1,105.0,30.0,63.0,102.0,121.86,18.0,69.15,103.11,603.0608333333333,3169815.6278472217
425.04,317.88000000000005,67.8,130.2,80.52,5670.0,172.07999999999998,157.4,105.0,30.0,63.0,102.0,121.44,18.0,69.6,103.44,610.0766666666667,3216709.5252777776
428.82000000000005,320.79,68.4,131.1,80.91,5743.5,172.89,158.7,105.0,30.0,63.0,102.0,121.02,18.0,70.05,103.77,617.0925,3263603.422708333
432.6,323.70000000000005,69.0,132.0,81.3,5817.0,173.7,160.0,105.0,30.0,63.0,102.0,120.6,18.0,70.5,104.1,624.1083333333333,3310497.3201388884
436.38,326.61,69.6,132.9,81.69,5890.5,174.51,161.3,105.0,30.0,63.0,102.0,120.17999999999999,18.0,70.95,104.42999999999999,631.1241666666667,3357391.217569444
440.16,329.52000000000004,70.2,133.8,82.08,5964.0,175.32,162.6,105.0,30.0,63.0,102.0,119.75999999999999,18.0,71.4,104.75999999999999,638.14,3404285.1149999998
443.94,332.43000000000006,70.8,134.7,82.47,6037.5,176.13,163.9,105.0,30.0,63.0,102.0,119.34,18.0,71.85,105.09,645.1558333333334,3451179.012430555
447.72,335.34000000000003,71.4,135.6,82.86,6111.0,176.94,165.2,105.0,30.0,63.0,102.0,118.92,18.0,72.3,105.42,652.1716666666666,3498072.9098611106
451.5,338.25,72.0,136.5,83.25,6184.5,177.75,166.5,105.0,30.0,63.0,102.0,118.5,18.0,72.75,105.75,659.1875,3544966.807291666
455.28,341.16,72.6,137.4,83.64,6258.0,178.56,167.8,105.0,30.0,63.0,102.0,118.08,18.0,73.2,106.08,666.2033333333334,3591860.704722222
459.06,344.07000000000005,73.2,138.3,84.03,6331.5,179.37,169.1,105.0,30.0,63.0,102.0,117.66,18.0,73.65,106.41,673.2191666666666,3638754.6021527774
462.84,346.98,73.8,139.2,84.42,6405.0,180.18,170.4,105.0,30.0,63.0,102.0,117.24000000000001,18.0,74.1,106.74000000000001,680.235,3685648.499583333
466.62,349.89,74.4,140.1,84.81,6478.5,180.99,171.7,105.0,30.0,63.0,102.0,116.82000000000001,18.0,74.55,107.07000000000001,687.2508333333333,3732542.3970138887
470.4,352.8,75.0,141.0,85.2,6552.0,181.8,173.0,105.0,30.0,63.0,102.0,116.4,18.0,75.0,107.4,694.2666666666667,3779436.294444444
474.17999999999995,355.71000000000004,75.6,141.9,85.59,6625.5,182.61,174.3,105.0,30.0,63.0,102.0,115.98,18.0,75.45,107.73,701.2825,3826330.1918749996
477.96,358.62,76.2,142.8,85.98,6699.0,183.42000000000002,175.6,105.0,30.0,63.0,102.0,115.56,18.0,75.9,108.06,708.2983333333333,3873224.0893055554
481.74,361.53,76.8,143.7,86.37,6772.5,184.23000000000002,176.9,105.0,30.0,63.0,102.0,115.14,18.0,76.35,108.39,715.3141666666667,3920117.986736111
485.52,364.44,77.4,144.6,86.76,6846.0,185.04000000000002,178.2,105.0,30.0,63.0,102.0,114.72,18.0,76.8,108.72,722.3299999999999,3967011.8841666663
489.29999999999995,367.35,78.0,145.5,87.15,6919.5,185.85000000000002,179.5,105.0,30.0,63.0,102.0,114.30000000000001,18.0,77.25,109.05000000000001,729.3458333333333,4013905.781597222
493.08,370.26,78.6,146.4,87.53999999999999,6993.0,186.66,180.8,105.0,30.0,63.0,102.0,113.88000000000001,18.0,77.7,109.38000000000001,736.3616666666667,4060799.6790277776
496.86,373.16999999999996,79.2,147.3,87.92999999999999,7066.5,187.47,182.1,105.0,30.0,63.0,102.0,113.46000000000001,18.0,78.15,109.71000000000001,743.3774999999999,4107693.576458333
500.64,376.08,79.8,148.2,88.32,7140.0,188.28,183.4,105.0,30.0,63.0,102.0,113.04,18.0,78.6,110.04,750.3933333333333,4154587.4738888885
504.41999999999996,378.99,80.4,149.1,88.71,7213.5,189.09,184.7,105.0,30.0,63.0,102.0,112.62,18.0,79.05,110.37,757.4091666666666,4201481.371319444
508.2,381.9,81.0,150.0,89.1,7287.0,189.9,186.0,105.0,30.0,63.0,102.0,112.2,18.0,79.5,110.7,764.425,4248375.26875
511.98,384.81,81.6,150.9,89.49,7360.5,190.71,187.3,105.0,30.0,63.0,102.0,111.78,18.0,79.95,111.03,771.4408333333333,4295269.166180556
515.76,387.71999999999997,82.2,151.8,89.88,7434.0,191.52,188.6,105.0,30.0,63.0,102.0,111.36,18.0,80.4,111.36,778.4566666666666,4342163.063611111
519.54,390.63,82.8,152.7,90.27,7507.5,192.33,189.9,105.0,30.0,63.0,102.0,110.94,18.0,80.85,111.69,785.4725,4389056.961041667
523.3199999999999,393.53999999999996,83.4,153.6,90.66,7581.0,193.14000000000001,191.2,105.0,30.0,63.0,102.0,110.52,18.0,81.3,112.02,792.4883333333333,4435950.8584722215
527.1,396.45,84.0,154.5,91.05,7654.5,193.95,192.5,105.0,30.0,63.0,102.0,110.1,18.0,81.75,112.35,799.5041666666666,4482844.755902777
530.88,399.36,84.6,155.4,91.44,7728.0,194.76,193.8,105.0,30.0,63.0,102.0,109.68,18.0,82.2,112.68,806.52,4529738.653333333
534.66,402.27,85.2,156.3,91.83,7801.5,195.57,195.1,105.0,30.0,63.0,102.0,109.26,18.0,82.65,113.01,813.5358333333334,4576632.550763888
538.44,405.18,85.8,157.2,92.22,7875.0,196.38,196.4,105.0,30.0,63.0,102.0,108.84,18.0,83.1,113.34,820.5516666666667,4623526.448194444
542.22,408.09,86.4,158.1,92.61,7948.5,197.19,197.7,105.0,30.0,63.0,102.0,108.42,18.0,83.55,113.67,827.5675,4670420.345624999
546.0,411.0,87.0,159.0,93.0,8022.0,198.0,199.0,105.0,30.0,63.0,102.0,108.0,18.0,84.0,114.0,834.5833333333334,4717314.243055555
549.0,413.19,89.22,160.83,94.71,7945.86,198.0,207.45,104.79,30.15,63.51,103.48,107.64,17.82,83.46,113.46,830.0158333333334,4671025.968680555
552.0,415.38,91.44,162.66,96.42,7869.72,198.0,215.9,104.58,30.3,64.02,104.96,107.28,17.64,82.92,112.92,825.4483333333334,4624737.694305555
555.0,417.57,93.66,164.49,98.13,7793.58,198.0,224.35,104.37,30.45,64.53,106.44,106.92,17.46,82.38,112.38,820.8808333333334,4578449.419930555
558.0,419.76,95.88,166.32,99.84,7717.4400000000005,198.0,232.8,104.16,30.6,65.03999999999999,107.92,106.56,17.28,81.84,111.84,816.3133333333334,4532161.145555555
561.0,421.95,98.1,168.15,101.55,7641.3,198.0,241.25,103.95,30.75,65.55,109.4,106.2,17.1,81.3,111.3,811.7458333333334,4485872.871180555
564.0,424.14,100.32,169.98000000000002,103.25999999999999,7565.16,198.0,249.7,103.74000000000001,30.9,66.06,110.88,105.84,16.919999999999998,80.75999999999999,110.75999999999999,807.1783333333334,4439584.596805556
567.0,426.33,102.54,171.81,104.97,7489.02,198.0,258.15,103.53,31.05,66.57,112.36,105.48,16.74,80.22,110.22,802.6108333333334,4393296.322430556
570.0,428.52,104.76,173.64000000000001,106.67999999999999,7412.88,198.0,266.6,103.32000000000001,31.2,67.08,113.84,105.12,16.56,79.67999999999999,109.67999999999999,798.0433333333334,4347008.048055556
573.0,430.71,106.98,175.47,108.39,7336.740000000001,198.0,275.05,103.11,31.35,67.58999999999999,115.32,104.76,16.38,79.14,109.14,793.4758333333334,4300719.773680556
576.0,432.9,109.2,177.3,110.1,7260.6,198.0,283.5,102.9,31.5,68.1,116.8,104.4,16.2,78.6,108.6,788.9083333333334,4254431.499305556
579.0,435.09,111.42,179.13,111.81,7184.46,198.0,291.95,102.69,31.65,68.61,118.28,104.04,16.02,78.06,108.06,784.3408333333334,4208143.224930556
582.0,437.28,113.64,180.96,113.52,7108.320000000001,198.0,300.4,102.48,31.8,69.11999999999999,119.75999999999999,103.68,15.84,77.52,107.52,779.7733333333334,4161854.9505555555
585.0,439.46999999999997,115.86,182.79000000000002,115.22999999999999,7032.18,198.0,308.85,102.27000000000001,31.95,69.63,121.24,103.32000000000001,15.66,76.97999999999999,106.97999999999999,775.2058333333334,4115566.6761805555
588.0,441.65999999999997,118.08,184.62,116.94,6956.04,198.0,317.3,102.06,32.1,70.14,122.72,102.96000000000001,15.48,76.44,106.44,770.6383333333334,4069278.4018055554
591.0,443.85,120.30000000000001,186.45,118.65,6879.9,198.0,325.75,101.85,32.25,70.65,124.19999999999999,102.6,15.3,75.9,105.9,766.0708333333334,4022990.1274305554
594.0,446.04,122.52000000000001,188.28,120.36,6803.76,198.0,334.2,101.64,32.4,71.16,125.67999999999999,102.24,15.120000000000001,75.36,105.36,761.5033333333333,3976701.8530555554
597.0,448.23,124.74000000000001,190.11,122.07,6727.62,198.0,342.65,101.43,32.55,71.67,127.16,101.88,14.94,74.82,104.82,756.9358333333333,3930413.5786805553
600.0,450.42,126.96000000000001,191.94,123.78,6651.48,198.0,351.1,101.22,32.7,72.18,128.64,101.52,14.76,74.28,104.28,752.3683333333333,3884125.3043055553
603.0,452.61,129.18,193.76999999999998,125.49000000000001,6575.34,198.0,359.55,101.00999999999999,32.85,72.69,130.12,101.16,14.58,73.74000000000001,103.74000000000001,747.8008333333333,3837837.0299305553
606.0,454.8,131.4,195.6,127.2,6499.2,198.0,368.0,100.8,33.0,73.2,131.6,100.8,14.4,73.2,103.2,743.2333333333333,3791548.755555555
609.0,456.99,133.62,197.43,128.91,6423.0599999999995,198.0,376.45,100.59,33.15,73.71000000000001,133.07999999999998,100.44,14.22,72.66,102.66,738.6658333333334,3745260.481180555
612.0,459.18,135.84,199.26,130.62,6346.92,198.0,384.9,100.38,33.3,74.22,134.56,100.08,14.040000000000001,72.12,102.12,734.0983333333334,3698972.206805555
615.0,461.37,138.06,201.09,132.33,6270.78,198.0,393.35,100.17,33.45,74.73,136.04,99.72,13.86,71.58,101.58,729.5308333333334,3652683.9324305556
618.0,463.56,140.28,202.92,134.04000000000002,6194.64,198.0,401.8,99.96,33.6,75.24,137.52,99.36,13.68,71.04,101.04,724.9633333333334,3606395.6580555555
621.0,465.75,142.5,204.75,135.75,6118.5,198.0,410.25,99.75,33.75,75.75,139.0,99.0,13.5,70.5,100.5,720.3958333333334,3560107.3836805555
624.0,467.94,144.72,206.58,137.46,6042.36,198.0,418.7,99.54,33.9,76.26,140.48,98.64,13.32,69.96,99.96,715.8283333333334,3513819.1093055555
627.0,470.13,146.94,208.41,139.17000000000002,5966.22,198.0,427.15,99.33,34.05,76.77,141.96,98.28,13.14,69.42,99.42,711.2608333333334,3467530.8349305554
630.0,472.32,149.16,210.24,140.88,5890.08,198.0,435.6,99.12,34.2,77.28,143.44,97.92,12.959999999999999,68.88,98.88,706.6933333333334,3421242.560555556
633.0,474.51,151.38,212.07,142.59,5813.9400000000005,198.0,444.05,98.91,34.35,77.78999999999999,144.92000000000002,97.56,12.78,68.34,98.34,702.1258333333334,3374954.286180556
636.0,476.7,153.6,213.9,144.3,5737.8,198.0,452.5,98.7,34.5,78.3,146.4,97.2,12.6,67.8,97.8,697.5583333333334,3328666.011805556
639.0,478.89,155.82,215.73000000000002,146.01000000000002,5661.66,198.0,460.95,98.49000000000001,34.65,78.81,147.88,96.84,12.42,67.25999999999999,97.25999999999999,692.9908333333334,3282377.7374305557
642.0,481.08,158.04,217.56,147.72,5585.52,198.0,469.4,98.28,34.8,79.32,149.36,96.48,12.24,66.72,96.72,688.4233333333334,3236089.4630555557
645.0,483.27,160.26,219.39,149.43,5509.38,198.0,477.85,98.07,34.95,79.83,150.84,96.12,12.06,66.17999999999999,96.18,683.8558333333334,3189801.1886805557
648.0,485.46,162.48,221.22,151.14000000000001,5433.24,198.0,486.3,97.86,35.1,80.34,152.32,95.76,11.88,65.64,95.64,679.2883333333334,3143512.9143055556
651.0,487.65,164.7,223.05,152.85000000000002,5357.1,198.0,494.75,97.65,35.25,80.85,153.8,95.4,11.7,65.1,95.1,674.7208333333333,3097224.6399305556
654.0,489.84000000000003,166.92000000000002,224.88,154.56,5280.96,198.0,503.2,97.44,35.4,81.36,155.28,95.03999999999999,11.52,64.56,94.56,670.1533333333333,3050936.3655555556
657.0,492.03000000000003,169.14000000000001,226.70999999999998,156.27,5204.82,198.0,511.65,97.22999999999999,35.55,81.87,156.76,94.67999999999999,11.34,64.02,94.02000000000001,665.5858333333333,3004648.0911805555
660.0,494.22,171.36,228.54,157.98000000000002,5128.679999999999,198.0,520.1,97.02,35.7,82.38000000000001,158.23999999999998,94.32,11.16,63.48,93.48,661.0183333333333,2958359.8168055555
663.0,496.41,173.58,230.37,159.69,5052.54,198.0,528.55,96.81,35.85,82.89,159.72,93.96,10.98,62.94,92.94,656.4508333333333,2912071.5424305554
666.0,498.6,175.8,232.2,161.4,4976.4,198.0,537.0,96.6,36.0,83.4,161.2,93.6,10.8,62.4,92.4,651.8833333333333,2865783.2680555554
669.0,500.79,178.02,234.03,163.11,4900.259999999999,198.0,545.45,96.39,36.15,83.91000000000001,162.67999999999998,93.24,10.620000000000001,61.86,91.86,647.3158333333333,2819494.9936805554
672.0,502.98,180.24,235.85999999999999,164.82,4824.12,198.0,553.9,96.17999999999999,36.3,84.42,164.16,92.88,10.440000000000001,61.32,91.32000000000001,642.7483333333333,2773206.7193055553
675.0,505.17,182.46,237.69,166.53,4747.98,198.0,562.35,95.97,36.45,84.93,165.64,92.52,10.26,60.78,90.78,638.1808333333333,2726918.4449305553
678.0,507.36,184.68,239.51999999999998,168.24,4671.84,198.0,570.8,95.75999999999999,36.6,85.44,167.12,92.16,10.08,60.24,90.24000000000001,633.6133333333333,2680630.1705555553
681.0,509.55,186.9,241.35,169.95,4595.7,198.0,579.25,95.55,36.75,85.95,168.6,91.8,9.9,59.7,89.7,629.0458333333333,2634341.896180555
684.0,511.74,189.12,243.18,171.66,4519.5599999999995,198.0,587.7,95.34,36.9,86.46000000000001,170.07999999999998,91.44,9.72,59.16,89.16,624.4783333333334,2588053.621805555
687.0,513.9300000000001,191.34,245.01,173.37,4443.42,198.0,596.15,95.13,37.05,86.97,171.56,91.08,9.540000000000001,58.62,88.62,619.9108333333334,2541765.3474305556
690.0,516.12,193.56,246.84,175.08,4367.28,198.0,604.6,94.92,37.2,87.48,173.04,90.72,9.36,58.08,88.08,615.3433333333334,2495477.0730555556
693.0,518.31,195.78,248.67,176.79,4291.14,198.0,613.05,94.71,37.35,87.99,174.52,90.36,9.18,57.54,87.54,610.7758333333334,2449188.7986805555
696.0,520.5,198.0,250.5,178.5,4215.0,198.0,621.5,94.5,37.5,88.5,176.0,90.0,9.0,57.0,87.0,606.2083333333334,2402900.5243055555
699.0,522.69,200.22,252.33,180.21,4138.86,198.0,629.95,94.29,37.65,89.01,177.48,89.64,8.82,56.46,86.46,601.6408333333334,2356612.2499305555
702.0,524.88,202.44,254.16,181.92,4062.7200000000003,198.0,638.4,94.08,37.8,89.52,178.96,89.28,8.64,55.92,85.92,597.0733333333334,2310323.9755555554
705.0,527.0699999999999,204.66,255.99,183.63,3986.58,198.0,646.85,93.87,37.95,90.03,180.44,88.92,8.459999999999999,55.38,85.38,592.5058333333334,2264035.701180556
708.0,529.26,206.88,257.82,185.34,3910.44,198.0,655.3,93.66,38.1,90.53999999999999,181.92000000000002,88.56,8.28,54.84,84.84,587.9383333333334,2217747.426805556
711.0,531.45,209.1,259.65,187.05,3834.3,198.0,663.75,93.45,38.25,91.05,183.4,88.2,8.1,54.3,84.3,583.3708333333334,2171459.152430556
714.0,533.64,211.32,261.48,188.76,3758.1600000000003,198.0,672.2,93.24000000000001,38.4,91.56,184.88,87.84,7.92,53.76,83.75999999999999,578.8033333333333,2125170.8780555557
717.0,535.8299999999999,213.54,263.31,190.47,3682.0200000000004,198.0,680.65,93.03,38.55,92.07,186.36,87.48,7.739999999999999,53.22,83.22,574.2358333333333,2078882.603680556
720.0,538.02,215.76,265.14,192.18,3605.88,198.0,689.1,92.82000000000001,38.7,92.58,187.84,87.12,7.56,52.68,82.67999999999999,569.6683333333333,2032594.329305556
723.0,540.21,217.98,266.97,193.89,3529.7400000000002,198.0,697.55,92.61,38.85,93.08999999999999,189.32000000000002,86.76,7.379999999999999,52.14,82.14,565.1008333333333,1986306.054930556
726.0,542.4,220.2,268.8,195.6,3453.6000000000004,198.0,706.0,92.4,39.0,93.6,190.8,86.4,7.199999999999999,51.6,81.6,560.5333333333333,1940017.780555556
729.0,544.5899999999999,222.42,270.63,197.31,3377.4600000000005,198.0,714.45,92.19,39.15,94.11,192.28,86.04,7.02,51.06,81.05999999999999,555.9658333333333,1893729.506180556
732.0,546.78,224.64,272.46000000000004,199.01999999999998,3301.32,198.0,722.9,91.98,39.3,94.61999999999999,193.76000000000002,85.68,6.84,50.52,80.52,551.3983333333333,1847441.231805556
735.0,548.97,226.85999999999999,274.29,200.73,3225.1800000000003,198.0,731.35,91.77000000000001,39.45,95.13,195.24,85.32000000000001,6.66,49.980000000000004,79.97999999999999,546.8308333333333,1801152.957430556
738.0,551.16,229.07999999999998,276.12,202.44,3149.04,198.0,739.8,91.56,39.6,95.64,196.72,84.96000000000001,6.4799999999999995,49.440000000000005,79.44,542.2633333333333,1754864.683055556
741.0,553.3499999999999,231.3,277.95000000000005,204.14999999999998,3072.9,198.0,748.25,91.35,39.75,96.15,198.2,84.6,6.3,48.900000000000006,78.89999999999999,537.6958333333333,1708576.4086805559
744.0,555.54,233.52,279.78000000000003,205.85999999999999,2996.76,198.0,756.7,91.14,39.9,96.66,199.68,84.24,6.12,48.36,78.35999999999999,533.1283333333333,1662288.1343055558
747.0,557.73,235.74,281.61,207.57,2920.62,198.0,765.15,90.93,40.05,97.17,201.16,83.88,5.94,47.82,77.82,528.5608333333333,1615999.8599305558
750.0,559.92,237.96,283.44,209.28,2844.48,198.0,773.6,90.72,40.2,97.68,202.64,83.52,5.76,47.28,77.27999999999999,523.9933333333333,1569711.5855555558
753.0,562.1099999999999,240.18,285.27000000000004,210.98999999999998,2768.3399999999997,198.0,782.05,90.50999999999999,40.35,98.19,204.12,83.16,5.58,46.74,76.74,519.4258333333333,1523423.3111805557
756.0,564.3,242.4,287.1,212.7,2692.2,198.0,790.5,90.3,40.5,98.7,205.6,82.8,5.4,46.2,76.19999999999999,514.8583333333333,1477135.0368055557
759.0,566.49,244.62,288.93,214.41,2616.06,198.0,798.95,90.09,40.65,99.21000000000001,207.07999999999998,82.44,5.220000000000001,45.660000000000004,75.66,510.29083333333335,1430846.7624305557
762.0,568.68,246.84,290.76,216.12,2539.92,198.0,807.4,89.88,40.8,99.72,208.56,82.08,5.04,45.120000000000005,75.11999999999999,505.72333333333336,1384558.4880555556
765.0,570.87,249.06,292.59000000000003,217.82999999999998,2463.7799999999997,198.0,815.85,89.67,40.95,100.23,210.04,81.72,4.86,44.58,74.57999999999998,501.1558333333333,1338270.2136805556
768.0,573.06,251.28,294.42,219.54,2387.64,198.0,824.3,89.46,41.1,100.74,211.52,81.36,4.680000000000001,44.04,74.03999999999999,496.5883333333333,1291981.9393055558
771.0,575.25,253.5,296.25,221.25,2311.5,198.0,832.75,89.25,41.25,101.25,213.0,81.0,4.5,43.5,73.5,492.0208333333333,1245693.6649305557
774.0,577.44,255.72000000000003,298.08,222.96,2235.3599999999997,198.0,841.2,89.04,41.4,101.76,214.48,80.64,4.32,42.96,72.96,487.4533333333333,1199405.3905555557
777.0,579.63,257.94,299.90999999999997,224.67000000000002,2159.22,198.0,849.65,88.83,41.55,102.27,215.96,80.28,4.140000000000001,42.42,72.41999999999999,482.8858333333333,1153117.1161805557
780.0,581.82,260.16,301.74,226.38,2083.08,198.0,858.1,88.62,41.7,102.78,217.44,79.92,3.96,41.879999999999995,71.88,478.31833333333327,1106828.8418055559
783.0,584.01,262.38,303.57,228.09,2006.94,198.0,866.55,88.41,41.85,103.28999999999999,218.92000000000002,79.56,3.7800000000000002,41.339999999999996,71.34,473.7508333333333,1060540.5674305558
786.0,586.2,264.6,305.4,229.8,1930.8,198.0,875.0,88.2,42.0,103.8,220.4,79.2,3.6,40.8,70.8,469.1833333333333,1014252.2930555558
789.0,588.3900000000001,266.82,307.22999999999996,231.51000000000002,1854.66,198.0,883.45,87.99000000000001,42.15,104.31,221.88,78.84,3.42,40.26,70.25999999999999,464.6158333333333,967964.0186805557
792.0,590.58,269.04,309.06,233.22,1778.52,198.0,891.9,87.78,42.3,104.82,223.36,78.48,3.24,39.72,69.72,460.0483333333333,921675.7443055558
795.0,592.77,271.26,310.89,234.93,1702.38,198.0,900.35,87.57,42.45,105.33,224.84,78.12,3.0600000000000005,39.18,69.18,455.4808333333333,875387.4699305558
798.0,594.96,273.48,312.72,236.64000000000001,1626.2400000000002,198.0,908.8,87.36,42.6,105.84,226.32,77.76,2.8800000000000003,38.64,68.64,450.9133333333333,829099.1955555559
801.0,597.1500000000001,275.7,314.55,238.35000000000002,1550.1000000000001,198.0,917.25,87.15,42.75,106.35,227.8,77.4,2.7,38.099999999999994,68.1,446.3458333333333,782810.9211805558
804.0,599.34,277.91999999999996,316.38,240.06,1473.9600000000003,198.0,925.7,86.94,42.9,106.86,229.28,77.03999999999999,2.5200000000000005,37.559999999999995,67.56,441.7783333333333,736522.6468055558
807.0,601.53,280.14,318.21000000000004,241.77,1397.8200000000002,198.0,934.15,86.72999999999999,43.05,107.37,230.76,76.67999999999999,2.3400000000000007,37.019999999999996,67.02000000000001,437.2108333333333,690234.3724305558
810.0,603.72,282.35999999999996,320.04,243.48000000000002,1321.6800000000003,198.0,942.6,86.52,43.2,107.88000000000001,232.23999999999998,76.32,2.1600000000000006,36.48,66.48,432.6433333333333,643946.0980555558
813.0,605.9100000000001,284.58,321.87000000000006,245.19,1245.5400000000004,198.0,951.05,86.31,43.35,108.39,233.72,75.96,1.9800000000000006,35.94,65.94,428.0758333333333,597657.8236805559
816.0,608.1,286.79999999999995,323.70000000000005,246.9,1169.4000000000003,198.0,959.5,86.1,43.5,108.9,235.2,75.6,1.8000000000000007,35.4,65.4,423.5083333333333,551369.5493055559
819.0,610.29,289.02,325.53000000000003,248.61,1093.2600000000002,198.0,967.95,85.89,43.65,109.41000000000001,236.67999999999998,75.24,1.6200000000000006,34.86,64.86,418.94083333333333,505081.27493055584
822.0,612.48,291.23999999999995,327.36,250.32,1017.1200000000002,198.0,976.4,85.67999999999999,43.8,109.92,238.16,74.88,1.4400000000000006,34.32,64.32000000000001,414.37333333333333,458793.0005555558
825.0,614.6700000000001,293.46,329.19000000000005,252.03,940.9800000000002,198.0,984.85,85.47,43.95,110.43,239.64,74.52,1.2600000000000005,33.78,63.78,409.80583333333334,412504.72618055576
828.0,616.86,295.67999999999995,331.02000000000004,253.74,864.8400000000001,198.0,993.3,85.25999999999999,44.1,110.94,241.12,74.16,1.0800000000000005,33.24,63.24,405.23833333333334,366216.4518055557
831.0,619.05,297.9,332.85,255.45,788.7000000000002,198.0,1001.75,85.05,44.25,111.45,242.6,73.8,0.9000000000000004,32.7,62.7,400.67083333333335,319928.1774305557
834.0,621.24,300.12,334.68,257.16,712.5600000000002,198.0,1010.2,84.84,44.4,111.96000000000001,244.07999999999998,73.44,0.7200000000000002,32.16,62.160000000000004,396.1033333333333,273639.90305555565
837.0,623.4300000000001,302.34,336.51,258.87,636.4200000000001,198.0,1018.65,84.63,44.55,112.47,245.56,73.08,0.5400000000000003,31.62,61.620000000000005,391.5358333333333,227351.62868055562
840.0,625.62,304.56,338.34000000000003,260.58,560.2800000000001,198.0,1027.1,84.42,44.7,112.98,247.04,72.72,0.3600000000000001,31.08,61.08,386.9683333333333,181063.35430555558
843.0,627.81,306.78,340.17,262.29,484.1400000000001,198.0,1035.55,84.21,44.85,113.49,248.52,72.36,0.17999999999999994,30.54,60.54,382.4008333333333,134775.07993055554
846.0,630.0,309.0,342.0,264.0,408.0,198.0,1044.0,84.0,45.0,114.0,250.0,72.0,0.0,30.0,60.0,377.8333333333333,88486.80555555553
846.39,633.0,313.86,342.96,268.41,486.0,199.8,1044.0,84.15,45.51,122.19,256.44,71.49,0.0,30.12,60.09,386.8925,132173.33437499998
846.78,636.0,318.72,343.92,272.82,564.0,201.6,1044.0,84.3,46.02,130.38,262.88,70.98,0.0,30.24,60.18,395.95166666666665,175859.8631944444
847.17,639.0,323.58,344.88,277.23,642.0,203.4,1044.0,84.45,46.53,138.57,269.32,70.47,0.0,30.36,60.269999999999996,405.0108333333333,219546.39201388884
847.56,642.0,328.44,345.84000000000003,281.64,720.0,205.2,1044.0,84.6,47.04,146.76,275.76,69.96000000000001,0.0,30.48,60.36,414.07,263232.9208333333
847.95,645.0,333.3,346.8,286.05,798.0,207.0,1044.0,84.75,47.55,154.95,282.2,69.45,0.0,30.6,60.45,423.12916666666666,306919.44965277775
848.34,648.0,338.16,347.76,290.46000000000004,876.0,208.8,1044.0,84.9,48.06,163.14000000000001,288.64,68.94,0.0,30.72,60.54,432.18833333333333,350605.9784722221
848.73,651.0,343.02000000000004,348.72,294.87,954.0,210.6,1044.0,85.05,48.57,171.33,295.08,68.43,0.0,30.84,60.629999999999995,441.2475,394292.5072916666
849.12,654.0,347.88,349.68,299.28000000000003,1032.0,212.4,1044.0,85.2,49.08,179.52,301.52,67.92,0.0,30.96,60.72,450.3066666666667,437979.03611111105
849.51,657.0,352.74,350.64000000000004,303.69,1110.0,214.2,1044.0,85.35,49.59,187.71,307.96,67.41000000000001,0.0,31.08,60.81,459.36583333333334,481665.5649305554
849.9,660.0,357.6,351.6,308.1,1188.0,216.0,1044.0,85.5,50.1,195.9,314.4,66.9,0.0,31.2,60.9,468.425,525352.0937499999
850.29,663.0,362.46000000000004,352.56,312.51,1266.0,217.8,1044.0,85.65,50.61,204.09,320.84,66.39,0.0,31.32,60.989999999999995,477.4841666666667,569038.6225694444
850.68,666.0,367.32,353.52000000000004,316.92,1344.0,219.6,1044.0,85.8,51.120000000000005,212.28,327.28,65.88000000000001,0.0,31.439999999999998,61.08,486.54333333333335,612725.1513888888
851.0699999999999,669.0,372.18,354.48,321.33000000000004,1422.0,221.4,1044.0,85.95,51.63,220.47,333.71999999999997,65.37,0.0,31.56,61.17,495.6025,656411.6802083333
851.4599999999999,672.0,377.04,355.44,325.74,1500.0,223.2,1044.0,86.1,52.14,228.66000000000003,340.15999999999997,64.86,0.0,31.68,61.26,504.6616666666667,700098.2090277777
851.8499999999999,675.0,381.9,356.4,330.15,1578.0,225.0,1044.0,86.25,52.650000000000006,236.85000000000002,346.6,64.35,0.0,31.799999999999997,61.349999999999994,513.7208333333333,743784.7378472221
852.24,678.0,386.76,357.36,334.56,1656.0,226.8,1044.0,86.4,53.160000000000004,245.04000000000002,353.03999999999996,63.84,0.0,31.919999999999998,61.44,522.78,787471.2666666666
852.63,681.0,391.62,358.32,338.97,1734.0,228.6,1044.0,86.55,53.67,253.23000000000002,359.48,63.33,0.0,32.04,61.53,531.8391666666666,831157.795486111
853.02,684.0,396.48,359.28,343.38,1812.0,230.4,1044.0,86.7,54.18,261.42,365.92,62.82,0.0,32.16,61.62,540.8983333333333,874844.3243055556
853.41,687.0,401.34,360.24,347.78999999999996,1890.0,232.2,1044.0,86.85,54.690000000000005,269.61,372.36,62.309999999999995,0.0,32.28,61.709999999999994,549.9575,918530.8531249999
853.8,690.0,406.2,361.2,352.2,1968.0,234.0,1044.0,87.0,55.2,277.8,378.8,61.8,0.0,32.4,61.8,559.0166666666667,962217.3819444444
854.1899999999999,693.0,411.06,362.15999999999997,356.61,2046.0,235.8,1044.0,87.15,55.71,285.99,385.24,61.29,0.0,32.519999999999996,61.89,568.0758333333333,1005903.9107638887
854.5799999999999,696.0,415.92,363.12,361.02,2124.0,237.6,1044.0,87.3,56.22,294.18,391.68,60.78,0.0,32.64,61.98,577.135,1049590.4395833332
854.97,699.0,420.78,364.08,365.43,2202.0,239.4,1044.0,87.45,56.730000000000004,302.37,398.12000000000006,60.269999999999996,0.0,32.76,62.07,586.1941666666667,1093276.9684027776
855.36,702.0,425.64,365.04,369.84,2280.0,241.2,1044.0,87.6,57.24,310.56,404.56000000000006,59.76,0.0,32.88,62.16,595.2533333333333,1136963.497222222
855.75,705.0,430.5,366.0,374.25,2358.0,243.0,1044.0,87.75,57.75,318.75,411.00000000000006,59.25,0.0,33.0,62.25,604.3125,1180650.0260416663
856.14,708.0,435.36,366.96,378.66,2436.0,244.8,1044.0,87.9,58.26,326.94000000000005,417.44000000000005,58.74,0.0,33.12,62.34,613.3716666666667,1224336.5548611106
856.53,711.0,440.22,367.92,383.07,2514.0,246.6,1044.0,88.05,58.769999999999996,335.13000000000005,423.88000000000005,58.230000000000004,0.0,33.24,62.43,622.4308333333333,1268023.0836805552
856.9200000000001,714.0,445.08,368.88,387.48,2592.0,248.4,1044.0,88.2,59.28,343.32000000000005,430.3200000000001,57.72,0.0,33.36,62.52,631.49,1311709.6124999996
857.3100000000001,717.0,449.94,369.84000000000003,391.89,2670.0,250.2,1044.0,88.35,59.79,351.51000000000005,436.7600000000001,57.21,0.0,33.480000000000004,62.61,640.5491666666667,1355396.141319444
857.7,720.0,454.8,370.8,396.3,2748.0,252.0,1044.0,88.5,60.3,359.70000000000005,443.2000000000001,56.7,0.0,33.6,62.7,649.6083333333333,1399082.6701388883
858.09,723.0,459.66,371.76,400.71000000000004,2826.0,253.8,1044.0,88.65,60.809999999999995,367.89000000000004,449.6400000000001,56.190000000000005,0.0,33.72,62.790000000000006,658.6675,1442769.1989583327
858.48,726.0,464.52,372.72,405.12,2904.0,255.6,1044.0,88.8,61.32,376.08000000000004,456.0800000000001,55.68,0.0,33.84,62.88,667.7266666666667,1486455.7277777772
858.87,729.0,469.38,373.68,409.53,2982.0,257.4,1044.0,88.95,61.83,384.27000000000004,462.5200000000001,55.17,0.0,33.96,62.97,676.7858333333334,1530142.2565972218
859.26,732.0,474.24,374.64,413.94,3060.0,259.2,1044.0,89.1,62.34,392.46000000000004,468.9600000000001,54.660000000000004,0.0,34.08,63.06,685.845,1573828.7854166662
859.6500000000001,735.0,479.1,375.6,418.35,3138.0,261.0,1044.0,89.25,62.85,400.65000000000003,475.4000000000001,54.150000000000006,0.0,34.2,63.150000000000006,694.9041666666667,1617515.3142361105
860.0400000000001,738.0,483.96,376.56,422.76,3216.0,262.8,1044.0,89.4,63.36,408.84000000000003,481.84000000000003,53.64,0.0,34.32,63.24,703.9633333333334,1661201.8430555551
860.4300000000001,741.0,488.82,377.52,427.16999999999996,3294.0,264.6,1044.0,89.55,63.870000000000005,417.03000000000003,488.28000000000003,53.13,0.0,34.44,63.33,713.0225,1704888.3718749997
860.82,744.0,493.68,378.47999999999996,431.58,3372.0,266.4,1044.0,89.7,64.38000000000001,425.22,494.72,52.620000000000005,0.0,34.559999999999995,63.42,722.0816666666667,1748574.900694444
861.21,747.0,498.53999999999996,379.44,435.99,3450.0,268.2,1044.0,89.85,64.89,433.41,501.16,52.11,0.0,34.68,63.510000000000005,731.1408333333334,1792261.4295138884
861.6,750.0,503.4,380.4,440.4,3528.0,270.0,1044.0,90.0,65.4,441.6,507.6,51.6,0.0,34.8,63.6,740.2,1835947.958333333
861.99,753.0,508.26,381.35999999999996,444.81,3606.0,271.8,1044.0,90.15,65.91000000000001,449.79,514.04,51.09,0.0,34.919999999999995,63.69,749.2591666666667,1879634.4871527774
862.38,756.0,513.12,382.32,449.21999999999997,3684.0,273.6,1044.0,90.3,66.42,457.98,520.48,50.58,0.0,35.04,63.78,758.3183333333334,1923321.0159722217
862.77,759.0,517.98,383.28,453.63,3762.0,275.4,1044.0,90.45,66.93,466.17,526.9200000000001,50.07,0.0,35.16,63.870000000000005,767.3775,1967007.5447916663
863.16,762.0,522.84,384.24,458.03999999999996,3840.0,277.2,1044.0,90.6,67.44,474.36,533.36,49.56,0.0,35.28,63.96,776.4366666666667,2010694.0736111107
863.55,765.0,527.7,385.2,462.45,3918.0,279.0,1044.0,90.75,67.95,482.55,539.8,49.05,0.0,35.4,64.05,785.4958333333334,2054380.602430555
863.94,768.0,532.56,386.15999999999997,466.86,3996.0,280.8,1044.0,90.9,68.46000000000001,490.74,546.24,48.54,0.0,35.519999999999996,64.14,794.5550000000001,2098067.1312499996
864.33,771.0,537.42,387.12,471.27,4074.0,282.6,1044.0,91.05,68.97,498.93,552.6800000000001,48.03,0.0,35.64,64.23,803.6141666666667,2141753.6600694438
864.72,774.0,542.28,388.08,475.68,4152.0,284.4,1044.0,91.2,69.48,507.12,559.12,47.52,0.0,35.76,64.32,812.6733333333334,2185440.1888888883
865.11,777.0,547.14,389.04,480.09,4230.0,286.2,1044.0,91.35,69.99,515.31,565.56,47.01,0.0,35.88,64.41,821.7325000000001,2229126.7177083325
865.5,780.0,552.0,390.0,484.5,4308.0,288.0,1044.0,91.5,70.5,523.5,572.0,46.5,0.0,36.0,64.5,830.7916666666667,2272813.246527777
865.89,783.0,556.86,390.96,488.91,4386.0,289.8,1044.0,91.65,71.01,531.69,578.44,45.99,0.0,36.12,64.59,839.8508333333334,2316499.7753472216
866.28,786.0,561.72,391.92,493.32,4464.0,291.6,1044.0,91.8,71.52,539.88,584.88,45.480000000000004,0.0,36.24,64.68,848.9100000000001,2360186.3041666658
866.67,789.0,566.58,392.88,497.73,4542.0,293.4,1044.0,91.95,72.03,548.07,591.32,44.97,0.0,36.36,64.77,857.9691666666666,2403872.8329861104
867.06,792.0,571.44,393.84000000000003,502.14,4620.0,295.2,1044.0,92.1,72.53999999999999,556.26,597.76,44.46,0.0,36.480000000000004,64.86,867.0283333333333,2447559.3618055545
867.45,795.0,576.3,394.8,506.55,4698.0,297.0,1044.0,92.25,73.05,564.45,604.2,43.95,0.0,36.6,64.95,876.0875,2491245.890624999
867.84,798.0,581.16,395.76,510.96000000000004,4776.0,298.8,1044.0,92.4,73.56,572.6400000000001,610.6400000000001,43.440000000000005,0.0,36.72,65.04,885.1466666666666,2534932.4194444437
868.23,801.0,586.02,396.72,515.37,4854.0,300.6,1044.0,92.55,74.07,580.83,617.08,42.93000000000001,0.0,36.84,65.13000000000001,894.2058333333333,2578618.948263888
868.62,804.0,590.88,397.68,519.78,4932.0,302.4,1044.0,92.7,74.58,589.0200000000001,623.5200000000001,42.42,0.0,36.96,65.22,903.2649999999999,2622305.4770833324
869.01,807.0,595.74,398.64000000000004,524.19,5010.0,304.2,1044.0,92.85,75.08999999999999,597.21,629.96,41.910000000000004,0.0,37.080000000000005,65.31,912.3241666666665,2665992.0059027765
869.4,810.0,600.6,399.6,528.6,5088.0,306.0,1044.0,93.0,75.6,605.4000000000001,636.4000000000001,41.400000000000006,0.0,37.2,65.4,921.3833333333332,2709678.534722221
869.79,813.0,605.46,400.56,533.01,5166.0,307.8,1044.0,93.15,76.11,613.5900000000001,642.8400000000001,40.89000000000001,0.0,37.32,65.49000000000001,930.4424999999999,2753365.0635416657
870.18,816.0,610.32,401.52000000000004,537.4200000000001,5244.0,309.6,1044.0,93.3,76.61999999999999,621.7800000000001,649.2800000000001,40.38,0.0,37.440000000000005,65.58,939.5016666666666,2797051.5923611103
870.5699999999999,819.0,615.1800000000001,402.48,541.83,5322.0,311.4,1044.0,93.45,77.13,629.97,655.72,39.870000000000005,0.0,37.56,65.67,948.5608333333332,2840738.1211805544
870.9599999999999,822.0,620.0400000000001,403.44,546.24,5400.0,313.2,1044.0,93.6,77.63999999999999,638.1600000000001,662.1600000000001,39.36,0.0,37.68,65.76,957.6199999999999,2884424.649999999
871.3499999999999,825.0,624.9000000000001,404.4,550.6500000000001,5478.0,315.0,1044.0,93.75,78.14999999999999,646.3500000000001,668.6000000000001,38.85,0.0,37.8,65.85,966.6791666666666,2928111.1788194436
871.74,828.0,629.76,405.36,555.0600000000001,5556.0,316.8,1044.0,93.9,78.66,654.5400000000001,675.0400000000001,38.34,0.0,37.92,65.94,975.7383333333333,2971797.707638888
872.13,831.0,634.62,406.32,559.47,5634.0,318.6,1044.0,94.05,79.16999999999999,662.73,681.48,37.83,0.0,38.04,66.03,984.7975,3015484.2364583327
872.52,834.0,639.48,407.28,563.88,5712.0,320.4,1044.0,94.2,79.67999999999999,670.9200000000001,687.9200000000001,37.32,0.0,38.16,66.12,993.8566666666667,3059170.765277777
872.91,837.0,644.34,408.24,568.2900000000001,5790.0,322.2,1044.0,94.35,80.18999999999998,679.1100000000001,694.3600000000001,36.809999999999995,0.0,38.28,66.21,1002.9158333333334,3102857.2940972215
873.3,840.0,649.2,409.2,572.7,5868.0,324.0,1044.0,94.5,80.69999999999999,687.3000000000001,700.8000000000001,36.3,0.0,38.4,66.3,1011.975,3146543.822916666
873.6899999999999,843.0,654.0600000000001,410.15999999999997,577.11,5946.0,325.8,1044.0,94.65,81.21,695.49,707.24,35.79,0.0,38.519999999999996,66.39,1021.0341666666667,3190230.3517361106
874.0799999999999,846.0,658.9200000000001,411.12,581.52,6024.0,327.6,1044.0,94.8,81.71999999999998,703.6800000000001,713.6800000000001,35.28,0.0,38.64,66.48,1030.0933333333332,3233916.8805555548
874.47,849.0,663.78,412.08,585.9300000000001,6102.0,329.4,1044.0,94.95,82.22999999999999,711.8700000000001,720.1200000000001,34.769999999999996,0.0,38.76,66.57,1039.1525,3277603.4093749993
874.86,852.0,668.64,413.04,590.34,6180.0,331.2,1044.0,95.1,82.74,720.0600000000001,726.5600000000001,34.26,0.0,38.88,66.66,1048.2116666666666,3321289.938194444
875.25,855.0,673.5,414.0,594.75,6258.0,333.0,1044.0,95.25,83.25,728.25,733.0,33.75,0.0,39.0,66.75,1057.2708333333333,3364976.467013888
875.64,858.0,678.36,414.96,599.16,6336.0,334.8,1044.0,95.4,83.75999999999999,736.44,739.44,33.24,0.0,39.12,66.84,1066.33,3408662.9958333327
876.03,861.0,683.22,415.92,603.5699999999999,6414.0,336.6,1044.0,95.55,84.27,744.6300000000001,745.8800000000001,32.730000000000004,0.0,39.24,66.93,1075.3891666666666,3452349.5246527772
876.4200000000001,864.0,688.0799999999999,416.88,607.98,6492.0,338.4,1044.0,95.7,84.78,752.82,752.32,32.22,0.0,39.36,67.02,1084.4483333333333,3496036.053472222
876.8100000000001,867.0,692.9399999999999,417.84000000000003,612.39,6570.0,340.2,1044.0,95.85,85.28999999999999,761.01,758.76,31.71,0.0,39.480000000000004,67.11,1093.5075,3539722.582291666
877.2,870.0,697.8,418.8,616.8,6648.0,342.0,1044.0,96.0,85.8,769.2,765.2,31.200000000000003,0.0,39.6,67.2,1102.5666666666666,3583409.1111111105
877.59,873.0,702.66,419.76,621.2099999999999,6726.0,343.8,1044.0,96.15,86.31,777.3900000000001,771.6400000000001,30.69,0.0,39.72,67.29,1111.6258333333333,3627095.639930555
877.98,876.0,707.52,420.72,625.62,6804.0,345.6,1044.0,96.3,86.82,785.58,778.08,30.180000000000003,0.0,39.84,67.38,1120.685,3670782.1687499993
878.37,879.0,712.38,421.68,630.03,6882.0,347.4,1044.0,96.45,87.33,793.77,784.52,29.67,0.0,39.96,67.47,1129.7441666666666,3714468.697569444
878.76,882.0,717.24,422.64,634.44,6960.0,349.2,1044.0,96.6,87.84,801.96,790.96,29.160000000000004,0.0,40.08,67.56,1138.8033333333333,3758155.2263888884
879.1500000000001,885.0,722.1,423.6,638.85,7038.0,351.0,1044.0,96.75,88.35,810.1500000000001,797.4000000000001,28.650000000000002,0.0,40.2,67.65,1147.8625,3801841.755208333
879.5400000000001,888.0,726.96,424.56,643.26,7116.0,352.8,1044.0,96.9,88.86,818.34,803.84,28.14,0.0,40.32,67.74,1156.9216666666666,3845528.284027777
879.9300000000001,891.0,731.82,425.52,647.6700000000001,7194.0,354.6,1044.0,97.05,89.37,826.53,810.28,27.630000000000003,0.0,40.44,67.83,1165.9808333333333,3889214.8128472217
880.32,894.0,736.6800000000001,426.47999999999996,652.08,7272.0,356.4,1044.0,97.2,89.88000000000001,834.72,816.72,27.12,0.0,40.559999999999995,67.92,1175.04,3932901.3416666663
880.71,897.0,741.5400000000001,427.44,656.4900000000001,7350.0,358.2,1044.0,97.35,90.39,842.9100000000001,823.1600000000001,26.610000000000003,0.0,40.68,68.00999999999999,1184.0991666666666,3976587.8704861104
881.1,900.0,746.4000000000001,428.4,660.9000000000001,7428.0,360.0,1044.0,97.5,90.9,851.1,829.6,26.1,0.0,40.8,68.1,1193.1583333333333,4020274.399305555
