      Date,      Time,    Dp>0.3,    Dp>0.5,    Dp>1.0,    Dp>2.5,    Dp>5.0,   Dp>10.0,   PM1_Std, PM2.5_Std,  PM10_Std,   PM1_Env, PM2.5_Env,  PM10_Env
 2021/3/22,  11:26:10,0,0,0,0,0,0,0,0,0,0,0,0
 2021/3/22,  11:26:20,0,0,0,0,0,0,0,0,0,0,0,0
 2021/3/22,  11:26:30,0,0,0,0,0,0,0,0,0,0,0,0
 2021/3/22,  11:26:40,0,0,0,0,0,0,0,0,0,0,0,0
 2021/3/22,  11:26:50,0,0,0,0,0,0,0,0,0,0,0,0
 2021/3/22,   11:27:00,0,0,0,0,0,0,0,0,0,0,0,0
 2021/3/22,  11:27:10,0,0,0,0,0,0,0,0,0,0,0,0
 2021/3/22,  11:27:20,0,0,0,0,0,0,0,0,0,0,0,0
 2021/3/22,  11:27:30,0,0,0,0,0,0,0,0,0,0,0,0
 2021/3/22,  11:27:40,0,0,0,0,0,0,0,0,0,0,0,0
 2021/3/22,  11:27:50,0,0,0,0,0,0,0,0,0,0,0,0
 2021/3/22,   11:28:00,9,3,3,3,3,3,0,0,1,0,0,1
 2021/3/22,  11:28:10,18,6,3,3,3,3,0,0,1,0,0,1
 2021/3/22,  11:28:20,51,13,0,0,0,0,0,0,0,0,0,0
 2021/3/22,  11:28:30,0,0,0,0,0,0,0,0,0,0,0,0
 2021/3/22,  11:28:40,0,0,0,0,0,0,0,0,0,0,0,0
 2021/3/22,  11:28:50,0,0,0,0,0,0,0,0,0,0,0,0
 2021/3/22,   11:29:00,9,3,0,0,0,0,0,0,0,0,0,0
 2021/3/22,  11:29:10,9,3,0,0,0,0,0,0,0,0,0,0
 2021/3/22,  11:29:20,0,0,0,0,0,0,0,0,0,0,0,0
 2021/3/22,  11:29:30,0,0,0,0,0,0,0,0,0,0,0,0
 2021/3/22,  11:29:40,9,3,0,0,0,0,0,0,0,0,0,0
 2021/3/22,  11:29:50,9,3,0,0,0,0,0,0,0,0,0,0
 2021/3/22,   11:30:00,0,0,0,0,0,0,0,0,0,0,0,0
 2021/3/22,  11:30:10,0,0,0,0,0,0,0,0,0,0,0,0
 2021/3/22,  11:30:20,0,0,0,0,0,0,0,0,0,0,0,0
 2021/3/22,  11:30:30,42,10,0,0,0,0,0,0,0,0,0,0
 2021/3/22,  11:30:40,0,0,0,0,0,0,0,0,0,0,0,0
 2021/3/22,  11:30:50,0,0,0,0,0,0,0,0,0,0,0,0
 2021/3/22,   11:31:00,0,0,0,0,0,0,0,0,0,0,0,0
 2021/3/22,  11:31:10,0,0,0,0,0,0,0,0,0,0,0,0
 2021/3/22,  11:31:20,0,0,0,0,0,0,0,0,0,0,0,0
 2021/3/22,  11:31:30,0,0,0,0,0,0,0,0,0,0,0,0
 2021/3/22,  11:31:40,0,0,0,0,0,0,0,0,0,0,0,0
 2021/3/22,  11:31:50,0,0,0,0,0,0,0,0,0,0,0,0
 2021/3/22,   11:32:00,0,0,0,0,0,0,0,0,0,0,0,0
 2021/3/22,  11:32:10,0,0,0,0,0,0,0,0,0,0,0,0
 2021/3/22,  11:32:20,0,0,0,0,0,0,0,0,0,0,0,0
 2021/3/22,  11:32:30,0,0,0,0,0,0,0,0,0,0,0,0
 2021/3/22,  11:32:40,0,0,0,0,0,0,0,0,0,0,0,0
 2021/3/22,  11:32:50,0,0,0,0,0,0,0,0,0,0,0,0
 2021/3/22,   11:33:00,0,0,0,0,0,0,0,0,0,0,0,0
 2021/3/22,  11:33:10,0,0,0,0,0,0,0,0,0,0,0,0
 2021/3/22,  11:33:20,0,0,0,0,0,0,0,0,0,0,0,0
 2021/3/22,  11:33:30,0,0,0,0,0,0,0,0,0,0,0,0
 2021/3/22,  11:33:40,0,0,0,0,0,0,0,0,0,0,0,0
 2021/3/22,  11:33:50,0,0,0,0,0,0,0,0,0,0,0,0
 2021/3/22,   11:34:00,0,0,0,0,0,0,0,0,0,0,0,0
 2021/3/22,  11:34:10,0,0,0,0,0,0,0,0,0,0,0,0
 2021/3/22,  11:34:20,0,0,0,0,0,0,0,0,0,0,0,0
 2021/3/22,  11:34:30,0,0,0,0,0,0,0,0,0,0,0,0
 2021/3/22,  11:34:40,0,0,0,0,0,0,0,0,0,0,0,0
 2021/3/22,  11:34:50,63,21,0,0,0,0,0,0,0,0,0,0
 2021/3/22,   11:35:00,0,0,0,0,0,0,0,0,0,0,0,0
 2021/3/22,  11:35:10,0,0,0,0,0,0,0,0,0,0,0,0
 2021/3/22,  11:35:20,0,0,0,0,0,0,0,0,0,0,0,0
 2021/3/22,  11:35:30,0,0,0,0,0,0,0,0,0,0,0,0
 2021/3/22,  11:35:40,0,0,0,0,0,0,0,0,0,0,0,0
 2021/3/22,  11:35:50,0,0,0,0,0,0,0,0,0,0,0,0
 2021/3/22,   11:36:00,0,0,0,0,0,0,0,0,0,0,0,0
 2021/3/22,  11:36:10,0,0,0,0,0,0,0,0,0,0,0,0
 2021/3/22,  11:36:20,0,0,0,0,0,0,0,0,0,0,0,0
 2021/3/22,  11:36:30,0,0,0,0,0,0,0,0,0,0,0,0
 2021/3/22,  11:36:40,9,3,3,3,3,3,0,0,1,0,0,1
 2021/3/22,  11:36:50,0,0,0,0,0,0,0,0,0,0,0,0
 2021/3/22,   11:37:00,0,0,0,0,0,0,0,0,0,0,0,0
 2021/3/22,  11:37:10,0,0,0,0,0,0,0,0,0,0,0,0
 2021/3/22,  11:37:20,0,0,0,0,0,0,0,0,0,0,0,0
 2021/3/22,  11:37:39,0,0,0,0,0,0,0,0,0,0,0,0
 2021/3/22,  11:37:49,0,0,0,0,0,0,0,0,0,0,0,0
 2021/3/22,  11:37:59,0,0,0,0,0,0,0,0,0,0,0,0
 2021/3/22,   11:38:09,0,0,0,0,0,0,0,0,0,0,0,0
 2021/3/22,  11:38:19,0,0,0,0,0,0,0,0,0,0,0,0
 2021/3/22,  11:38:29,0,0,0,0,0,0,0,0,0,0,0,0
 2021/3/22,  11:38:39,0,0,0,0,0,0,0,0,0,0,0,0
 2021/3/22,  11:38:49,0,0,0,0,0,0,0,0,0,0,0,0
 2021/3/22,  11:38:59,0,0,0,0,0,0,0,0,0,0,0,0
 2021/3/22,   11:39:09,0,0,0,0,0,0,0,0,0,0,0,0
 2021/3/22,  11:39:19,0,0,0,0,0,0,0,0,0,0,0,0
 2021/3/22,  11:39:29,0,0,0,0,0,0,0,0,0,0,0,0
 2021/3/22,  11:39:39,0,0,0,0,0,0,0,0,0,0,0,0
 2021/3/22,  11:39:49,0,0,0,0,0,0,0,0,0,0,0,0
 2021/3/22,  11:39:59,0,0,0,0,0,0,0,0,0,0,0,0
 2021/3/22,   11:40:09,0,0,0,0,0,0,0,0,0,0,0,0
 2021/3/22,  11:40:19,0,0,0,0,0,0,0,0,0,0,0,0
 2021/3/22,  11:40:29,0,0,0,0,0,0,0,0,0,0,0,0
 2021/3/22,  11:40:39,30,10,0,0,0,0,0,0,0,0,0,0
 2021/3/22,  11:40:49,60,20,7,0,0,0,0,0,0,0,0,0
 2021/3/22,  11:40:59,771,232,70,10,3,0,3,6,8,3,6,8
 2021/3/22,   11:41:09,375,110,20,3,3,3,0,1,3,0,1,3
 2021/3/22,  11:41:19,135,41,13,0,0,0,0,0,0,0,0,0
 2021/3/22,  11:41:29,363,106,29,0,0,0,0,1,1,0,1,1
 2021/3/22,  11:41:39,4068,1261,451,74,36,16,19,44,64,17,34,50
 2021/3/22,  11:41:49,2964,874,256,48,20,16,14,29,42,14,26,38
 2021/3/22,  11:41:59,5925,1793,573,130,57,38,28,64,98,22,41,64
 2021/3/22,   11:42:09,5562,1734,510,90,23,13,29,61,74,22,40,55
 2021/3/22,  11:42:19,2136,675,253,51,20,17,10,25,38,10,24,36
 2021/3/22,  11:42:29,1473,452,126,23,3,0,6,15,16,6,15,16
 2021/3/22,  11:42:39,1200,339,76,10,3,0,5,9,11,5,9,11
 2021/3/22,  11:42:49,483,148,58,20,3,3,1,6,8,1,6,8
 2021/3/22,  11:42:59,462,133,50,12,6,6,1,3,8,1,3,8
 2021/3/22,   11:43:09,810,204,37,3,3,3,2,3,6,2,3,6
 2021/3/22,  11:43:19,753,183,24,0,0,0,2,2,2,2,2,2
 2021/3/22,  11:43:29,384,106,21,10,3,0,1,3,4,1,3,4
 2021/3/22,  11:43:39,579,183,61,12,0,0,1,6,6,1,6,6
 2021/3/22,  11:43:49,603,177,53,12,3,0,2,5,6,2,5,6
 2021/3/22,  11:43:59,549,147,29,6,6,0,1,2,5,1,2,5
 2021/3/22,   11:44:09,516,143,30,3,3,0,1,2,3,1,2,3
 2021/3/22,  11:44:19,705,202,28,7,7,3,3,3,7,3,3,7
 2021/3/22,  11:44:29,399,108,17,10,10,3,0,0,6,0,0,6
 2021/3/22,  11:44:39,432,126,12,6,6,3,1,1,5,1,1,5
 2021/3/22,  11:44:49,636,195,30,6,6,6,2,3,7,2,3,7
 2021/3/22,  11:44:59,549,165,30,6,6,3,2,3,6,2,3,6
 2021/3/22,   11:45:09,378,111,30,6,6,0,0,2,5,0,2,5
 2021/3/22,  11:45:19,444,134,23,0,0,0,1,3,3,1,3,3
 2021/3/22,  11:45:29,495,148,28,3,0,0,1,3,3,1,3,3
 2021/3/22,  11:45:39,357,105,17,3,0,0,0,2,2,0,2,2
 2021/3/22,  11:45:49,348,109,16,0,0,0,1,1,1,1,1,1
 2021/3/22,  11:45:59,309,90,12,0,0,0,0,0,0,0,0,0
 2021/3/22,   11:46:09,408,119,43,6,6,0,0,2,5,0,2,5
 2021/3/22,  11:46:19,228,73,33,9,9,0,0,0,6,0,0,6
 2021/3/22,  11:46:29,291,82,26,6,6,0,0,1,4,0,1,4
 2021/3/22,  11:46:39,363,99,20,3,3,0,0,1,3,0,1,3
 2021/3/22,  11:46:49,222,64,3,3,3,0,0,0,1,0,0,1
 2021/3/22,  11:46:59,150,40,6,3,3,0,0,0,1,0,0,1
 2021/3/22,   11:47:09,177,52,10,3,3,0,0,0,1,0,0,1
 2021/3/22,  11:47:19,297,95,38,9,9,3,0,1,6,0,1,6
 2021/3/22,  11:47:29,270,90,26,6,6,0,0,1,4,0,1,4
 2021/3/22,  11:47:39,309,96,16,6,6,0,0,1,4,0,1,4
 2021/3/22,  11:47:49,276,85,16,3,3,0,0,0,2,0,0,2
 2021/3/22,  11:47:59,234,75,12,6,6,0,0,0,3,0,0,3
 2021/3/22,   11:48:09,432,136,53,13,6,0,1,4,7,1,4,7
 2021/3/22,  11:48:19,291,97,61,9,6,0,0,3,6,0,3,6
 2021/3/22,  11:48:29,192,61,22,9,3,0,0,1,3,0,1,3
 2021/3/22,  11:48:39,99,30,6,6,3,0,0,0,2,0,0,2
 2021/3/22,  11:48:49,207,62,21,7,7,0,0,0,4,0,0,4
 2021/3/22,  11:48:59,351,109,3,3,3,0,0,0,2,0,0,2
 2021/3/22,   11:49:09,294,91,3,3,3,0,0,0,2,0,0,2
 2021/3/22,  11:49:19,144,44,9,6,6,3,0,0,3,0,0,3
 2021/3/22,  11:49:29,150,44,9,3,3,3,0,0,2,0,0,2
 2021/3/22,  11:49:39,183,55,13,3,3,3,0,0,2,0,0,2
 2021/3/22,  11:49:49,432,123,7,0,0,0,0,1,1,0,1,1
 2021/3/22,  11:49:59,228,58,3,0,0,0,0,0,0,0,0,0
 2021/3/22,   11:50:09,63,21,3,0,0,0,0,0,0,0,0,0
 2021/3/22,  11:50:19,111,37,0,0,0,0,0,0,0,0,0,0
 2021/3/22,  11:50:29,159,53,6,3,3,3,0,0,2,0,0,2
 2021/3/22,  11:50:39,84,28,6,3,3,3,0,0,2,0,0,2
 2021/3/22,  11:50:49,177,59,6,0,0,0,0,0,0,0,0,0
 2021/3/22,  11:50:59,270,83,3,0,0,0,0,0,0,0,0,0
 2021/3/22,   11:51:09,225,68,3,3,3,0,0,0,1,0,0,1
 2021/3/22,  11:51:19,198,51,3,0,0,0,0,0,0,0,0,0
 2021/3/22,  11:51:29,165,37,3,0,0,0,0,0,0,0,0,0
 2021/3/22,  11:51:39,111,34,6,0,0,0,0,0,0,0,0,0
 2021/3/22,  11:51:49,111,37,6,0,0,0,0,0,0,0,0,0
 2021/3/22,  11:51:59,30,10,0,0,0,0,0,0,0,0,0,0
 2021/3/22,   11:52:09,39,10,0,0,0,0,0,0,0,0,0,0
 2021/3/22,  11:52:19,60,17,0,0,0,0,0,0,0,0,0,0
 2021/3/22,  11:52:29,21,7,0,0,0,0,0,0,0,0,0,0
 2021/3/22,  11:52:39,27,3,0,0,0,0,0,0,0,0,0,0
 2021/3/22,  11:52:49,120,34,7,0,0,0,0,0,0,0,0,0
 2021/3/22,  11:52:59,93,31,7,0,0,0,0,0,0,0,0,0
 2021/3/22,   11:53:09,9,3,0,0,0,0,0,0,0,0,0,0
 2021/3/22,  11:53:19,18,6,0,0,0,0,0,0,0,0,0,0
 2021/3/22,  11:53:29,60,17,0,0,0,0,0,0,0,0,0,0
 2021/3/22,  11:53:39,51,17,3,0,0,0,0,0,0,0,0,0
 2021/3/22,  11:53:49,21,7,3,0,0,0,0,0,0,0,0,0
 2021/3/22,  11:53:59,18,6,0,0,0,0,0,0,0,0,0,0
 2021/3/22,   11:54:09,18,6,0,0,0,0,0,0,0,0,0,0
 2021/3/22,  11:54:19,30,10,0,0,0,0,0,0,0,0,0,0
 2021/3/22,  11:54:29,9,3,3,3,3,0,0,0,1,0,0,1
 2021/3/22,  11:54:39,60,20,10,3,3,0,0,0,1,0,0,1
 2021/3/22,  11:54:49,42,14,7,0,0,0,0,0,0,0,0,0
 2021/3/22,  11:54:59,18,6,0,0,0,0,0,0,0,0,0,0
 2021/3/22,   11:55:09,39,9,0,0,0,0,0,0,0,0,0,0
 2021/3/22,  11:55:19,30,6,0,0,0,0,0,0,0,0,0,0
 2021/3/22,  11:55:29,42,14,0,0,0,0,0,0,0,0,0,0
 2021/3/22,  11:55:39,30,6,3,0,0,0,0,0,0,0,0,0
 2021/3/22,  11:55:49,60,12,3,0,0,0,0,0,0,0,0,0
 2021/3/22,  11:55:59,18,6,0,0,0,0,0,0,0,0,0,0
 2021/3/22,   11:56:09,39,9,0,0,0,0,0,0,0,0,0,0
 2021/3/22,  11:56:19,18,6,0,0,0,0,0,0,0,0,0,0
 2021/3/22,  11:56:29,27,9,0,0,0,0,0,0,0,0,0,0
 2021/3/22,  11:56:39,18,6,0,0,0,0,0,0,0,0,0,0
 2021/3/22,  11:56:49,18,6,0,0,0,0,0,0,0,0,0,0
 2021/3/22,  11:56:59,18,6,0,0,0,0,0,0,0,0,0,0
 2021/3/22,   11:57:09,0,0,0,0,0,0,0,0,0,0,0,0
 2021/3/22,  11:57:19,39,13,0,0,0,0,0,0,0,0,0,0
 2021/3/22,  11:57:29,39,13,0,0,0,0,0,0,0,0,0,0
 2021/3/22,  11:57:39,21,7,0,0,0,0,0,0,0,0,0,0
 2021/3/22,  11:57:49,30,10,0,0,0,0,0,0,0,0,0,0
 2021/3/22,  11:57:59,0,0,0,0,0,0,0,0,0,0,0,0
 2021/3/22,   11:58:09,21,7,0,0,0,0,0,0,0,0,0,0
 2021/3/22,  11:58:19,21,7,0,0,0,0,0,0,0,0,0,0
 2021/3/22,  11:58:29,0,0,0,0,0,0,0,0,0,0,0,0
 2021/3/22,  11:58:39,0,0,0,0,0,0,0,0,0,0,0,0
 2021/3/22,  11:58:49,9,3,0,0,0,0,0,0,0,0,0,0
 2021/3/22,  11:58:59,39,6,0,0,0,0,0,0,0,0,0,0
 2021/3/22,   11:59:09,30,3,0,0,0,0,0,0,0,0,0,0
 2021/3/22,  11:59:19,9,3,3,3,0,0,0,0,0,0,0,0
 2021/3/22,  11:59:29,9,3,3,3,0,0,0,0,0,0,0,0
 2021/3/22,  11:59:39,30,10,6,3,3,0,0,0,1,0,0,1
 2021/3/22,  11:59:49,18,6,6,6,6,0,0,0,2,0,0,2
 2021/3/22,  11:59:59,0,0,0,0,0,0,0,0,0,0,0,0
 2021/3/22,    12:00:09,0,0,0,0,0,0,0,0,0,0,0,0
 2021/3/22,   12:00:19,0,0,0,0,0,0,0,0,0,0,0,0
 2021/3/22,   12:00:29,9,3,3,3,3,0,0,0,0,0,0,0
 2021/3/22,   12:00:39,0,0,0,0,0,0,0,0,0,0,0,0
 2021/3/22,   12:00:49,0,0,0,0,0,0,0,0,0,0,0,0
 2021/3/22,   12:00:59,9,3,0,0,0,0,0,0,0,0,0,0
 2021/3/22,    12:01:09,0,0,0,0,0,0,0,0,0,0,0,0
 2021/3/22,   12:01:19,0,0,0,0,0,0,0,0,0,0,0,0
 2021/3/22,   12:01:29,0,0,0,0,0,0,0,0,0,0,0,0
 2021/3/22,   12:01:39,9,3,0,0,0,0,0,0,0,0,0,0
 2021/3/22,   12:01:49,9,3,0,0,0,0,0,0,0,0,0,0
 2021/3/22,   12:01:59,0,0,0,0,0,0,0,0,0,0,0,0
 2021/3/22,    12:02:09,9,3,0,0,0,0,0,0,0,0,0,0
 2021/3/22,   12:02:19,9,3,0,0,0,0,0,0,0,0,0,0
 2021/3/22,   12:02:29,0,0,0,0,0,0,0,0,0,0,0,0
 2021/3/22,   12:02:39,0,0,0,0,0,0,0,0,0,0,0,0
 2021/3/22,   12:02:49,0,0,0,0,0,0,0,0,0,0,0,0
 2021/3/22,   12:02:59,0,0,0,0,0,0,0,0,0,0,0,0
 2021/3/22,    12:03:09,0,0,0,0,0,0,0,0,0,0,0,0
 2021/3/22,   12:03:19,0,0,0,0,0,0,0,0,0,0,0,0
 2021/3/22,   12:03:29,0,0,0,0,0,0,0,0,0,0,0,0
 2021/3/22,   12:03:39,9,3,0,0,0,0,0,0,0,0,0,0
 2021/3/22,   12:03:49,9,3,0,0,0,0,0,0,0,0,0,0
 2021/3/22,   12:03:59,0,0,0,0,0,0,0,0,0,0,0,0
 2021/3/22,    12:04:09,0,0,0,0,0,0,0,0,0,0,0,0
 2021/3/22,   12:04:19,0,0,0,0,0,0,0,0,0,0,0,0
 2021/3/22,   12:04:29,0,0,0,0,0,0,0,0,0,0,0,0
 2021/3/22,   12:04:39,0,0,0,0,0,0,0,0,0,0,0,0
 2021/3/22,   12:04:49,0,0,0,0,0,0,0,0,0,0,0,0
 2021/3/22,   12:04:59,0,0,0,0,0,0,0,0,0,0,0,0
 2021/3/22,    12:05:09,0,0,0,0,0,0,0,0,0,0,0,0
 2021/3/22,   12:05:19,0,0,0,0,0,0,0,0,0,0,0,0
 2021/3/22,   12:05:29,0,0,0,0,0,0,0,0,0,0,0,0
 2021/3/22,   12:05:39,9,3,0,0,0,0,0,0,0,0,0,0
 2021/3/22,   12:05:49,0,0,0,0,0,0,0,0,0,0,0,0
 2021/3/22,   12:05:59,4350,1308,402,96,30,12,20,47,62,17,35,49
 2021/3/22,    12:06:09,3558,1078,381,94,45,19,16,38,62,15,31,49
 2021/3/22,   12:06:19,1755,521,165,23,9,0,7,16,20,7,16,20
 2021/3/22,   12:06:29,12036,3756,1374,333,138,66,55,123,180,36,81,119
 2021/3/22,   12:06:39,9969,3047,1026,152,59,27,46,98,126,30,65,83
 2021/3/22,   12:06:49,3309,1031,355,56,21,10,14,35,44,14,29,40
 2021/3/22,   12:06:59,6456,1993,711,122,41,17,30,72,93,23,47,62
 2021/3/22,    12:07:09,4947,1536,578,129,50,23,23,60,87,19,39,59
 2021/3/22,   12:07:19,2841,889,317,51,28,6,14,29,44,14,26,39
 2021/3/22,   12:07:29,1134,356,122,22,9,3,4,11,17,4,11,17
 2021/3/22,   12:07:39,378,122,43,6,3,0,1,2,4,1,2,4
 2021/3/22,   12:07:49,228,69,27,10,6,3,0,1,5,0,1,5
 2021/3/22,   12:07:59,759,227,54,10,6,3,2,5,8,2,5,8
 2021/3/22,    12:08:09,1026,310,74,6,6,6,3,7,11,3,7,11
 2021/3/22,   12:08:19,843,267,72,9,0,0,3,8,8,3,8,8
 2021/3/22,   12:08:29,807,233,78,18,9,0,2,8,11,2,8,11
 2021/3/22,   12:08:39,873,270,68,3,3,0,3,6,8,3,6,8
 2021/3/22,   12:08:49,939,292,54,7,7,0,4,6,9,4,6,9
 2021/3/22,   12:08:59,645,183,23,0,0,0,2,3,3,2,3,3
 2021/3/22,    12:09:09,897,273,79,20,7,3,4,8,11,4,8,11
 2021/3/22,   12:09:19,570,169,60,3,0,0,1,5,5,1,5,5
 2021/3/22,   12:09:29,633,190,47,3,3,0,1,3,5,1,3,5
 2021/3/22,   12:09:39,840,230,43,6,6,0,2,5,8,2,5,8
 2021/3/22,   12:09:49,543,140,36,3,3,0,1,2,4,1,2,4
 2021/3/22,   12:09:59,639,196,60,15,6,3,1,6,9,1,6,9
 2021/3/22,   12:10:09,537,159,57,12,0,0,1,5,5,1,5,5
 2021/3/22,  12:10:19,651,213,64,6,3,0,2,5,6,2,5,6
 2021/3/22,  12:10:29,582,188,37,3,0,0,2,4,4,2,4,4
 2021/3/22,  12:10:39,537,173,22,3,3,0,2,2,4,2,2,4
 2021/3/22,  12:10:49,876,274,39,6,6,3,4,5,8,4,5,8
 2021/3/22,  12:10:59,744,227,33,6,6,6,3,3,8,3,3,8
 2021/3/22,   12:11:09,354,108,23,3,0,0,0,1,2,0,1,2
 2021/3/22,  12:11:19,357,108,34,3,0,0,0,2,2,0,2,2
 2021/3/22,  12:11:29,450,135,33,3,3,3,1,2,4,1,2,4
 2021/3/22,  12:11:39,411,122,27,3,3,3,1,2,4,1,2,4
 2021/3/22,  12:11:49,366,114,23,3,3,3,0,1,3,0,1,3
 2021/3/22,  12:11:59,540,155,22,6,6,0,2,2,5,2,2,5
 2021/3/22,   12:12:09,606,173,29,6,6,0,2,2,5,2,2,5
 2021/3/22,  12:12:19,477,144,37,3,3,0,1,2,4,1,2,4
 2021/3/22,  12:12:29,438,132,10,0,0,0,1,1,1,1,1,1
 2021/3/22,  12:12:39,351,93,13,3,3,3,0,0,2,0,0,2
 2021/3/22,  12:12:49,351,93,23,3,3,0,0,1,2,0,1,2
 2021/3/22,  12:12:59,354,108,26,3,3,0,1,2,3,1,2,3
 2021/3/22,   12:13:09,240,76,10,0,0,0,0,0,0,0,0,0
 2021/3/22,  12:13:19,162,54,24,3,3,3,0,0,2,0,0,2
 2021/3/22,  12:13:29,267,78,13,3,3,3,0,0,2,0,0,2
 2021/3/22,  12:13:39,279,75,6,0,0,0,0,0,0,0,0,0
 2021/3/22,  12:13:49,279,69,30,0,0,0,0,1,1,0,1,1
 2021/3/22,  12:13:59,249,66,30,0,0,0,0,1,1,0,1,1
 2021/3/22,   12:14:09,162,54,6,3,3,0,0,0,1,0,0,1
 2021/3/22,  12:14:19,240,73,6,3,3,0,0,0,2,0,0,2
 2021/3/22,  12:14:29,336,102,12,0,0,0,0,1,1,0,1,1
 2021/3/22,  12:14:39,264,85,18,9,6,0,0,1,4,0,1,4
 2021/3/22,  12:14:49,159,43,15,9,6,3,0,0,4,0,0,4
 2021/3/22,  12:14:59,183,51,16,3,3,3,0,0,2,0,0,2
 2021/3/22,   12:15:09,183,53,16,0,0,0,0,0,0,0,0,0
 2021/3/22,  12:15:19,144,44,6,0,0,0,0,0,0,0,0,0
 2021/3/22,  12:15:29,144,48,6,0,0,0,0,0,0,0,0,0
 2021/3/22,  12:15:39,87,29,9,6,6,3,0,0,2,0,0,2
 2021/3/22,  12:15:49,96,28,6,3,3,0,0,0,1,0,0,1
 2021/3/22,  12:15:59,204,57,6,0,0,0,0,0,0,0,0,0
 2021/3/22,   12:16:09,144,41,10,0,0,0,0,0,0,0,0,0
 2021/3/22,  12:16:19,72,24,6,3,3,0,0,0,1,0,0,1
 2021/3/22,  12:16:29,120,40,9,3,3,0,0,0,1,0,0,1
 2021/3/22,  12:16:39,90,30,0,0,0,0,0,0,0,0,0,0
 2021/3/22,  12:16:49,90,23,0,0,0,0,0,0,0,0,0,0
 2021/3/22,  12:16:59,120,26,3,0,0,0,0,0,0,0,0,0
 2021/3/22,   12:17:09,108,26,3,3,3,3,0,0,1,0,0,1
 2021/3/22,  12:17:19,120,33,6,3,3,3,0,0,2,0,0,2
 2021/3/22,  12:17:29,69,19,0,0,0,0,0,0,0,0,0,0
 2021/3/22,  12:17:39,81,23,3,0,0,0,0,0,0,0,0,0
 2021/3/22,  12:17:49,60,20,3,0,0,0,0,0,0,0,0,0
 2021/3/22,  12:17:59,39,13,0,0,0,0,0,0,0,0,0,0
 2021/3/22,   12:18:09,84,24,0,0,0,0,0,0,0,0,0,0
 2021/3/22,  12:18:19,165,47,3,0,0,0,0,0,0,0,0,0
 2021/3/22,  12:18:29,93,27,6,0,0,0,0,0,0,0,0,0
 2021/3/22,  12:18:39,39,13,3,0,0,0,0,0,0,0,0,0
 2021/3/22,  12:18:49,57,19,0,0,0,0,0,0,0,0,0,0
 2021/3/22,  12:18:59,27,9,0,0,0,0,0,0,0,0,0,0
 2021/3/22,   12:19:09,9,3,0,0,0,0,0,0,0,0,0,0
 2021/3/22,  12:19:19,9,0,0,0,0,0,0,0,0,0,0,0
 2021/3/22,  12:19:29,21,7,0,0,0,0,0,0,0,0,0,0
 2021/3/22,  12:19:39,42,14,0,0,0,0,0,0,0,0,0,0
 2021/3/22,  12:19:49,81,27,3,3,3,3,0,0,2,0,0,2
 2021/3/22,  12:19:59,132,30,3,3,3,3,0,0,2,0,0,2
 2021/3/22,   12:20:09,150,33,0,0,0,0,0,0,0,0,0,0
 2021/3/22,  12:20:19,237,65,10,0,0,0,0,0,0,0,0,0
 2021/3/22,  12:20:29,207,56,10,0,0,0,0,0,0,0,0,0
 2021/3/22,  12:20:39,39,10,0,0,0,0,0,0,0,0,0,0
 2021/3/22,  12:20:49,90,30,3,0,0,0,0,0,0,0,0,0
 2021/3/22,  12:20:59,99,29,9,3,3,0,0,0,1,0,0,1
 2021/3/22,   12:21:09,69,16,6,3,3,0,0,0,1,0,0,1
 2021/3/22,  12:21:19,36,6,0,0,0,0,0,0,0,0,0,0
 2021/3/22,  12:21:29,27,6,0,0,0,0,0,0,0,0,0,0
 2021/3/22,  12:21:39,27,6,0,0,0,0,0,0,0,0,0,0
 2021/3/22,  12:21:49,27,6,6,6,6,0,0,0,2,0,0,2
 2021/3/22,  12:21:59,39,13,6,6,6,3,0,0,2,0,0,2
 2021/3/22,   12:22:09,48,16,3,0,0,0,0,0,0,0,0,0
 2021/3/22,  12:22:19,18,6,0,0,0,0,0,0,0,0,0,0
 2021/3/22,  12:22:29,9,0,0,0,0,0,0,0,0,0,0,0
 2021/3/22,  12:22:39,9,0,0,0,0,0,0,0,0,0,0,0
 2021/3/22,  12:22:49,0,0,0,0,0,0,0,0,0,0,0,0
 2021/3/22,  12:22:59,39,13,0,0,0,0,0,0,0,0,0,0
 2021/3/22,   12:23:09,51,13,3,0,0,0,0,0,0,0,0,0
 2021/3/22,  12:23:19,84,24,10,0,0,0,0,0,0,0,0,0
 2021/3/22,  12:23:29,21,7,0,0,0,0,0,0,0,0,0,0
 2021/3/22,  12:23:39,30,10,0,0,0,0,0,0,0,0,0,0
 2021/3/22,  12:23:49,48,13,3,0,0,0,0,0,0,0,0,0
 2021/3/22,  12:23:59,66,15,6,0,0,0,0,0,0,0,0,0
 2021/3/22,   12:24:09,48,12,0,0,0,0,0,0,0,0,0,0
 2021/3/22,  12:24:19,264,77,21,0,0,0,0,2,2,0,2,2
 2021/3/22,  12:24:29,1656,498,157,15,6,3,7,15,18,7,15,18
 2021/3/22,  12:24:39,1587,496,148,26,16,10,7,15,24,7,15,24
 2021/3/22,  12:24:49,780,245,100,13,7,3,2,8,11,2,8,11
 2021/3/22,  12:24:59,1668,502,132,19,6,3,8,15,18,8,15,18
 2021/3/22,   12:25:09,3315,1008,312,41,16,0,16,32,39,15,28,37
 2021/3/22,  12:25:19,2733,812,257,64,12,9,12,31,39,12,28,37
 2021/3/22,  12:25:29,1626,517,205,27,6,3,7,19,23,7,19,23
 2021/3/22,  12:25:39,636,195,54,9,6,0,2,5,8,2,5,8
 2021/3/22,  12:25:49,1050,310,102,17,6,3,3,11,14,3,11,14
 2021/3/22,  12:25:59,957,278,86,17,3,3,3,9,11,3,9,11
 2021/3/22,   12:26:09,867,268,111,13,3,3,3,10,11,3,10,11
 2021/3/22,  12:26:19,627,191,73,12,3,0,1,5,7,1,5,7
 2021/3/22,  12:26:29,432,140,27,3,0,0,1,3,3,1,3,3
 2021/3/22,  12:26:39,576,166,40,0,0,0,1,3,3,1,3,3
 2021/3/22,  12:26:49,561,158,33,3,3,3,1,2,4,1,2,4
 2021/3/22,  12:26:59,681,205,25,6,6,3,2,2,6,2,2,6
 2021/3/22,   12:27:09,462,144,24,7,3,0,1,2,4,1,2,4
 2021/3/22,  12:27:19,399,122,30,6,6,0,0,2,5,0,2,5
 2021/3/22,  12:27:29,375,117,26,3,3,0,0,1,2,0,1,2
 2021/3/22,  12:27:39,714,219,42,0,0,0,2,3,3,2,3,3
 2021/3/22,  12:27:49,762,235,40,0,0,0,2,4,4,2,4,4
 2021/3/22,  12:27:59,702,213,61,3,3,3,2,5,8,2,5,8
 2021/3/22,   12:28:09,801,245,57,3,0,0,2,6,6,2,6,6
 2021/3/22,  12:28:19,564,176,29,3,3,0,2,3,5,2,3,5
 2021/3/22,  12:28:29,600,175,39,9,9,0,2,2,7,2,2,7
 2021/3/22,  12:28:39,600,164,30,3,3,3,1,2,5,1,2,5
 2021/3/22,  12:28:49,423,119,23,3,3,0,0,2,3,0,2,3
 2021/3/22,  12:28:59,615,172,26,6,6,0,2,2,5,2,2,5
 2021/3/22,   12:29:09,312,97,9,3,3,0,0,0,2,0,0,2
 2021/3/22,  12:29:19,345,104,26,6,6,0,0,1,4,0,1,4
 2021/3/22,  12:29:29,321,103,23,3,3,0,0,1,2,0,1,2
 2021/3/22,  12:29:39,549,169,53,9,3,3,2,4,6,2,4,6
 2021/3/22,  12:29:49,459,135,36,3,3,0,1,2,4,1,2,4
 2021/3/22,  12:29:59,384,121,20,3,3,0,0,2,3,0,2,3
 2021/3/22,   12:30:09,474,143,30,3,0,0,1,2,2,1,2,2
 2021/3/22,  12:30:19,453,139,26,3,0,0,1,2,2,1,2,2
 2021/3/22,  12:30:29,339,105,23,3,3,0,0,1,3,0,1,3
 2021/3/22,  12:30:39,318,98,17,3,3,0,0,1,2,0,1,2
 2021/3/22,  12:30:49,312,97,12,6,6,0,0,0,3,0,0,3
 2021/3/22,  12:30:59,432,115,19,0,0,0,0,2,2,0,2,2
 2021/3/22,   12:31:09,423,119,19,0,0,0,1,2,2,1,2,2
 2021/3/22,  12:31:19,528,159,33,3,0,0,1,3,3,1,3,3
 2021/3/22,  12:31:29,441,118,27,13,13,3,0,1,8,0,1,8
 2021/3/22,  12:31:39,306,83,20,13,13,6,0,0,8,0,0,8
 2021/3/22,  12:31:49,246,71,24,0,0,0,0,1,1,0,1,1
 2021/3/22,  12:31:59,249,72,13,3,3,0,0,0,2,0,0,2
 2021/3/22,   12:32:09,213,64,9,3,3,0,0,0,2,0,0,2
 2021/3/22,  12:32:19,246,68,12,0,0,0,0,0,0,0,0,0
 2021/3/22,  12:32:29,237,65,6,3,3,0,0,0,2,0,0,2
 2021/3/22,  12:32:39,258,75,16,9,9,0,0,0,5,0,0,5
 2021/3/22,  12:32:49,273,84,16,6,6,0,0,0,3,0,0,3
 2021/3/22,  12:32:59,234,72,9,6,6,6,0,0,4,0,0,4
 2021/3/22,   12:33:09,357,105,21,3,3,3,0,2,3,0,2,3
 2021/3/22,  12:33:19,423,121,20,0,0,0,1,2,2,1,2,2
 2021/3/22,  12:33:29,186,54,9,0,0,0,0,0,0,0,0,0
 2021/3/22,  12:33:39,108,36,13,6,6,3,0,0,3,0,0,3
 2021/3/22,  12:33:49,138,46,13,3,3,0,0,0,1,0,0,1
 2021/3/22,  12:33:59,345,107,27,6,0,0,0,2,2,0,2,2
 2021/3/22,   12:34:09,249,79,30,3,3,0,0,1,2,0,1,2
 2021/3/22,  12:34:19,162,47,22,6,6,0,0,0,3,0,0,3
 2021/3/22,  12:34:29,153,44,22,6,6,0,0,0,3,0,0,3
 2021/3/22,  12:34:39,153,48,17,3,0,0,0,1,1,0,1,1
 2021/3/22,  12:34:49,150,47,10,6,6,0,0,0,2,0,0,2
 2021/3/22,  12:34:59,219,65,23,6,6,0,0,0,3,0,0,3
 2021/3/22,   12:35:09,207,61,10,0,0,0,0,0,0,0,0,0
 2021/3/22,  12:35:19,99,26,3,0,0,0,0,0,0,0,0,0
 2021/3/22,  12:35:29,108,36,3,0,0,0,0,0,0,0,0,0
 2021/3/22,  12:35:39,126,39,3,0,0,0,0,0,0,0,0,0
 2021/3/22,  12:35:49,96,29,3,0,0,0,0,0,0,0,0,0
 2021/3/22,  12:35:59,120,36,13,3,3,0,0,0,1,0,0,1
 2021/3/22,   12:36:09,78,19,9,0,0,0,0,0,0,0,0,0
 2021/3/22,  12:36:19,93,31,9,0,0,0,0,0,0,0,0,0
 2021/3/22,  12:36:29,132,44,9,0,0,0,0,0,0,0,0,0
 2021/3/22,  12:36:39,69,23,3,0,0,0,0,0,0,0,0,0
 2021/3/22,  12:36:49,30,3,0,0,0,0,0,0,0,0,0,0
 2021/3/22,  12:36:59,156,45,13,3,3,0,0,0,2,0,0,2
 2021/3/22,   12:37:09,177,59,13,3,3,0,0,0,2,0,0,2
 2021/3/22,  12:37:19,102,34,3,3,3,0,0,0,1,0,0,1
 2021/3/22,  12:37:29,84,28,3,3,3,0,0,0,1,0,0,1
 2021/3/22,  12:37:39,18,6,3,0,0,0,0,0,0,0,0,0
 2021/3/22,  12:37:49,30,10,3,0,0,0,0,0,0,0,0,0
 2021/3/22,  12:37:59,51,17,3,3,3,0,0,0,1,0,0,1
 2021/3/22,   12:38:09,72,13,3,0,0,0,0,0,0,0,0,0
 2021/3/22,  12:38:19,51,13,3,0,0,0,0,0,0,0,0,0
 2021/3/22,  12:38:29,60,20,3,0,0,0,0,0,0,0,0,0
 2021/3/22,  12:38:39,51,17,3,0,0,0,0,0,0,0,0,0
 2021/3/22,  12:38:49,42,14,0,0,0,0,0,0,0,0,0,0
 2021/3/22,  12:38:59,60,13,3,0,0,0,0,0,0,0,0,0
 2021/3/22,   12:39:09,99,26,13,0,0,0,0,0,0,0,0,0
 2021/3/22,  12:39:19,48,16,10,3,3,3,0,0,2,0,0,2
 2021/3/22,  12:39:29,18,6,3,3,3,3,0,0,1,0,0,1
 2021/3/22,  12:39:39,27,6,0,0,0,0,0,0,0,0,0,0
 2021/3/22,  12:39:49,21,3,0,0,0,0,0,0,0,0,0,0
 2021/3/22,  12:39:59,42,10,0,0,0,0,0,0,0,0,0,0
 2021/3/22,   12:40:09,21,7,0,0,0,0,0,0,0,0,0,0
 2021/3/22,  12:40:19,30,6,0,0,0,0,0,0,0,0,0,0
 2021/3/22,  12:40:29,39,9,0,0,0,0,0,0,0,0,0,0
 2021/3/22,  12:40:39,39,13,0,0,0,0,0,0,0,0,0,0
 2021/3/22,  12:40:49,21,7,0,0,0,0,0,0,0,0,0,0
 2021/3/22,  12:40:59,9,3,0,0,0,0,0,0,0,0,0,0
 2021/3/22,   12:41:09,9,3,0,0,0,0,0,0,0,0,0,0
 2021/3/22,  12:41:19,0,0,0,0,0,0,0,0,0,0,0,0
 2021/3/22,  12:41:29,9,3,0,0,0,0,0,0,0,0,0,0
 2021/3/22,  12:41:39,39,13,0,0,0,0,0,0,0,0,0,0
 2021/3/22,  12:41:49,81,20,0,0,0,0,0,0,0,0,0,0
 2021/3/22,  12:41:59,72,17,0,0,0,0,0,0,0,0,0,0
 2021/3/22,   12:42:09,72,17,0,0,0,0,0,0,0,0,0,0
 2021/3/22,  12:42:19,51,10,0,0,0,0,0,0,0,0,0,0
 2021/3/22,  12:42:29,0,0,0,0,0,0,0,0,0,0,0,0
 2021/3/22,  12:42:39,9,3,0,0,0,0,0,0,0,0,0,0
 2021/3/22,  12:42:49,18,6,0,0,0,0,0,0,0,0,0,0
 2021/3/22,  12:42:59,3396,1061,499,124,57,17,14,42,64,14,32,50
 2021/3/22,   12:43:09,1455,452,127,13,10,7,6,11,17,6,11,17
 2021/3/22,  12:43:19,2373,759,259,58,9,6,11,29,34,11,26,33
 2021/3/22,  12:43:29,1878,586,229,45,6,6,8,23,27,8,22,27
 2021/3/22,  12:43:39,591,163,47,10,7,0,1,3,6,1,3,6
 2021/3/22,  12:43:49,1116,359,125,16,9,0,5,10,14,5,10,14
 2021/3/22,  12:43:59,345,112,33,3,3,0,1,2,3,1,2,3
 2021/3/22,   12:44:09,1017,304,95,25,10,0,4,9,14,4,9,14
 2021/3/22,  12:44:19,687,207,70,17,6,3,2,7,10,2,7,10
 2021/3/22,  12:44:29,807,251,78,16,6,6,2,7,11,2,7,11
 2021/3/22,  12:44:39,996,315,115,10,6,3,4,10,14,4,10,14
 2021/3/22,  12:44:49,987,300,90,6,6,0,4,8,11,4,8,11
 2021/3/22,  12:44:59,1410,411,118,22,9,9,5,12,19,5,12,19
 2021/3/22,   12:45:09,1392,401,102,15,6,3,5,11,14,5,11,14
 2021/3/22,  12:45:19,1029,299,89,3,3,3,2,7,9,2,7,9
 2021/3/22,  12:45:29,924,286,90,7,3,0,2,6,9,2,6,9
 2021/3/22,  12:45:39,612,197,68,16,12,0,1,4,11,1,4,11
 2021/3/22,  12:45:49,618,184,40,9,9,0,2,3,8,2,3,8
 2021/3/22,  12:45:59,711,198,41,6,3,0,2,4,5,2,4,5
 2021/3/22,   12:46:09,744,215,73,12,3,3,2,6,8,2,6,8
 2021/3/22,  12:46:19,648,194,82,9,0,0,2,7,7,2,7,7
 2021/3/22,  12:46:29,420,122,43,7,3,0,1,3,5,1,3,5
 2021/3/22,  12:46:39,639,179,16,7,3,0,2,3,5,2,3,5
 2021/3/22,  12:46:49,681,189,34,3,3,0,2,3,5,2,3,5
 2021/3/22,  12:46:59,564,155,35,3,3,0,2,2,4,2,2,4
 2021/3/22,   12:47:09,396,115,21,0,0,0,1,2,2,1,2,2
 2021/3/22,  12:47:19,417,125,17,0,0,0,1,2,2,1,2,2
 2021/3/22,  12:47:29,366,115,20,0,0,0,1,1,1,1,1,1
 2021/3/22,  12:47:39,462,144,23,0,0,0,2,2,2,2,2,2
 2021/3/22,  12:47:49,390,109,17,0,0,0,0,1,1,0,1,1
 2021/3/22,  12:47:59,291,83,20,3,3,0,0,1,2,0,1,2
 2021/3/22,   12:48:09,297,95,20,3,3,0,0,1,2,0,1,2
 2021/3/22,  12:48:19,537,166,57,17,6,0,1,5,8,1,5,8
 2021/3/22,  12:48:29,516,161,50,13,6,3,1,4,8,1,4,8
 2021/3/22,  12:48:39,321,99,26,0,0,0,0,1,1,0,1,1
 2021/3/22,  12:48:49,597,172,32,3,0,0,2,4,4,2,4,4
 2021/3/22,  12:48:59,486,143,32,3,0,0,0,2,2,0,2,2
 2021/3/22,   12:49:09,336,101,12,0,0,0,0,1,1,0,1,1
 2021/3/22,  12:49:19,306,91,10,0,0,0,0,0,0,0,0,0
 2021/3/22,  12:49:29,423,126,14,7,7,7,1,1,5,1,1,5
 2021/3/22,  12:49:39,519,151,20,7,7,7,1,1,6,1,1,6
 2021/3/22,  12:49:49,369,108,23,9,9,0,0,1,5,0,1,5
 2021/3/22,  12:49:59,207,58,13,6,6,0,0,0,3,0,0,3
 2021/3/22,   12:50:09,141,33,0,0,0,0,0,0,0,0,0,0
 2021/3/22,  12:50:19,258,68,7,0,0,0,0,0,0,0,0,0
 2021/3/22,  12:50:29,312,76,10,0,0,0,0,0,0,0,0,0
 2021/3/22,  12:50:39,312,79,16,0,0,0,0,0,0,0,0,0
 2021/3/22,  12:50:49,249,75,10,0,0,0,0,0,0,0,0,0
 2021/3/22,  12:50:59,249,83,19,6,6,6,0,0,5,0,0,5
 2021/3/22,   12:51:09,240,80,13,3,3,3,0,0,2,0,0,2
 2021/3/22,  12:51:19,219,69,3,3,0,0,0,0,0,0,0,0
 2021/3/22,  12:51:29,189,56,3,3,0,0,0,0,0,0,0,0
 2021/3/22,  12:51:39,207,54,20,3,3,0,0,0,2,0,0,2
 2021/3/22,  12:51:49,111,37,17,3,3,0,0,0,2,0,0,2
 2021/3/22,  12:51:59,69,23,3,3,3,3,0,0,2,0,0,2
 2021/3/22,   12:52:09,108,33,10,3,3,3,0,0,2,0,0,2
 2021/3/22,  12:52:19,150,44,10,3,3,3,0,0,2,0,0,2
 2021/3/22,  12:52:29,180,51,6,0,0,0,0,0,0,0,0,0
 2021/3/22,  12:52:39,87,23,3,0,0,0,0,0,0,0,0,0
 2021/3/22,  12:52:49,96,25,0,0,0,0,0,0,0,0,0,0
 2021/3/22,  12:52:59,66,22,3,0,0,0,0,0,0,0,0,0
 2021/3/22,   12:53:09,150,39,13,0,0,0,0,0,0,0,0,0
 2021/3/22,  12:53:19,228,41,0,0,0,0,0,0,0,0,0,0
 2021/3/22,  12:53:29,348,91,0,0,0,0,0,0,0,0,0,0
 2021/3/22,  12:53:39,324,100,3,0,0,0,0,0,0,0,0,0
 2021/3/22,  12:53:49,141,40,6,0,0,0,0,0,0,0,0,0
 2021/3/22,  12:53:59,216,66,3,0,0,0,0,0,0,0,0,0
 2021/3/22,   12:54:09,162,51,7,0,0,0,0,0,0,0,0,0
 2021/3/22,  12:54:19,36,12,3,3,3,0,0,0,0,0,0,0
 2021/3/22,  12:54:29,87,26,6,3,3,0,0,0,1,0,0,1
 2021/3/22,  12:54:39,162,47,3,0,0,0,0,0,0,0,0,0
 2021/3/22,  12:54:49,81,23,3,3,3,0,0,0,1,0,0,1
 2021/3/22,  12:54:59,48,12,3,3,3,0,0,0,0,0,0,0
 2021/3/22,   12:55:09,66,15,0,0,0,0,0,0,0,0,0,0
 2021/3/22,  12:55:19,48,16,0,0,0,0,0,0,0,0,0,0
 2021/3/22,  12:55:29,102,34,6,0,0,0,0,0,0,0,0,0
 2021/3/22,  12:55:39,36,12,0,0,0,0,0,0,0,0,0,0
 2021/3/22,  12:55:49,120,40,3,0,0,0,0,0,0,0,0,0
 2021/3/22,  12:55:59,135,45,6,0,0,0,0,0,0,0,0,0
 2021/3/22,   12:56:09,81,24,3,0,0,0,0,0,0,0,0,0
 2021/3/22,  12:56:19,231,62,9,3,3,3,0,0,2,0,0,2
 2021/3/22,  12:56:29,210,58,9,3,3,3,0,0,2,0,0,2
 2021/3/22,  12:56:39,48,16,3,0,0,0,0,0,0,0,0,0
 2021/3/22,  12:56:49,60,20,3,0,0,0,0,0,0,0,0,0
 2021/3/22,  12:56:59,42,10,0,0,0,0,0,0,0,0,0,0
 2021/3/22,   12:57:09,30,6,0,0,0,0,0,0,0,0,0,0
 2021/3/22,  12:57:19,81,6,0,0,0,0,0,0,0,0,0,0
 2021/3/22,  12:57:29,72,6,0,0,0,0,0,0,0,0,0,0
 2021/3/22,  12:57:39,39,10,0,0,0,0,0,0,0,0,0,0
 2021/3/22,  12:57:49,30,10,0,0,0,0,0,0,0,0,0,0
 2021/3/22,  12:57:59,30,10,0,0,0,0,0,0,0,0,0,0
 2021/3/22,   12:58:09,18,6,0,0,0,0,0,0,0,0,0,0
 2021/3/22,  12:58:19,9,3,0,0,0,0,0,0,0,0,0,0
 2021/3/22,  12:58:29,9,3,0,0,0,0,0,0,0,0,0,0
 2021/3/22,  12:58:39,30,10,0,0,0,0,0,0,0,0,0,0
 2021/3/22,  12:58:49,48,16,0,0,0,0,0,0,0,0,0,0
 2021/3/22,  12:58:59,18,6,0,0,0,0,0,0,0,0,0,0
 2021/3/22,   12:59:09,18,3,0,0,0,0,0,0,0,0,0,0
 2021/3/22,  12:59:19,27,6,0,0,0,0,0,0,0,0,0,0
 2021/3/22,  12:59:29,51,17,6,6,6,0,0,0,2,0,0,2
 2021/3/22,  12:59:39,531,162,37,3,3,0,2,2,4,2,2,4
 2021/3/22,  12:59:49,1152,355,115,10,0,0,4,12,12,4,12,12
 2021/3/22,  12:59:59,612,193,79,21,3,3,2,8,10,2,8,10
 2021/3/22,    13:00:09,2565,780,284,25,9,3,10,26,31,10,24,31
 2021/3/22,   13:00:19,1455,453,106,23,17,9,7,12,21,7,12,21
 2021/3/22,   13:00:29,5883,1842,577,118,51,22,30,61,88,23,40,58
 2021/3/22,   13:00:39,3138,932,286,51,16,10,14,32,41,14,28,38
 2021/3/22,   13:00:49,1308,385,120,27,17,7,5,10,20,5,10,20
 2021/3/22,   13:00:59,207,54,13,0,0,0,0,0,0,0,0,0
 2021/3/22,    13:01:09,360,98,23,3,3,0,0,2,2,0,2,2
 2021/3/22,   13:01:19,1149,350,107,24,16,3,4,10,18,4,10,18
 2021/3/22,   13:01:29,1221,371,102,23,13,0,5,10,16,5,10,16
 2021/3/22,   13:01:39,453,125,10,0,0,0,1,2,2,1,2,2
 2021/3/22,   13:01:49,1344,417,155,22,9,3,5,14,19,5,14,19
 2021/3/22,   13:01:59,924,277,89,15,3,0,3,8,10,3,8,10
 2021/3/22,    13:02:09,585,184,36,13,10,6,2,3,10,2,3,10
 2021/3/22,   13:02:19,552,173,64,16,16,9,1,3,13,1,3,13
 2021/3/22,   13:02:29,669,190,56,12,9,6,2,3,9,2,3,9
 2021/3/22,   13:02:39,645,178,26,6,3,3,2,3,5,2,3,5
 2021/3/22,   13:02:49,528,161,31,3,3,0,2,2,3,2,2,3
 2021/3/22,   13:02:59,486,154,41,3,3,0,1,2,3,1,2,3
 2021/3/22,    13:03:09,420,133,37,3,3,0,1,2,3,1,2,3
 2021/3/22,   13:03:19,432,135,33,6,6,3,1,2,5,1,2,5
 2021/3/22,   13:03:29,417,115,16,3,3,3,1,1,3,1,1,3
 2021/3/22,   13:03:39,342,100,9,6,6,3,0,0,4,0,0,4
 2021/3/22,   13:03:49,444,126,16,6,6,3,1,1,5,1,1,5
 2021/3/22,   13:03:59,228,69,16,3,3,0,0,0,2,0,0,2
 2021/3/22,    13:04:09,432,126,22,0,0,0,1,2,2,1,2,2
 2021/3/22,   13:04:19,603,187,33,6,3,3,2,3,5,2,3,5
 2021/3/22,   13:04:29,606,191,23,6,3,0,2,3,5,2,3,5
 2021/3/22,   13:04:39,876,266,75,9,9,0,3,5,10,3,5,10
 2021/3/22,   13:04:49,585,187,61,6,6,3,2,4,8,2,4,8
 2021/3/22,   13:04:59,411,125,26,3,3,3,0,2,3,0,2,3
 2021/3/22,    13:05:09,561,167,27,3,3,0,2,2,4,2,2,4
 2021/3/22,   13:05:19,426,121,29,6,0,0,1,2,2,1,2,2
 2021/3/22,   13:05:29,279,90,26,6,3,0,0,2,3,0,2,3
 2021/3/22,   13:05:39,324,93,6,0,0,0,1,1,1,1,1,1
 2021/3/22,   13:05:49,387,103,12,0,0,0,1,1,1,1,1,1
 2021/3/22,   13:05:59,312,85,22,3,3,3,0,1,2,0,1,2
 2021/3/22,    13:06:09,312,89,13,0,0,0,0,0,0,0,0,0
 2021/3/22,   13:06:19,207,65,26,3,3,0,0,1,2,0,1,2
 2021/3/22,   13:06:29,225,68,19,6,6,3,0,0,4,0,0,4
 2021/3/22,   13:06:39,300,97,20,3,0,0,0,2,2,0,2,2
 2021/3/22,   13:06:49,465,137,26,6,3,0,1,2,4,1,2,4
 2021/3/22,   13:06:59,507,152,36,3,3,0,1,2,4,1,2,4
 2021/3/22,    13:07:09,255,79,10,0,0,0,0,0,0,0,0,0
 2021/3/22,   13:07:19,225,68,3,0,0,0,0,0,0,0,0,0
 2021/3/22,   13:07:29,297,80,0,0,0,0,0,0,0,0,0,0
 2021/3/22,   13:07:39,435,116,13,3,3,0,1,1,2,1,1,2
 2021/3/22,   13:07:49,162,43,6,3,3,0,0,0,1,0,0,1
 2021/3/22,   13:07:59,183,49,0,0,0,0,0,0,0,0,0,0
 2021/3/22,    13:08:09,285,69,0,0,0,0,0,0,0,0,0,0
 2021/3/22,   13:08:19,330,84,10,0,0,0,0,0,0,0,0,0
 2021/3/22,   13:08:29,234,66,14,0,0,0,0,0,0,0,0,0
 2021/3/22,   13:08:39,153,37,0,0,0,0,0,0,0,0,0,0
 2021/3/22,   13:08:49,192,58,3,0,0,0,0,0,0,0,0,0
 2021/3/22,   13:08:59,141,47,9,3,3,0,0,0,1,0,0,1
 2021/3/22,    13:09:09,114,30,6,0,0,0,0,0,0,0,0,0
 2021/3/22,   13:09:19,162,46,6,0,0,0,0,0,0,0,0,0
 2021/3/22,   13:09:29,150,50,9,3,3,3,0,0,2,0,0,2
 2021/3/22,   13:09:39,123,38,3,0,0,0,0,0,0,0,0,0
 2021/3/22,   13:09:49,99,30,6,3,3,0,0,0,1,0,0,1
 2021/3/22,   13:09:59,93,31,3,0,0,0,0,0,0,0,0,0
 2021/3/22,   13:10:09,144,38,10,3,3,3,0,0,2,0,0,2
 2021/3/22,  13:10:19,141,44,7,3,3,3,0,0,2,0,0,2
 2021/3/22,  13:10:29,141,40,3,0,0,0,0,0,0,0,0,0
 2021/3/22,  13:10:39,102,34,13,6,6,3,0,0,3,0,0,3
 2021/3/22,  13:10:49,90,30,10,3,3,0,0,0,1,0,0,1
 2021/3/22,  13:10:59,78,26,7,0,0,0,0,0,0,0,0,0
 2021/3/22,   13:11:09,153,51,0,0,0,0,0,0,0,0,0,0
 2021/3/22,  13:11:19,99,30,0,0,0,0,0,0,0,0,0,0
 2021/3/22,  13:11:29,87,26,3,0,0,0,0,0,0,0,0,0
 2021/3/22,  13:11:39,78,19,3,0,0,0,0,0,0,0,0,0
 2021/3/22,  13:11:49,69,16,0,0,0,0,0,0,0,0,0,0
 2021/3/22,  13:11:59,69,20,7,3,3,3,0,0,2,0,0,2
 2021/3/22,   13:12:09,39,13,7,3,3,3,0,0,1,0,0,1
 2021/3/22,  13:12:19,18,6,0,0,0,0,0,0,0,0,0,0
 2021/3/22,  13:12:29,72,24,3,0,0,0,0,0,0,0,0,0
 2021/3/22,  13:12:39,63,21,3,0,0,0,0,0,0,0,0,0
 2021/3/22,  13:12:49,90,23,7,0,0,0,0,0,0,0,0,0
 2021/3/22,  13:12:59,90,27,7,0,0,0,0,0,0,0,0,0
 2021/3/22,   13:13:09,69,23,6,3,3,3,0,0,2,0,0,2
 2021/3/22,  13:13:19,144,37,6,3,3,3,0,0,2,0,0,2
 2021/3/22,  13:13:29,84,17,7,0,0,0,0,0,0,0,0,0
 2021/3/22,  13:13:39,42,14,7,0,0,0,0,0,0,0,0,0
 2021/3/22,  13:13:49,126,30,6,0,0,0,0,0,0,0,0,0
 2021/3/22,  13:13:59,144,33,3,0,0,0,0,0,0,0,0,0
 2021/3/22,   13:14:09,78,23,3,0,0,0,0,0,0,0,0,0
 2021/3/22,  13:14:19,27,6,3,0,0,0,0,0,0,0,0,0
 2021/3/22,  13:14:29,30,7,0,0,0,0,0,0,0,0,0,0
 2021/3/22,  13:14:39,21,3,3,3,3,0,0,0,0,0,0,0
 2021/3/22,  13:14:49,51,10,3,3,3,0,0,0,0,0,0,0
 2021/3/22,  13:14:59,39,7,0,0,0,0,0,0,0,0,0,0
 2021/3/22,   13:15:09,18,0,0,0,0,0,0,0,0,0,0,0
 2021/3/22,  13:15:19,0,0,0,0,0,0,0,0,0,0,0,0
 2021/3/22,  13:15:29,18,6,3,3,3,3,0,0,1,0,0,1
 2021/3/22,  13:15:39,39,6,0,0,0,0,0,0,0,0,0,0
 2021/3/22,  13:15:49,9,0,0,0,0,0,0,0,0,0,0,0
 2021/3/22,  13:15:59,72,21,0,0,0,0,0,0,0,0,0,0
 2021/3/22,   13:16:09,174,55,6,0,0,0,0,0,0,0,0,0
 2021/3/22,  13:16:19,3057,916,264,43,22,12,14,27,40,14,25,37
 2021/3/22,  13:16:29,2148,676,192,43,16,9,10,23,32,10,22,32
 2021/3/22,  13:16:39,1083,334,113,26,16,9,4,10,20,4,10,20
 2021/3/22,  13:16:49,993,317,97,7,0,0,4,8,8,4,8,8
 2021/3/22,  13:16:59,879,276,90,10,0,0,3,8,8,3,8,8
 2021/3/22,   13:17:09,102,27,10,0,0,0,0,0,0,0,0,0
 2021/3/22,  13:17:19,315,97,12,3,3,0,0,1,2,0,1,2
 2021/3/22,  13:17:29,387,111,19,3,3,0,0,2,2,0,2,2
 2021/3/22,  13:17:39,276,75,13,0,0,0,0,0,0,0,0,0
 2021/3/22,  13:17:49,666,201,38,6,6,3,2,3,6,2,3,6
 2021/3/22,  13:17:59,1254,374,108,6,3,0,5,10,11,5,10,11
 2021/3/22,   13:18:09,831,233,75,6,3,0,2,5,8,2,5,8
 2021/3/22,  13:18:19,873,273,60,13,9,9,3,6,12,3,6,12
 2021/3/22,  13:18:29,819,252,66,13,9,6,3,5,11,3,5,11
 2021/3/22,  13:18:39,789,244,62,6,6,3,2,4,8,2,4,8
 2021/3/22,  13:18:49,582,187,67,12,6,3,1,5,9,1,5,9
 2021/3/22,  13:18:59,702,208,57,13,6,3,2,5,8,2,5,8
 2021/3/22,   13:19:09,744,224,43,0,0,0,2,4,4,2,4,4
 2021/3/22,  13:19:19,408,133,39,0,0,0,1,2,2,1,2,2
 2021/3/22,  13:19:29,639,185,46,3,3,0,2,3,5,2,3,5
 2021/3/22,  13:19:39,540,170,44,6,6,3,2,3,6,2,3,6
 2021/3/22,  13:19:49,399,122,23,3,3,3,1,2,3,1,2,3
 2021/3/22,  13:19:59,573,172,20,0,0,0,2,2,2,2,2,2
 2021/3/22,   13:20:09,393,121,13,6,6,3,0,1,5,0,1,5
 2021/3/22,  13:20:19,264,85,13,3,3,0,0,0,2,0,0,2
 2021/3/22,  13:20:29,351,111,13,3,3,3,0,1,3,0,1,3
 2021/3/22,  13:20:39,384,118,19,6,6,6,0,1,5,0,1,5
 2021/3/22,  13:20:49,312,89,23,0,0,0,0,1,1,0,1,1
 2021/3/22,  13:20:59,324,105,16,3,0,0,1,2,2,1,2,2
 2021/3/22,   13:21:09,336,98,25,3,0,0,0,2,2,0,2,2
 2021/3/22,  13:21:19,399,107,25,3,3,3,1,1,3,1,1,3
 2021/3/22,  13:21:29,507,155,31,6,6,3,1,2,5,1,2,5
 2021/3/22,  13:21:39,327,98,23,3,3,0,0,1,2,0,1,2
 2021/3/22,  13:21:49,393,86,13,6,6,3,0,0,4,0,0,4
 2021/3/22,  13:21:59,534,115,20,9,9,3,0,1,6,0,1,6
 2021/3/22,   13:22:09,336,82,13,6,6,0,0,0,3,0,0,3
 2021/3/22,  13:22:19,303,90,13,0,0,0,0,1,1,0,1,1
 2021/3/22,  13:22:29,273,84,13,3,3,0,0,0,2,0,0,2
 2021/3/22,  13:22:39,246,75,13,3,3,0,0,0,2,0,0,2
 2021/3/22,  13:22:49,300,94,13,7,0,0,0,2,2,0,2,2
 2021/3/22,  13:22:59,300,93,33,6,3,0,0,2,3,0,2,3
 2021/3/22,   13:23:09,186,54,16,0,0,0,0,0,0,0,0,0
 2021/3/22,  13:23:19,219,69,16,0,0,0,0,0,0,0,0,0
 2021/3/22,  13:23:29,216,61,9,0,0,0,0,0,0,0,0,0
 2021/3/22,  13:23:39,285,72,6,0,0,0,0,0,0,0,0,0
 2021/3/22,  13:23:49,324,90,20,0,0,0,0,1,1,0,1,1
 2021/3/22,  13:23:59,264,81,20,0,0,0,0,0,0,0,0,0
 2021/3/22,   13:24:09,201,60,10,0,0,0,0,0,0,0,0,0
 2021/3/22,  13:24:19,195,65,12,0,0,0,0,0,0,0,0,0
 2021/3/22,  13:24:29,270,87,9,0,0,0,0,0,0,0,0,0
 2021/3/22,  13:24:39,111,37,9,0,0,0,0,0,0,0,0,0
 2021/3/22,  13:24:49,117,33,3,0,0,0,0,0,0,0,0,0
 2021/3/22,  13:24:59,174,45,0,0,0,0,0,0,0,0,0,0
 2021/3/22,   13:25:09,156,38,0,0,0,0,0,0,0,0,0,0
 2021/3/22,  13:25:19,129,39,10,0,0,0,0,0,0,0,0,0
 2021/3/22,  13:25:29,87,29,7,0,0,0,0,0,0,0,0,0
 2021/3/22,  13:25:39,60,20,0,0,0,0,0,0,0,0,0,0
 2021/3/22,  13:25:49,123,41,3,0,0,0,0,0,0,0,0,0
 2021/3/22,  13:25:59,144,44,6,0,0,0,0,0,0,0,0,0
 2021/3/22,   13:26:09,93,27,0,0,0,0,0,0,0,0,0,0
 2021/3/22,  13:26:19,69,23,0,0,0,0,0,0,0,0,0,0
 2021/3/22,  13:26:29,57,19,0,0,0,0,0,0,0,0,0,0
 2021/3/22,  13:26:39,108,32,10,0,0,0,0,0,0,0,0,0
 2021/3/22,  13:26:49,78,26,13,3,0,0,0,0,0,0,0,0
 2021/3/22,  13:26:59,144,44,6,6,3,3,0,0,2,0,0,2
 2021/3/22,   13:27:09,102,30,3,3,3,0,0,0,1,0,0,1
 2021/3/22,  13:27:19,21,7,0,0,0,0,0,0,0,0,0,0
 2021/3/22,  13:27:29,9,3,3,0,0,0,0,0,0,0,0,0
 2021/3/22,  13:27:39,69,19,6,3,3,3,0,0,2,0,0,2
 2021/3/22,  13:27:49,93,27,0,0,0,0,0,0,0,0,0,0
 2021/3/22,  13:27:59,51,14,0,0,0,0,0,0,0,0,0,0
 2021/3/22,   13:28:09,114,31,3,0,0,0,0,0,0,0,0,0
 2021/3/22,  13:28:19,123,37,3,0,0,0,0,0,0,0,0,0
 2021/3/22,  13:28:29,81,27,0,0,0,0,0,0,0,0,0,0
 2021/3/22,  13:28:39,90,27,7,3,3,3,0,0,2,0,0,2
 2021/3/22,  13:28:49,39,7,3,0,0,0,0,0,0,0,0,0
 2021/3/22,  13:28:59,147,46,6,0,0,0,0,0,0,0,0,0
 2021/3/22,   13:29:09,126,35,6,3,3,0,0,0,1,0,0,1
 2021/3/22,  13:29:19,81,17,6,3,3,0,0,0,1,0,0,1
 2021/3/22,  13:29:29,51,17,6,3,3,0,0,0,1,0,0,1
 2021/3/22,  13:29:39,9,3,3,3,3,0,0,0,0,0,0,0
 2021/3/22,  13:29:49,0,0,0,0,0,0,0,0,0,0,0,0
 2021/3/22,  13:29:59,9,0,0,0,0,0,0,0,0,0,0,0
 2021/3/22,   13:30:09,9,0,0,0,0,0,0,0,0,0,0,0
 2021/3/22,  13:30:19,21,7,3,3,3,3,0,0,1,0,0,1
 2021/3/22,  13:30:29,30,10,3,3,3,3,0,0,1,0,0,1
 2021/3/22,  13:30:39,39,13,3,3,3,0,0,0,1,0,0,1
 2021/3/22,  13:30:49,51,17,3,3,3,0,0,0,1,0,0,1
 2021/3/22,  13:30:59,42,14,0,0,0,0,0,0,0,0,0,0
 2021/3/22,   13:31:09,42,14,0,0,0,0,0,0,0,0,0,0
 2021/3/22,  13:31:19,30,10,0,0,0,0,0,0,0,0,0,0
 2021/3/22,  13:31:29,36,9,6,0,0,0,0,0,0,0,0,0
 2021/3/22,  13:31:39,18,6,6,0,0,0,0,0,0,0,0,0
 2021/3/22,  13:31:49,18,3,3,0,0,0,0,0,0,0,0,0
 2021/3/22,  13:31:59,0,0,0,0,0,0,0,0,0,0,0,0
 2021/3/22,   13:32:09,96,25,0,0,0,0,0,0,0,0,0,0
 2021/3/22,  13:32:19,126,31,0,0,0,0,0,0,0,0,0,0
 2021/3/22,  13:32:29,30,6,0,0,0,0,0,0,0,0,0,0
 2021/3/22,  13:32:39,30,10,6,6,6,3,0,0,2,0,0,2
 2021/3/22,  13:32:49,48,16,6,6,6,6,0,0,3,0,0,3
 2021/3/22,  13:32:59,36,12,6,6,6,3,0,0,2,0,0,2
 2021/3/22,   13:33:09,69,20,3,3,3,3,0,0,1,0,0,1
 2021/3/22,  13:33:19,390,113,28,0,0,0,0,2,2,0,2,2
 2021/3/22,  13:33:29,7086,2112,760,169,88,13,32,67,106,23,44,70
 2021/3/22,  13:33:39,6441,2014,748,192,77,25,28,69,97,21,45,64
 2021/3/22,  13:33:49,930,271,68,10,3,3,3,7,9,3,7,9
 2021/3/22,  13:33:59,1254,351,100,7,3,3,5,9,11,5,9,11
 2021/3/22,   13:34:09,1512,459,148,23,9,6,6,14,20,6,14,20
 2021/3/22,  13:34:19,1341,417,142,12,3,0,5,13,14,5,13,14
 2021/3/22,  13:34:29,930,288,87,12,3,3,3,8,10,3,8,10
 2021/3/22,  13:34:39,735,227,67,19,16,9,2,5,15,2,5,15
 2021/3/22,  13:34:49,789,245,60,19,9,6,2,7,12,2,7,12
 2021/3/22,  13:34:59,525,159,40,19,19,9,1,2,14,1,2,14
 2021/3/22,   13:35:09,378,119,27,13,13,6,0,1,8,0,1,8
 2021/3/22,  13:35:19,390,112,20,0,0,0,0,1,1,0,1,1
 2021/3/22,  13:35:29,483,141,22,0,0,0,1,2,2,1,2,2
 2021/3/22,  13:35:39,627,176,9,0,0,0,2,2,2,2,2,2
 2021/3/22,  13:35:49,369,111,20,0,0,0,0,1,1,0,1,1
 2021/3/22,  13:35:59,357,119,41,0,0,0,0,2,2,0,2,2
 2021/3/22,   13:36:09,552,176,51,0,0,0,2,3,3,2,3,3
 2021/3/22,  13:36:19,444,133,24,3,3,3,1,2,3,1,2,3
 2021/3/22,  13:36:29,237,68,17,3,3,0,0,0,2,0,0,2
 2021/3/22,  13:36:39,345,101,30,3,3,0,1,2,3,1,2,3
 2021/3/22,  13:36:49,291,93,23,0,0,0,1,1,1,1,1,1
 2021/3/22,  13:36:59,123,37,7,0,0,0,0,0,0,0,0,0
 2021/3/22,   13:37:09,153,36,3,0,0,0,0,0,0,0,0,0
 2021/3/22,  13:37:19,246,53,6,0,0,0,0,0,0,0,0,0
 2021/3/22,  13:37:29,174,47,3,0,0,0,0,0,0,0,0,0
 2021/3/22,  13:37:39,165,48,6,3,3,0,0,0,1,0,0,1
 2021/3/22,  13:37:49,123,38,3,3,3,0,0,0,1,0,0,1
 2021/3/22,  13:37:59,60,17,3,0,0,0,0,0,0,0,0,0
 2021/3/22,   13:38:09,69,23,3,0,0,0,0,0,0,0,0,0
 2021/3/22,  13:38:19,69,23,3,3,3,0,0,0,1,0,0,1
 2021/3/22,  13:38:29,39,13,3,3,3,0,0,0,0,0,0,0
 2021/3/22,  13:38:39,39,13,3,3,0,0,0,0,0,0,0,0
 2021/3/22,  13:38:49,90,30,3,3,0,0,0,0,0,0,0,0
 2021/3/22,  13:38:59,69,23,3,0,0,0,0,0,0,0,0,0
 2021/3/22,   13:39:09,69,23,9,3,3,0,0,0,1,0,0,1
 2021/3/22,  13:39:19,90,30,6,3,3,0,0,0,1,0,0,1
 2021/3/22,  13:39:29,108,33,6,0,0,0,0,0,0,0,0,0
 2021/3/22,  13:39:39,87,22,9,0,0,0,0,0,0,0,0,0
 2021/3/22,  13:39:49,69,19,6,0,0,0,0,0,0,0,0,0
 2021/3/22,  13:39:59,69,23,3,0,0,0,0,0,0,0,0,0
 2021/3/22,   13:40:09,99,33,3,0,0,0,0,0,0,0,0,0
 2021/3/22,  13:40:19,72,24,3,0,0,0,0,0,0,0,0,0
 2021/3/22,  13:40:29,18,6,3,3,3,3,0,0,1,0,0,1
 2021/3/22,  13:40:39,27,6,0,0,0,0,0,0,0,0,0,0
 2021/3/22,  13:40:49,81,20,0,0,0,0,0,0,0,0,0,0
 2021/3/22,  13:40:59,90,23,6,3,3,0,0,0,1,0,0,1
 2021/3/22,   13:41:09,48,16,6,3,3,0,0,0,1,0,0,1
 2021/3/22,  13:41:19,39,13,3,0,0,0,0,0,0,0,0,0
 2021/3/22,  13:41:29,21,7,0,0,0,0,0,0,0,0,0,0
 2021/3/22,  13:41:39,30,10,0,0,0,0,0,0,0,0,0,0
 2021/3/22,  13:41:49,57,19,3,3,3,3,0,0,1,0,0,1
 2021/3/22,  13:41:59,18,6,3,3,3,3,0,0,1,0,0,1
 2021/3/22,   13:42:09,9,3,0,0,0,0,0,0,0,0,0,0
 2021/3/22,  13:42:19,9,3,0,0,0,0,0,0,0,0,0,0
 2021/3/22,  13:42:29,9,0,0,0,0,0,0,0,0,0,0,0
 2021/3/22,  13:42:39,30,10,3,0,0,0,0,0,0,0,0,0
 2021/3/22,  13:42:49,2319,740,260,57,20,6,10,26,35,10,24,35
 2021/3/22,  13:42:59,6495,1927,560,122,44,27,31,64,90,23,42,59
 2021/3/22,   13:43:09,3642,1126,360,51,16,7,17,39,47,16,31,42
 2021/3/22,  13:43:19,420,130,34,3,0,0,1,3,3,1,3,3
 2021/3/22,  13:43:29,1341,426,123,15,9,3,5,12,17,5,12,17
 2021/3/22,  13:43:39,690,211,68,19,6,3,2,7,10,2,7,10
 2021/3/22,  13:43:49,333,104,28,0,0,0,0,2,2,0,2,2
 2021/3/22,  13:43:59,1665,509,148,23,10,6,7,15,21,7,15,21
 2021/3/22,   13:44:09,975,277,79,20,10,7,3,8,14,3,8,14
 2021/3/22,  13:44:19,579,159,33,6,6,0,1,2,5,1,2,5
 2021/3/22,  13:44:29,876,267,58,6,3,0,3,6,8,3,6,8
 2021/3/22,  13:44:39,615,175,51,0,0,0,2,5,5,2,5,5
 2021/3/22,  13:44:49,711,204,40,3,3,3,2,3,5,2,3,5
 2021/3/22,  13:44:59,906,281,47,3,3,3,4,5,7,4,5,7
 2021/3/22,   13:45:09,657,212,54,10,7,7,2,4,9,2,4,9
 2021/3/22,  13:45:19,474,155,33,10,10,7,1,2,8,1,2,8
 2021/3/22,  13:45:29,465,142,25,3,3,0,1,2,3,1,2,3
 2021/3/22,  13:45:39,258,79,16,3,3,0,0,1,2,0,1,2
 2021/3/22,  13:45:49,249,71,9,0,0,0,0,0,0,0,0,0
 2021/3/22,  13:45:59,258,75,9,0,0,0,0,0,0,0,0,0
 2021/3/22,   13:46:09,366,108,19,0,0,0,0,1,1,0,1,1
 2021/3/22,  13:46:19,309,97,13,0,0,0,0,1,1,0,1,1
 2021/3/22,  13:46:29,246,79,13,3,3,0,0,0,2,0,0,2
 2021/3/22,  13:46:39,315,102,10,3,3,0,0,1,2,0,1,2
 2021/3/22,  13:46:49,228,73,23,6,6,0,0,1,4,0,1,4
 2021/3/22,  13:46:59,183,58,23,9,9,0,0,0,5,0,0,5
 2021/3/22,   13:47:09,162,51,9,6,6,0,0,0,2,0,0,2
 2021/3/22,  13:47:19,144,45,3,0,0,0,0,0,0,0,0,0
 2021/3/22,  13:47:29,330,91,3,0,0,0,0,0,0,0,0,0
 2021/3/22,  13:47:39,156,48,6,0,0,0,0,0,0,0,0,0
 2021/3/22,  13:47:49,153,47,6,0,0,0,0,0,0,0,0,0
 2021/3/22,  13:47:59,210,66,3,0,0,0,0,0,0,0,0,0
 2021/3/22,   13:48:09,99,27,9,3,3,0,0,0,1,0,0,1
 2021/3/22,  13:48:19,66,19,6,3,3,0,0,0,1,0,0,1
 2021/3/22,  13:48:29,84,28,0,0,0,0,0,0,0,0,0,0
 2021/3/22,  13:48:39,69,19,0,0,0,0,0,0,0,0,0,0
 2021/3/22,  13:48:49,39,9,0,0,0,0,0,0,0,0,0,0
 2021/3/22,  13:48:59,81,27,3,0,0,0,0,0,0,0,0,0
 2021/3/22,   13:49:09,90,27,0,0,0,0,0,0,0,0,0,0
 2021/3/22,  13:49:19,60,20,0,0,0,0,0,0,0,0,0,0
 2021/3/22,  13:49:29,48,13,0,0,0,0,0,0,0,0,0,0
 2021/3/22,  13:49:39,90,24,10,7,7,7,0,0,4,0,0,4
 2021/3/22,  13:49:49,39,10,6,0,0,0,0,0,0,0,0,0
 2021/3/22,  13:49:59,81,23,3,0,0,0,0,0,0,0,0,0
 2021/3/22,   13:50:09,81,23,0,0,0,0,0,0,0,0,0,0
 2021/3/22,  13:50:19,48,13,3,0,0,0,0,0,0,0,0,0
 2021/3/22,  13:50:29,51,14,3,0,0,0,0,0,0,0,0,0
 2021/3/22,  13:50:39,18,6,0,0,0,0,0,0,0,0,0,0
 2021/3/22,  13:50:49,48,12,0,0,0,0,0,0,0,0,0,0
 2021/3/22,  13:50:59,60,16,7,0,0,0,0,0,0,0,0,0
 2021/3/22,   13:51:09,39,13,10,3,3,0,0,0,1,0,0,1
 2021/3/22,  13:51:19,0,0,0,0,0,0,0,0,0,0,0,0
 2021/3/22,  13:51:29,30,10,0,0,0,0,0,0,0,0,0,0
 2021/3/22,  13:51:39,30,7,0,0,0,0,0,0,0,0,0,0
 2021/3/22,  13:51:49,9,0,0,0,0,0,0,0,0,0,0,0
 2021/3/22,  13:51:59,21,7,0,0,0,0,0,0,0,0,0,0
 2021/3/22,   13:52:09,30,10,0,0,0,0,0,0,0,0,0,0
 2021/3/22,  13:52:19,9,3,0,0,0,0,0,0,0,0,0,0
 2021/3/22,  13:52:29,21,7,0,0,0,0,0,0,0,0,0,0
 2021/3/22,  13:52:39,51,13,0,0,0,0,0,0,0,0,0,0
 2021/3/22,  13:52:49,18,6,0,0,0,0,0,0,0,0,0,0
 2021/3/22,  13:52:59,39,13,0,0,0,0,0,0,0,0,0,0
 2021/3/22,   13:53:09,9,3,0,0,0,0,0,0,0,0,0,0
 2021/3/22,  13:53:19,9,3,0,0,0,0,0,0,0,0,0,0
 2021/3/22,  13:53:29,9,3,0,0,0,0,0,0,0,0,0,0
 2021/3/22,  13:53:39,0,0,0,0,0,0,0,0,0,0,0,0
 2021/3/22,  13:53:49,0,0,0,0,0,0,0,0,0,0,0,0
 2021/3/22,  13:53:59,1374,424,125,19,9,0,6,12,17,6,12,17
 2021/3/22,   13:54:09,4767,1496,488,120,48,10,23,52,76,19,37,54
 2021/3/22,  13:54:19,5388,1685,585,94,20,6,27,61,73,21,40,53
 2021/3/22,  13:54:29,4494,1368,418,47,29,6,20,42,57,18,33,47
 2021/3/22,  13:54:39,5295,1601,457,87,29,13,26,55,70,20,38,52
 2021/3/22,  13:54:49,13623,4152,1518,290,133,43,64,141,201,42,93,133
 2021/3/22,  13:54:59,20967,6402,2127,441,132,39,99,221,276,66,146,184
 2021/3/22,   13:55:09,7245,2162,683,130,30,20,33,76,93,23,50,61
 2021/3/22,  13:55:19,4191,1272,352,42,3,0,21,40,42,18,32,38
 2021/3/22,  13:55:29,2688,794,214,45,9,9,11,28,34,11,26,33
 2021/3/22,  13:55:39,1707,500,158,37,6,6,6,17,22,6,17,22
 2021/3/22,  13:55:49,1788,528,183,23,13,3,8,17,23,8,17,23
 2021/3/22,  13:55:59,1113,340,103,10,3,0,5,10,11,5,10,11
 2021/3/22,   13:56:09,507,141,32,0,0,0,2,2,2,2,2,2
 2021/3/22,  13:56:19,771,228,35,3,3,0,3,3,5,3,3,5
 2021/3/22,  13:56:29,798,244,50,3,3,0,3,5,6,3,5,6
 2021/3/22,  13:56:39,681,215,54,3,3,0,2,4,5,2,4,5
 2021/3/22,  13:56:49,660,205,42,6,6,0,2,4,7,2,4,7
 2021/3/22,  13:56:59,510,159,27,13,10,0,1,2,7,1,2,7
 2021/3/22,   13:57:09,720,209,19,10,7,0,2,3,6,2,3,6
 2021/3/22,  13:57:19,615,177,22,6,6,0,2,2,5,2,2,5
 2021/3/22,  13:57:29,354,104,30,6,6,0,1,1,4,1,1,4
 2021/3/22,  13:57:39,423,137,30,0,0,0,1,2,2,1,2,2
 2021/3/22,  13:57:49,510,156,19,3,3,3,1,2,4,1,2,4
 2021/3/22,  13:57:59,549,166,22,3,3,3,1,2,4,1,2,4
 2021/3/22,   13:58:09,462,138,27,0,0,0,1,2,2,1,2,2
 2021/3/22,  13:58:19,420,130,21,0,0,0,1,1,1,1,1,1
 2021/3/22,  13:58:29,345,108,21,3,3,0,0,1,2,0,1,2
 2021/3/22,  13:58:39,321,103,23,6,6,3,1,1,5,1,1,5
 2021/3/22,  13:58:49,345,97,12,6,6,3,0,0,4,0,0,4
 2021/3/22,  13:58:59,390,98,9,3,3,0,0,0,2,0,0,2
 2021/3/22,   13:59:09,216,61,9,0,0,0,0,0,0,0,0,0
 2021/3/22,  13:59:19,207,61,13,3,0,0,0,1,1,0,1,1
 2021/3/22,  13:59:29,162,50,7,0,0,0,0,0,0,0,0,0
 2021/3/22,  13:59:39,99,33,0,0,0,0,0,0,0,0,0,0
 2021/3/22,  13:59:49,162,50,9,3,3,3,0,0,2,0,0,2
 2021/3/22,  13:59:59,165,51,19,3,3,3,0,0,2,0,0,2
 2021/3/22,    14:00:09,138,42,6,0,0,0,0,0,0,0,0,0
 2021/3/22,   14:00:19,117,35,3,0,0,0,0,0,0,0,0,0
 2021/3/22,   14:00:29,72,24,0,0,0,0,0,0,0,0,0,0
 2021/3/22,   14:00:39,111,34,3,3,3,0,0,0,1,0,0,1
 2021/3/22,   14:00:49,93,28,6,3,3,0,0,0,1,0,0,1
 2021/3/22,   14:00:59,102,27,6,0,0,0,0,0,0,0,0,0
 2021/3/22,    14:01:09,90,23,6,0,0,0,0,0,0,0,0,0
 2021/3/22,   14:01:19,18,6,0,0,0,0,0,0,0,0,0,0
 2021/3/22,   14:01:29,27,6,0,0,0,0,0,0,0,0,0,0
 2021/3/22,   14:01:39,60,17,0,0,0,0,0,0,0,0,0,0
 2021/3/22,   14:01:49,72,20,3,0,0,0,0,0,0,0,0,0
 2021/3/22,   14:01:59,18,6,0,0,0,0,0,0,0,0,0,0
 2021/3/22,    14:02:09,0,0,0,0,0,0,0,0,0,0,0,0
 2021/3/22,   14:02:19,51,17,3,3,3,0,0,0,1,0,0,1
 2021/3/22,   14:02:29,66,22,9,3,3,0,0,0,1,0,0,1
 2021/3/22,   14:02:39,48,16,6,0,0,0,0,0,0,0,0,0
 2021/3/22,   14:02:49,18,6,0,0,0,0,0,0,0,0,0,0
 2021/3/22,   14:02:59,27,9,0,0,0,0,0,0,0,0,0,0
 2021/3/22,    14:03:09,69,16,0,0,0,0,0,0,0,0,0,0
 2021/3/22,   14:03:19,123,27,7,0,0,0,0,0,0,0,0,0
 2021/3/22,   14:03:29,81,20,7,0,0,0,0,0,0,0,0,0
 2021/3/22,   14:03:39,9,3,0,0,0,0,0,0,0,0,0,0
 2021/3/22,   14:03:49,9,3,3,3,3,0,0,0,0,0,0,0
 2021/3/22,   14:03:59,0,0,0,0,0,0,0,0,0,0,0,0
 2021/3/22,    14:04:09,21,3,0,0,0,0,0,0,0,0,0,0
 2021/3/22,   14:04:19,30,6,0,0,0,0,0,0,0,0,0,0
 2021/3/22,   14:04:29,0,0,0,0,0,0,0,0,0,0,0,0
 2021/3/22,   14:04:39,0,0,0,0,0,0,0,0,0,0,0,0
 2021/3/22,   14:04:49,9,3,0,0,0,0,0,0,0,0,0,0
 2021/3/22,   14:04:59,18,6,0,0,0,0,0,0,0,0,0,0
 2021/3/22,    14:05:09,18,6,3,3,3,0,0,0,0,0,0,0
 2021/3/22,   14:05:19,39,13,3,3,3,0,0,0,0,0,0,0
 2021/3/22,   14:05:29,21,7,0,0,0,0,0,0,0,0,0,0
 2021/3/22,   14:05:39,9,0,0,0,0,0,0,0,0,0,0,0
 2021/3/22,   14:05:49,30,7,0,0,0,0,0,0,0,0,0,0
 2021/3/22,   14:05:59,21,7,0,0,0,0,0,0,0,0,0,0
 2021/3/22,    14:06:09,0,0,0,0,0,0,0,0,0,0,0,0
 2021/3/22,   14:06:19,9,3,0,0,0,0,0,0,0,0,0,0
 2021/3/22,   14:06:29,0,0,0,0,0,0,0,0,0,0,0,0
 2021/3/22,   14:06:39,51,17,3,0,0,0,0,0,0,0,0,0
 2021/3/22,   14:06:49,42,14,3,0,0,0,0,0,0,0,0,0
 2021/3/22,   14:06:59,0,0,0,0,0,0,0,0,0,0,0,0
 2021/3/22,    14:07:09,0,0,0,0,0,0,0,0,0,0,0,0
 2021/3/22,   14:07:19,0,0,0,0,0,0,0,0,0,0,0,0
 2021/3/22,   14:07:29,0,0,0,0,0,0,0,0,0,0,0,0
 2021/3/22,   14:07:39,0,0,0,0,0,0,0,0,0,0,0,0
 2021/3/22,   14:07:49,0,0,0,0,0,0,0,0,0,0,0,0
 2021/3/22,   14:07:59,0,0,0,0,0,0,0,0,0,0,0,0
 2021/3/22,    14:08:09,93,24,3,3,3,0,0,0,1,0,0,1
 2021/3/22,   14:08:19,93,24,3,3,3,0,0,0,1,0,0,1
 2021/3/22,   14:08:29,0,0,0,0,0,0,0,0,0,0,0,0
 2021/3/22,   14:08:39,0,0,0,0,0,0,0,0,0,0,0,0
 2021/3/22,   14:08:49,0,0,0,0,0,0,0,0,0,0,0,0
 2021/3/22,   14:08:59,42,10,7,0,0,0,0,0,0,0,0,0
 2021/3/22,    14:09:09,51,13,7,0,0,0,0,0,0,0,0,0
 2021/3/22,   14:09:19,18,6,0,0,0,0,0,0,0,0,0,0
 2021/3/22,   14:09:29,0,0,0,0,0,0,0,0,0,0,0,0
 2021/3/22,   14:09:39,0,0,0,0,0,0,0,0,0,0,0,0
 2021/3/22,   14:09:49,0,0,0,0,0,0,0,0,0,0,0,0
 2021/3/22,   14:09:59,0,0,0,0,0,0,0,0,0,0,0,0
 2021/3/22,   14:10:09,0,0,0,0,0,0,0,0,0,0,0,0
 2021/3/22,  14:10:19,21,0,0,0,0,0,0,0,0,0,0,0
 2021/3/22,  14:10:29,0,0,0,0,0,0,0,0,0,0,0,0
 2021/3/22,  14:10:39,0,0,0,0,0,0,0,0,0,0,0,0
 2021/3/22,  14:10:49,0,0,0,0,0,0,0,0,0,0,0,0
 2021/3/22,  14:10:59,0,0,0,0,0,0,0,0,0,0,0,0
 2021/3/22,   14:11:09,0,0,0,0,0,0,0,0,0,0,0,0
 2021/3/22,  14:11:19,0,0,0,0,0,0,0,0,0,0,0,0
 2021/3/22,  14:11:29,0,0,0,0,0,0,0,0,0,0,0,0
 2021/3/22,  14:11:39,0,0,0,0,0,0,0,0,0,0,0,0
 2021/3/22,  14:11:49,0,0,0,0,0,0,0,0,0,0,0,0
 2021/3/22,  14:11:59,0,0,0,0,0,0,0,0,0,0,0,0
 2021/3/22,   14:12:09,0,0,0,0,0,0,0,0,0,0,0,0
 2021/3/22,  14:12:19,9,3,3,3,3,0,0,0,0,0,0,0
 2021/3/22,  14:12:29,30,10,10,10,10,7,0,0,5,0,0,5
 2021/3/22,  14:12:39,21,7,7,7,7,7,0,0,4,0,0,4
 2021/3/22,  14:12:49,54,7,0,0,0,0,0,0,0,0,0,0
 2021/3/22,  14:12:59,54,7,0,0,0,0,0,0,0,0,0,0
 2021/3/22,   14:13:09,0,0,0,0,0,0,0,0,0,0,0,0
 2021/3/22,  14:13:19,0,0,0,0,0,0,0,0,0,0,0,0
 2021/3/22,  14:13:29,0,0,0,0,0,0,0,0,0,0,0,0
 2021/3/22,  14:13:39,0,0,0,0,0,0,0,0,0,0,0,0
 2021/3/22,  14:13:49,0,0,0,0,0,0,0,0,0,0,0,0
 2021/3/22,  14:13:59,0,0,0,0,0,0,0,0,0,0,0,0
 2021/3/22,   14:14:09,0,0,0,0,0,0,0,0,0,0,0,0
 2021/3/22,  14:14:19,0,0,0,0,0,0,0,0,0,0,0,0
 2021/3/22,  14:14:29,0,0,0,0,0,0,0,0,0,0,0,0
 2021/3/22,  14:14:39,0,0,0,0,0,0,0,0,0,0,0,0
 2021/3/22,  14:14:49,0,0,0,0,0,0,0,0,0,0,0,0
 2021/3/22,  14:14:59,0,0,0,0,0,0,0,0,0,0,0,0
 2021/3/22,   14:15:09,0,0,0,0,0,0,0,0,0,0,0,0
 2021/3/22,  14:15:19,0,0,0,0,0,0,0,0,0,0,0,0
 2021/3/22,  14:15:29,0,0,0,0,0,0,0,0,0,0,0,0
 2021/3/22,  14:15:39,0,0,0,0,0,0,0,0,0,0,0,0
 2021/3/22,  14:15:49,0,0,0,0,0,0,0,0,0,0,0,0
 2021/3/22,  14:15:59,0,0,0,0,0,0,0,0,0,0,0,0
 2021/3/22,   14:16:09,0,0,0,0,0,0,0,0,0,0,0,0
 2021/3/22,  14:16:19,0,0,0,0,0,0,0,0,0,0,0,0
 2021/3/22,  14:16:29,0,0,0,0,0,0,0,0,0,0,0,0
 2021/3/22,  14:16:39,0,0,0,0,0,0,0,0,0,0,0,0
 2021/3/22,  14:16:49,0,0,0,0,0,0,0,0,0,0,0,0
 2021/3/22,  14:16:59,0,0,0,0,0,0,0,0,0,0,0,0
 2021/3/22,   14:17:09,0,0,0,0,0,0,0,0,0,0,0,0
 2021/3/22,  14:17:19,0,0,0,0,0,0,0,0,0,0,0,0
 2021/3/22,  14:17:29,0,0,0,0,0,0,0,0,0,0,0,0
 2021/3/22,  14:17:39,0,0,0,0,0,0,0,0,0,0,0,0
 2021/3/22,  14:17:49,0,0,0,0,0,0,0,0,0,0,0,0
 2021/3/22,  14:17:59,0,0,0,0,0,0,0,0,0,0,0,0
 2021/3/22,   14:18:09,0,0,0,0,0,0,0,0,0,0,0,0
 2021/3/22,  14:18:19,0,0,0,0,0,0,0,0,0,0,0,0
 2021/3/22,  14:18:29,0,0,0,0,0,0,0,0,0,0,0,0
 2021/3/22,  14:18:39,0,0,0,0,0,0,0,0,0,0,0,0
 2021/3/22,  14:18:49,0,0,0,0,0,0,0,0,0,0,0,0
 2021/3/22,  14:18:59,0,0,0,0,0,0,0,0,0,0,0,0
 2021/3/22,   14:19:09,0,0,0,0,0,0,0,0,0,0,0,0
 2021/3/22,  14:19:19,0,0,0,0,0,0,0,0,0,0,0,0
 2021/3/22,  14:19:29,9,3,0,0,0,0,0,0,0,0,0,0
 2021/3/22,  14:19:39,9,3,0,0,0,0,0,0,0,0,0,0
 2021/3/22,  14:19:49,0,0,0,0,0,0,0,0,0,0,0,0
 2021/3/22,  14:19:59,9,3,0,0,0,0,0,0,0,0,0,0
 2021/3/22,   14:20:09,5193,1555,443,69,20,0,24,52,61,20,37,48
 2021/3/22,  14:20:19,1950,572,169,10,7,3,8,16,20,8,16,20
 2021/3/22,  14:20:29,909,293,54,3,3,0,5,5,7,5,5,7
 2021/3/22,  14:20:39,873,266,74,22,9,6,3,8,14,3,8,14
 2021/3/22,  14:20:49,921,277,89,19,9,6,2,8,14,2,8,14
 2021/3/22,  14:20:59,744,233,87,15,9,3,2,7,11,2,7,11
 2021/3/22,   14:21:09,789,233,56,12,9,6,2,5,10,2,5,10
 2021/3/22,  14:21:19,744,214,33,3,3,3,3,4,6,3,4,6
 2021/3/22,  14:21:29,504,154,19,3,3,0,2,2,4,2,2,4
 2021/3/22,  14:21:39,504,136,28,3,3,3,1,2,4,1,2,4
 2021/3/22,  14:21:49,561,176,55,10,0,0,2,6,6,2,6,6
 2021/3/22,  14:21:59,300,90,37,13,3,0,0,3,5,0,3,5
 2021/3/22,   14:22:09,291,97,19,6,6,0,0,1,4,0,1,4
 2021/3/22,  14:22:19,411,115,27,6,6,0,0,2,5,0,2,5
 2021/3/22,  14:22:29,384,125,21,0,0,0,1,2,2,1,2,2
 2021/3/22,  14:22:39,417,125,15,6,6,3,1,2,5,1,2,5
 2021/3/22,  14:22:49,342,96,19,3,3,0,0,1,2,0,1,2
 2021/3/22,  14:22:59,396,121,16,0,0,0,1,1,1,1,1,1
 2021/3/22,   14:23:09,246,78,6,0,0,0,0,0,0,0,0,0
 2021/3/22,  14:23:19,138,42,10,3,0,0,0,0,0,0,0,0
 2021/3/22,  14:23:29,279,76,0,0,0,0,0,0,0,0,0,0
 2021/3/22,  14:23:39,249,73,9,6,6,0,0,0,3,0,0,3
 2021/3/22,  14:23:49,141,47,3,3,3,0,0,0,1,0,0,1
 2021/3/22,  14:23:59,180,54,0,0,0,0,0,0,0,0,0,0
 2021/3/22,   14:24:09,192,58,3,0,0,0,0,0,0,0,0,0
 2021/3/22,  14:24:19,162,54,6,0,0,0,0,0,0,0,0,0
 2021/3/22,  14:24:29,99,33,3,0,0,0,0,0,0,0,0,0
 2021/3/22,  14:24:39,132,44,0,0,0,0,0,0,0,0,0,0
 2021/3/22,  14:24:49,189,63,9,0,0,0,0,0,0,0,0,0
 2021/3/22,  14:24:59,180,60,9,0,0,0,0,0,0,0,0,0
 2021/3/22,   14:25:09,114,38,3,0,0,0,0,0,0,0,0,0
 2021/3/22,  14:25:19,18,6,3,0,0,0,0,0,0,0,0,0
 2021/3/22,  14:25:29,51,10,0,0,0,0,0,0,0,0,0,0
 2021/3/22,  14:25:39,111,23,0,0,0,0,0,0,0,0,0,0
 2021/3/22,  14:25:49,57,16,3,0,0,0,0,0,0,0,0,0
 2021/3/22,  14:25:59,72,24,6,0,0,0,0,0,0,0,0,0
 2021/3/22,   14:26:09,93,31,3,0,0,0,0,0,0,0,0,0
 2021/3/22,  14:26:19,114,38,0,0,0,0,0,0,0,0,0,0
 2021/3/22,  14:26:29,81,27,0,0,0,0,0,0,0,0,0,0
 2021/3/22,  14:26:39,51,10,0,0,0,0,0,0,0,0,0,0
 2021/3/22,  14:26:49,90,20,0,0,0,0,0,0,0,0,0,0
 2021/3/22,  14:26:59,39,13,3,0,0,0,0,0,0,0,0,0
 2021/3/22,   14:27:09,57,16,6,3,0,0,0,0,0,0,0,0
 2021/3/22,  14:27:19,27,6,3,0,0,0,0,0,0,0,0,0
 2021/3/22,  14:27:29,39,13,3,0,0,0,0,0,0,0,0,0
 2021/3/22,  14:27:39,27,9,0,0,0,0,0,0,0,0,0,0
 2021/3/22,  14:27:49,9,3,0,0,0,0,0,0,0,0,0,0
 2021/3/22,  14:27:59,63,17,0,0,0,0,0,0,0,0,0,0
 2021/3/22,   14:28:09,54,14,0,0,0,0,0,0,0,0,0,0
 2021/3/22,  14:28:19,0,0,0,0,0,0,0,0,0,0,0,0
 2021/3/22,  14:28:29,0,0,0,0,0,0,0,0,0,0,0,0
 2021/3/22,  14:28:39,0,0,0,0,0,0,0,0,0,0,0,0
 2021/3/22,  14:28:49,9,3,0,0,0,0,0,0,0,0,0,0
 2021/3/22,  14:28:59,30,10,0,0,0,0,0,0,0,0,0,0
 2021/3/22,   14:29:09,21,7,0,0,0,0,0,0,0,0,0,0
 2021/3/22,  14:29:19,0,0,0,0,0,0,0,0,0,0,0,0
 2021/3/22,  14:29:29,0,0,0,0,0,0,0,0,0,0,0,0
 2021/3/22,  14:29:39,0,0,0,0,0,0,0,0,0,0,0,0
 2021/3/22,  14:29:49,9,3,0,0,0,0,0,0,0,0,0,0
 2021/3/22,  14:29:59,18,6,3,0,0,0,0,0,0,0,0,0
 2021/3/22,   14:30:09,9,3,3,0,0,0,0,0,0,0,0,0
 2021/3/22,  14:30:19,30,10,0,0,0,0,0,0,0,0,0,0
 2021/3/22,  14:30:29,30,10,0,0,0,0,0,0,0,0,0,0
 2021/3/22,  14:30:39,9,3,0,0,0,0,0,0,0,0,0,0
 2021/3/22,  14:30:49,21,7,3,0,0,0,0,0,0,0,0,0
 2021/3/22,  14:30:59,132,44,12,3,3,0,0,0,1,0,0,1
 2021/3/22,   14:31:09,261,87,16,3,3,3,0,0,2,0,0,2
 2021/3/22,  14:31:19,237,72,10,0,0,0,0,0,0,0,0,0
 2021/3/22,  14:31:29,408,111,9,3,3,0,0,1,2,0,1,2
 2021/3/22,  14:31:39,432,126,12,0,0,0,1,2,2,1,2,2
 2021/3/22,  14:31:49,342,103,26,0,0,0,0,1,1,0,1,1
 2021/3/22,  14:31:59,492,154,43,7,7,3,1,2,6,1,2,6
 2021/3/22,   14:32:09,354,111,36,7,7,3,0,1,5,0,1,5
 2021/3/22,  14:32:19,408,128,16,0,0,0,1,1,1,1,1,1
 2021/3/22,  14:32:29,348,106,23,0,0,0,1,1,1,1,1,1
 2021/3/22,  14:32:39,330,101,17,3,3,3,1,1,3,1,1,3
 2021/3/22,  14:32:49,333,111,16,6,6,3,0,1,4,0,1,4
 2021/3/22,  14:32:59,288,96,18,3,3,0,0,1,2,0,1,2
 2021/3/22,   14:33:09,417,139,26,0,0,0,1,3,3,1,3,3
 2021/3/22,  14:33:19,429,136,23,3,3,3,1,2,4,1,2,4
 2021/3/22,  14:33:29,402,115,20,0,0,0,0,2,2,0,2,2
 2021/3/22,  14:33:39,210,48,7,0,0,0,0,0,0,0,0,0
 2021/3/22,  14:33:49,297,86,6,0,0,0,0,1,1,0,1,1
 2021/3/22,  14:33:59,333,100,6,0,0,0,0,1,1,0,1,1
 2021/3/22,   14:34:09,273,83,14,0,0,0,0,0,0,0,0,0
 2021/3/22,  14:34:19,318,106,27,3,0,0,1,1,2,1,1,2
 2021/3/22,  14:34:29,324,104,19,0,0,0,0,1,1,0,1,1
 2021/3/22,  14:34:39,258,75,12,3,3,0,0,0,2,0,0,2
 2021/3/22,  14:34:49,204,64,6,3,3,0,0,0,1,0,0,1
 2021/3/22,  14:34:59,186,55,6,3,3,0,0,0,1,0,0,1
 2021/3/22,   14:35:09,279,83,16,9,9,3,0,0,5,0,0,5
 2021/3/22,  14:35:19,282,86,20,6,6,3,0,0,4,0,0,4
 2021/3/22,  14:35:29,144,40,0,0,0,0,0,0,0,0,0,0
 2021/3/22,  14:35:39,69,23,3,3,3,0,0,0,1,0,0,1
 2021/3/22,  14:35:49,120,40,9,3,3,0,0,0,1,0,0,1
 2021/3/22,  14:35:59,204,65,6,3,3,0,0,0,1,0,0,1
 2021/3/22,   14:36:09,216,54,3,0,0,0,0,0,0,0,0,0
 2021/3/22,  14:36:19,225,69,13,7,7,7,0,0,5,0,0,5
 2021/3/22,  14:36:29,132,44,13,7,7,7,0,0,5,0,0,5
 2021/3/22,  14:36:39,60,20,7,3,3,0,0,0,1,0,0,1
 2021/3/22,  14:36:49,48,16,3,3,3,3,0,0,1,0,0,1
 2021/3/22,  14:36:59,69,23,3,3,3,3,0,0,2,0,0,2
 2021/3/22,   14:37:09,87,23,3,3,3,0,0,0,1,0,0,1
 2021/3/22,  14:37:19,87,23,0,0,0,0,0,0,0,0,0,0
 2021/3/22,  14:37:29,60,16,3,3,3,0,0,0,0,0,0,0
 2021/3/22,  14:37:39,177,44,9,6,6,0,0,0,2,0,0,2
 2021/3/22,  14:37:49,66,22,3,0,0,0,0,0,0,0,0,0
 2021/3/22,  14:37:59,48,16,3,3,3,0,0,0,1,0,0,1
 2021/3/22,   14:38:09,30,10,3,0,0,0,0,0,0,0,0,0
 2021/3/22,  14:38:19,78,26,6,0,0,0,0,0,0,0,0,0
 2021/3/22,  14:38:29,60,17,3,3,3,0,0,0,1,0,0,1
 2021/3/22,  14:38:39,51,17,0,0,0,0,0,0,0,0,0,0
 2021/3/22,  14:38:49,60,20,3,0,0,0,0,0,0,0,0,0
 2021/3/22,  14:38:59,18,6,3,0,0,0,0,0,0,0,0,0
 2021/3/22,   14:39:09,18,6,0,0,0,0,0,0,0,0,0,0
 2021/3/22,  14:39:19,114,34,0,0,0,0,0,0,0,0,0,0
 2021/3/22,  14:39:29,234,74,7,3,3,3,0,0,2,0,0,2
 2021/3/22,  14:39:39,225,75,13,3,3,3,0,0,2,0,0,2
 2021/3/22,  14:39:49,54,18,3,0,0,0,0,0,0,0,0,0
 2021/3/22,  14:39:59,0,0,0,0,0,0,0,0,0,0,0,0
 2021/3/22,   14:40:09,21,7,0,0,0,0,0,0,0,0,0,0
 2021/3/22,  14:40:19,135,45,0,0,0,0,0,0,0,0,0,0
 2021/3/22,  14:40:29,114,38,0,0,0,0,0,0,0,0,0,0
 2021/3/22,  14:40:39,0,0,0,0,0,0,0,0,0,0,0,0
 2021/3/22,  14:40:49,18,6,3,0,0,0,0,0,0,0,0,0
 2021/3/22,  14:40:59,135,38,6,0,0,0,0,0,0,0,0,0
 2021/3/22,   14:41:09,177,52,0,0,0,0,0,0,0,0,0,0
 2021/3/22,  14:41:19,156,52,3,0,0,0,0,0,0,0,0,0
 2021/3/22,  14:41:29,297,88,6,3,3,0,0,0,2,0,0,2
 2021/3/22,  14:41:39,312,87,6,3,3,0,0,0,2,0,0,2
 2021/3/22,  14:41:49,588,166,38,3,3,3,1,2,5,1,2,5
 2021/3/22,  14:41:59,771,209,47,0,0,0,2,4,4,2,4,4
 2021/3/22,   14:42:09,606,168,26,0,0,0,1,2,2,1,2,2
 2021/3/22,  14:42:19,408,114,10,0,0,0,1,1,1,1,1,1
 2021/3/22,  14:42:29,465,137,20,3,0,0,2,2,2,2,2,2
 2021/3/22,  14:42:39,516,137,27,3,0,0,1,2,2,1,2,2
 2021/3/22,  14:42:49,459,129,21,0,0,0,1,2,2,1,2,2
 2021/3/22,  14:42:59,342,104,37,3,0,0,0,2,2,0,2,2
 2021/3/22,   14:43:09,420,122,23,10,7,0,0,1,5,0,1,5
 2021/3/22,  14:43:19,372,109,20,3,3,0,0,1,2,0,1,2
 2021/3/22,  14:43:29,636,208,47,3,0,0,3,5,5,3,5,5
 2021/3/22,  14:43:39,702,231,58,12,3,0,2,6,8,2,6,8
 2021/3/22,  14:43:49,675,208,50,3,3,0,2,4,5,2,4,5
 2021/3/22,  14:43:59,570,168,47,0,0,0,1,2,2,1,2,2
 2021/3/22,   14:44:09,444,127,23,0,0,0,1,2,2,1,2,2
 2021/3/22,  14:44:19,372,111,27,6,6,3,1,2,5,1,2,5
 2021/3/22,  14:44:29,315,87,27,3,3,3,0,1,3,0,1,3
 2021/3/22,  14:44:39,429,122,26,6,6,0,1,1,4,1,1,4
 2021/3/22,  14:44:49,420,115,32,9,9,3,0,1,6,0,1,6
 2021/3/22,  14:44:59,312,93,9,3,3,3,0,0,2,0,0,2
 2021/3/22,   14:45:09,213,64,3,3,3,0,0,0,2,0,0,2
 2021/3/22,  14:45:19,228,76,23,13,0,0,0,2,2,0,2,2
 2021/3/22,  14:45:29,231,73,32,6,0,0,0,2,2,0,2,2
 2021/3/22,  14:45:39,174,54,12,0,0,0,0,0,0,0,0,0
 2021/3/22,  14:45:49,198,55,6,0,0,0,0,0,0,0,0,0
 2021/3/22,  14:45:59,150,40,0,0,0,0,0,0,0,0,0,0
 2021/3/22,   14:46:09,174,52,3,3,0,0,0,0,0,0,0,0
 2021/3/22,  14:46:19,120,37,3,0,0,0,0,0,0,0,0,0
 2021/3/22,  14:46:29,108,33,6,0,0,0,0,0,0,0,0,0
 2021/3/22,  14:46:39,108,36,6,0,0,0,0,0,0,0,0,0
 2021/3/22,  14:46:49,108,32,9,6,6,3,0,0,3,0,0,3
 2021/3/22,  14:46:59,78,26,6,3,3,3,0,0,2,0,0,2
 2021/3/22,   14:47:09,63,17,3,0,0,0,0,0,0,0,0,0
 2021/3/22,  14:47:19,9,3,0,0,0,0,0,0,0,0,0,0
 2021/3/22,  14:47:29,93,31,3,3,3,0,0,0,1,0,0,1
 2021/3/22,  14:47:39,111,37,3,3,3,0,0,0,1,0,0,1
 2021/3/22,  14:47:49,81,23,7,0,0,0,0,0,0,0,0,0
 2021/3/22,  14:47:59,93,27,7,0,0,0,0,0,0,0,0,0
 2021/3/22,   14:48:09,30,10,0,0,0,0,0,0,0,0,0,0
 2021/3/22,  14:48:19,69,23,0,0,0,0,0,0,0,0,0,0
 2021/3/22,  14:48:29,69,23,3,3,3,0,0,0,1,0,0,1
 2021/3/22,  14:48:39,30,10,0,0,0,0,0,0,0,0,0,0
 2021/3/22,  14:48:49,39,13,6,3,3,3,0,0,2,0,0,2
 2021/3/22,  14:48:59,30,10,3,0,0,0,0,0,0,0,0,0
 2021/3/22,   14:49:09,39,13,3,3,3,0,0,0,1,0,0,1
 2021/3/22,  14:49:19,69,23,3,3,3,0,0,0,1,0,0,1
 2021/3/22,  14:49:29,18,3,0,0,0,0,0,0,0,0,0,0
 2021/3/22,  14:49:39,18,3,3,3,3,0,0,0,1,0,0,1
 2021/3/22,  14:49:49,39,9,3,3,3,0,0,0,1,0,0,1
 2021/3/22,  14:49:59,39,9,0,0,0,0,0,0,0,0,0,0
 2021/3/22,   14:50:09,18,3,0,0,0,0,0,0,0,0,0,0
 2021/3/22,  14:50:19,0,0,0,0,0,0,0,0,0,0,0,0
 2021/3/22,  14:50:29,0,0,0,0,0,0,0,0,0,0,0,0
 2021/3/22,  14:50:39,9,3,0,0,0,0,0,0,0,0,0,0
 2021/3/22,  14:50:49,9,3,0,0,0,0,0,0,0,0,0,0
 2021/3/22,  14:50:59,9,3,0,0,0,0,0,0,0,0,0,0
 2021/3/22,   14:51:09,9,3,3,0,0,0,0,0,0,0,0,0
 2021/3/22,  14:51:19,9,3,3,0,0,0,0,0,0,0,0,0
 2021/3/22,  14:51:29,9,3,0,0,0,0,0,0,0,0,0,0
 2021/3/22,  14:51:39,51,10,0,0,0,0,0,0,0,0,0,0
 2021/3/22,  14:51:49,51,10,3,3,3,3,0,0,1,0,0,1
 2021/3/22,  14:51:59,9,3,3,3,3,3,0,0,1,0,0,1
 2021/3/22,   14:52:09,0,0,0,0,0,0,0,0,0,0,0,0
 2021/3/22,  14:52:19,0,0,0,0,0,0,0,0,0,0,0,0
 2021/3/22,  14:52:29,75,21,0,0,0,0,0,0,0,0,0,0
 2021/3/22,  14:52:39,84,24,0,0,0,0,0,0,0,0,0,0
 2021/3/22,  14:52:49,9,3,0,0,0,0,0,0,0,0,0,0
 2021/3/22,  14:52:59,9,0,0,0,0,0,0,0,0,0,0,0
 2021/3/22,   14:53:09,18,3,0,0,0,0,0,0,0,0,0,0
 2021/3/22,  14:53:19,0,0,0,0,0,0,0,0,0,0,0,0
 2021/3/22,  14:53:29,0,0,0,0,0,0,0,0,0,0,0,0
 2021/3/22,  14:53:39,0,0,0,0,0,0,0,0,0,0,0,0
 2021/3/22,  14:53:49,0,0,0,0,0,0,0,0,0,0,0,0
 2021/3/22,  14:53:59,0,0,0,0,0,0,0,0,0,0,0,0
 2021/3/22,   14:54:09,0,0,0,0,0,0,0,0,0,0,0,0
 2021/3/22,  14:54:19,9,3,0,0,0,0,0,0,0,0,0,0
 2021/3/22,  14:54:29,9,3,0,0,0,0,0,0,0,0,0,0
 2021/3/22,  14:54:39,0,0,0,0,0,0,0,0,0,0,0,0
 2021/3/22,  14:54:49,9,3,0,0,0,0,0,0,0,0,0,0
 2021/3/22,  14:54:59,0,0,0,0,0,0,0,0,0,0,0,0
 2021/3/22,   14:55:09,0,0,0,0,0,0,0,0,0,0,0,0
 2021/3/22,  14:55:19,9,3,3,3,3,0,0,0,0,0,0,0
 2021/3/22,  14:55:29,18,6,6,6,6,0,0,0,2,0,0,2
 2021/3/22,  14:55:39,18,3,3,3,3,0,0,0,1,0,0,1
 2021/3/22,  14:55:49,0,0,0,0,0,0,0,0,0,0,0,0
 2021/3/22,  14:55:59,0,0,0,0,0,0,0,0,0,0,0,0
 2021/3/22,   14:56:09,0,0,0,0,0,0,0,0,0,0,0,0
 2021/3/22,  14:56:19,9,3,0,0,0,0,0,0,0,0,0,0
 2021/3/22,  14:56:29,9,3,0,0,0,0,0,0,0,0,0,0
 2021/3/22,  14:56:39,0,0,0,0,0,0,0,0,0,0,0,0
 2021/3/22,  14:56:49,0,0,0,0,0,0,0,0,0,0,0,0
 2021/3/22,  14:56:59,0,0,0,0,0,0,0,0,0,0,0,0
 2021/3/22,   14:57:09,9,3,3,3,3,3,0,0,1,0,0,1
 2021/3/22,  14:57:19,9,3,3,3,3,3,0,0,1,0,0,1
 2021/3/22,  14:57:29,0,0,0,0,0,0,0,0,0,0,0,0
 2021/3/22,  14:57:39,0,0,0,0,0,0,0,0,0,0,0,0
 2021/3/22,  14:57:49,0,0,0,0,0,0,0,0,0,0,0,0
 2021/3/22,  14:57:59,0,0,0,0,0,0,0,0,0,0,0,0
 2021/3/22,   14:58:09,9,0,0,0,0,0,0,0,0,0,0,0
 2021/3/22,  14:58:19,0,0,0,0,0,0,0,0,0,0,0,0
 2021/3/22,  14:58:29,0,0,0,0,0,0,0,0,0,0,0,0
 2021/3/22,  14:58:39,0,0,0,0,0,0,0,0,0,0,0,0
 2021/3/22,  14:58:49,0,0,0,0,0,0,0,0,0,0,0,0
 2021/3/22,  14:58:59,0,0,0,0,0,0,0,0,0,0,0,0
 2021/3/22,   14:59:09,0,0,0,0,0,0,0,0,0,0,0,0
 2021/3/22,  14:59:19,0,0,0,0,0,0,0,0,0,0,0,0
 2021/3/22,  14:59:29,0,0,0,0,0,0,0,0,0,0,0,0
 2021/3/22,  14:59:39,0,0,0,0,0,0,0,0,0,0,0,0
 2021/3/22,  14:59:49,0,0,0,0,0,0,0,0,0,0,0,0
 2021/3/22,  14:59:59,0,0,0,0,0,0,0,0,0,0,0,0
 2021/3/22,    15:00:09,0,0,0,0,0,0,0,0,0,0,0,0
 2021/3/22,   15:00:19,0,0,0,0,0,0,0,0,0,0,0,0
