S-01,S-02,S-03,S-04,S-05,S-06,S-07,S-08,S-09,S-10,S-12,S-13,S-14,S-15,S-16,S-18,S-19,Average,Variance
0.0,0.0,0.0,0.0,0.0,0.0,0.0,0.0,0.0,0.0,0.0,0.0,9.0,0.0,56.4,0.0,14.4,0.6923076923076923,5.75147928994083
0.0,0.0,0.0,0.0,0.0,0.0,0.0,0.0,0.0,0.0,0.0,0.0,9.0,0.0,56.31,0.0,14.31,0.6923076923076923,5.75147928994083
0.0,0.0,0.0,0.0,0.0,0.0,0.0,0.0,0.0,0.0,0.0,0.0,9.0,0.0,56.22,0.0,14.22,0.6923076923076923,5.75147928994083
0.0,0.0,0.0,0.0,0.0,0.0,0.0,0.0,0.0,0.0,0.0,0.0,9.0,0.0,56.129999999999995,0.0,14.13,0.6923076923076923,5.75147928994083
0.0,0.0,0.0,0.0,0.0,0.0,0.0,0.0,0.0,0.0,0.0,0.0,9.0,0.0,56.04,0.0,14.040000000000001,0.6923076923076923,5.75147928994083
0.0,0.0,0.0,0.0,0.0,0.0,0.0,0.0,0.0,0.0,0.0,0.0,9.0,0.0,55.95,0.0,13.95,0.6923076923076923,5.75147928994083
0.0,0.0,0.0,0.0,0.0,0.0,0.0,0.0,0.0,0.0,0.0,0.0,9.0,0.0,55.86,0.0,13.86,0.6923076923076923,5.75147928994083
0.0,0.0,0.0,0.0,0.0,0.0,0.0,0.0,0.0,0.0,0.0,0.0,9.0,0.0,55.769999999999996,0.0,13.77,0.6923076923076923,5.75147928994083
0.0,0.0,0.0,0.0,0.0,0.0,0.0,0.0,0.0,0.0,0.0,0.0,9.0,0.0,55.68,0.0,13.68,0.6923076923076923,5.75147928994083
0.0,0.0,0.0,0.0,0.0,0.0,0.0,0.0,0.0,0.0,0.0,0.0,9.0,0.0,55.59,0.0,13.59,0.6923076923076923,5.75147928994083
0.0,0.0,0.0,0.0,0.0,0.0,0.0,0.0,0.0,0.0,0.0,0.0,9.0,0.0,55.5,0.0,13.5,0.6923076923076923,5.75147928994083
0.0,0.0,0.0,0.0,0.0,0.0,0.0,0.0,0.0,0.0,0.0,0.0,9.0,0.0,55.41,0.0,13.41,0.6923076923076923,5.75147928994083
0.0,0.0,0.0,0.0,0.0,0.0,0.0,0.0,0.0,0.0,0.0,0.0,9.0,0.0,55.32,0.0,13.32,0.6923076923076923,5.75147928994083
0.0,0.0,0.0,0.0,0.0,0.0,0.0,0.0,0.0,0.0,0.0,0.0,9.0,0.0,55.230000000000004,0.0,13.23,0.6923076923076923,5.75147928994083
0.0,0.0,0.0,0.0,0.0,0.0,0.0,0.0,0.0,0.0,0.0,0.0,9.0,0.0,55.14,0.0,13.14,0.6923076923076923,5.75147928994083
0.0,0.0,0.0,0.0,0.0,0.0,0.0,0.0,0.0,0.0,0.0,0.0,9.0,0.0,55.05,0.0,13.05,0.6923076923076923,5.75147928994083
0.0,0.0,0.0,0.0,0.0,0.0,0.0,0.0,0.0,0.0,0.0,0.0,9.0,0.0,54.96,0.0,12.959999999999999,0.6923076923076923,5.75147928994083
0.0,0.0,0.0,0.0,0.0,0.0,0.0,0.0,0.0,0.0,0.0,0.0,9.0,0.0,54.870000000000005,0.0,12.87,0.6923076923076923,5.75147928994083
0.0,0.0,0.0,0.0,0.0,0.0,0.0,0.0,0.0,0.0,0.0,0.0,9.0,0.0,54.78,0.0,12.78,0.6923076923076923,5.75147928994083
0.0,0.0,0.0,0.0,0.0,0.0,0.0,0.0,0.0,0.0,0.0,0.0,9.0,0.0,54.69,0.0,12.69,0.6923076923076923,5.75147928994083
0.0,0.0,0.0,0.0,0.0,0.0,0.0,0.0,0.0,0.0,0.0,0.0,9.0,0.0,54.6,0.0,12.6,0.6923076923076923,5.75147928994083
0.0,0.0,0.0,0.0,0.0,0.0,0.0,0.0,0.0,0.0,0.0,0.0,9.0,0.0,54.510000000000005,0.0,12.51,0.6923076923076923,5.75147928994083
0.0,0.0,0.0,0.0,0.0,0.0,0.0,0.0,0.0,0.0,0.0,0.0,9.0,0.0,54.42,0.0,12.42,0.6923076923076923,5.75147928994083
0.0,0.0,0.0,0.0,0.0,0.0,0.0,0.0,0.0,0.0,0.0,0.0,9.0,0.0,54.33,0.0,12.33,0.6923076923076923,5.75147928994083
0.0,0.0,0.0,0.0,0.0,0.0,0.0,0.0,0.0,0.0,0.0,0.0,9.0,0.0,54.24,0.0,12.24,0.6923076923076923,5.75147928994083
0.0,0.0,0.0,0.0,0.0,0.0,0.0,0.0,0.0,0.0,0.0,0.0,9.0,0.0,54.150000000000006,0.0,12.149999999999999,0.6923076923076923,5.75147928994083
0.0,0.0,0.0,0.0,0.0,0.0,0.0,0.0,0.0,0.0,0.0,0.0,9.0,0.0,54.06,0.0,12.059999999999999,0.6923076923076923,5.75147928994083
0.0,0.0,0.0,0.0,0.0,0.0,0.0,0.0,0.0,0.0,0.0,0.0,9.0,0.0,53.97,0.0,11.969999999999999,0.6923076923076923,5.75147928994083
0.0,0.0,0.0,0.0,0.0,0.0,0.0,0.0,0.0,0.0,0.0,0.0,9.0,0.0,53.88,0.0,11.879999999999999,0.6923076923076923,5.75147928994083
0.0,0.0,0.0,0.0,0.0,0.0,0.0,0.0,0.0,0.0,0.0,0.0,9.0,0.0,53.790000000000006,0.0,11.79,0.6923076923076923,5.75147928994083
0.0,0.0,0.0,0.0,0.0,0.0,0.0,0.0,0.0,0.0,0.0,0.0,9.0,0.0,53.7,0.0,11.7,0.6923076923076923,5.75147928994083
0.0,0.0,0.0,0.0,0.0,0.0,0.0,0.0,0.0,0.0,0.0,0.0,9.0,0.0,53.61,0.0,11.61,0.6923076923076923,5.75147928994083
0.0,0.0,0.0,0.0,0.0,0.0,0.0,0.0,0.0,0.0,0.0,0.0,9.0,0.0,53.52,0.0,11.52,0.6923076923076923,5.75147928994083
0.0,0.0,0.0,0.0,0.0,0.0,0.0,0.0,0.0,0.0,0.0,0.0,9.0,0.0,53.43,0.0,11.43,0.6923076923076923,5.75147928994083
0.0,0.0,0.0,0.0,0.0,0.0,0.0,0.0,0.0,0.0,0.0,0.0,9.0,0.0,53.34,0.0,11.34,0.6923076923076923,5.75147928994083
0.0,0.0,0.0,0.0,0.0,0.0,0.0,0.0,0.0,0.0,0.0,0.0,9.0,0.0,53.25,0.0,11.25,0.6923076923076923,5.75147928994083
0.0,0.0,0.0,0.0,0.0,0.0,0.0,0.0,0.0,0.0,0.0,0.0,9.0,0.0,53.16,0.0,11.16,0.6923076923076923,5.75147928994083
0.0,0.0,0.0,0.0,0.0,0.0,0.0,0.0,0.0,0.0,0.0,0.0,9.0,0.0,53.07,0.0,11.07,0.6923076923076923,5.75147928994083
0.0,0.0,0.0,0.0,0.0,0.0,0.0,0.0,0.0,0.0,0.0,0.0,9.0,0.0,52.98,0.0,10.98,0.6923076923076923,5.75147928994083
0.0,0.0,0.0,0.0,0.0,0.0,0.0,0.0,0.0,0.0,0.0,0.0,9.0,0.0,52.89,0.0,10.89,0.6923076923076923,5.75147928994083
0.0,0.0,0.0,0.0,0.0,0.0,0.0,0.0,0.0,0.0,0.0,0.0,9.0,0.0,52.8,0.0,10.8,0.6923076923076923,5.75147928994083
0.0,0.0,0.0,0.0,0.0,0.0,0.0,0.0,0.0,0.0,0.0,0.0,9.0,0.0,52.709999999999994,0.0,10.71,0.6923076923076923,5.75147928994083
0.0,0.0,0.0,0.0,0.0,0.0,0.0,0.0,0.0,0.0,0.0,0.0,9.0,0.0,52.62,0.0,10.620000000000001,0.6923076923076923,5.75147928994083
0.0,0.0,0.0,0.0,0.0,0.0,0.0,0.0,0.0,0.0,0.0,0.0,9.0,0.0,52.53,0.0,10.530000000000001,0.6923076923076923,5.75147928994083
0.0,0.0,0.0,0.0,0.0,0.0,0.0,0.0,0.0,0.0,0.0,0.0,9.0,0.0,52.44,0.0,10.440000000000001,0.6923076923076923,5.75147928994083
0.0,0.0,0.0,0.0,0.0,0.0,0.0,0.0,0.0,0.0,0.0,0.0,9.0,0.0,52.349999999999994,0.0,10.350000000000001,0.6923076923076923,5.75147928994083
0.0,0.0,0.0,0.0,0.0,0.0,0.0,0.0,0.0,0.0,0.0,0.0,9.0,0.0,52.26,0.0,10.26,0.6923076923076923,5.75147928994083
0.0,0.0,0.0,0.0,0.0,0.0,0.0,0.0,0.0,0.0,0.0,0.0,9.0,0.0,52.17,0.0,10.17,0.6923076923076923,5.75147928994083
0.0,0.0,0.0,0.0,0.0,0.0,0.0,0.0,0.0,0.0,0.0,0.0,9.0,0.0,52.08,0.0,10.08,0.6923076923076923,5.75147928994083
0.0,0.0,0.0,0.0,0.0,0.0,0.0,0.0,0.0,0.0,0.0,0.0,9.0,0.0,51.989999999999995,0.0,9.99,0.6923076923076923,5.75147928994083
0.0,0.0,0.0,0.0,0.0,0.0,0.0,0.0,0.0,0.0,0.0,0.0,9.0,0.0,51.9,0.0,9.9,0.6923076923076923,5.75147928994083
0.0,0.0,0.0,0.0,0.0,0.0,0.0,0.0,0.0,0.0,0.0,0.0,9.0,0.0,51.81,0.0,9.81,0.6923076923076923,5.75147928994083
0.0,0.0,0.0,0.0,0.0,0.0,0.0,0.0,0.0,0.0,0.0,0.0,9.0,0.0,51.72,0.0,9.72,0.6923076923076923,5.75147928994083
0.0,0.0,0.0,0.0,0.0,0.0,0.0,0.0,0.0,0.0,0.0,0.0,9.0,0.0,51.629999999999995,0.0,9.63,0.6923076923076923,5.75147928994083
0.0,0.0,0.0,0.0,0.0,0.0,0.0,0.0,0.0,0.0,0.0,0.0,9.0,0.0,51.54,0.0,9.540000000000001,0.6923076923076923,5.75147928994083
0.0,0.0,0.0,0.0,0.0,0.0,0.0,0.0,0.0,0.0,0.0,0.0,9.0,0.0,51.45,0.0,9.45,0.6923076923076923,5.75147928994083
0.0,0.0,0.0,0.0,0.0,0.0,0.0,0.0,0.0,0.0,0.0,0.0,9.0,0.0,51.36,0.0,9.36,0.6923076923076923,5.75147928994083
0.0,0.0,0.0,0.0,0.0,0.0,0.0,0.0,0.0,0.0,0.0,0.0,9.0,0.0,51.269999999999996,0.0,9.27,0.6923076923076923,5.75147928994083
0.0,0.0,0.0,0.0,0.0,0.0,0.0,0.0,0.0,0.0,0.0,0.0,9.0,0.0,51.18,0.0,9.18,0.6923076923076923,5.75147928994083
0.0,0.0,0.0,0.0,0.0,0.0,0.0,0.0,0.0,0.0,0.0,0.0,9.0,0.0,51.09,0.0,9.09,0.6923076923076923,5.75147928994083
0.0,0.0,0.0,0.0,0.0,0.0,0.0,0.0,0.0,0.0,0.0,0.0,9.0,0.0,51.0,0.0,9.0,0.6923076923076923,5.75147928994083
0.0,0.0,0.0,0.0,0.0,3.15,0.0,0.0,0.0,0.0,0.0,0.0,8.95,0.0,51.0,0.0,9.0,0.9307692307692307,76.01183431952661
0.0,0.0,0.0,0.0,0.0,6.3,0.0,0.0,0.0,0.0,0.0,0.0,8.9,0.0,51.0,0.0,9.0,1.169230769230769,146.27218934911238
0.0,0.0,0.0,0.0,0.0,9.45,0.0,0.0,0.0,0.0,0.0,0.0,8.85,0.0,51.0,0.0,9.0,1.4076923076923076,216.53254437869816
0.0,0.0,0.0,0.0,0.0,12.6,0.0,0.0,0.0,0.0,0.0,0.0,8.8,0.0,51.0,0.0,9.0,1.646153846153846,286.792899408284
0.0,0.0,0.0,0.0,0.0,15.75,0.0,0.0,0.0,0.0,0.0,0.0,8.75,0.0,51.0,0.0,9.0,1.8846153846153844,357.0532544378697
0.0,0.0,0.0,0.0,0.0,18.9,0.0,0.0,0.0,0.0,0.0,0.0,8.7,0.0,51.0,0.0,9.0,2.1230769230769226,427.31360946745554
0.0,0.0,0.0,0.0,0.0,22.05,0.0,0.0,0.0,0.0,0.0,0.0,8.65,0.0,51.0,0.0,9.0,2.361538461538461,497.57396449704135
0.0,0.0,0.0,0.0,0.0,25.2,0.0,0.0,0.0,0.0,0.0,0.0,8.6,0.0,51.0,0.0,9.0,2.5999999999999996,567.834319526627
0.0,0.0,0.0,0.0,0.0,28.349999999999998,0.0,0.0,0.0,0.0,0.0,0.0,8.55,0.0,51.0,0.0,9.0,2.838461538461538,638.0946745562128
0.0,0.0,0.0,0.0,0.0,31.5,0.0,0.0,0.0,0.0,0.0,0.0,8.5,0.0,51.0,0.0,9.0,3.0769230769230766,708.3550295857987
0.0,0.0,0.0,0.0,0.0,34.65,0.0,0.0,0.0,0.0,0.0,0.0,8.45,0.0,51.0,0.0,9.0,3.315384615384615,778.6153846153844
0.0,0.0,0.0,0.0,0.0,37.8,0.0,0.0,0.0,0.0,0.0,0.0,8.4,0.0,51.0,0.0,9.0,3.5538461538461537,848.8757396449702
0.0,0.0,0.0,0.0,0.0,40.95,0.0,0.0,0.0,0.0,0.0,0.0,8.35,0.0,51.0,0.0,9.0,3.792307692307692,919.136094674556
0.0,0.0,0.0,0.0,0.0,44.1,0.0,0.0,0.0,0.0,0.0,0.0,8.3,0.0,51.0,0.0,9.0,4.030769230769231,989.3964497041418
0.0,0.0,0.0,0.0,0.0,47.25,0.0,0.0,0.0,0.0,0.0,0.0,8.25,0.0,51.0,0.0,9.0,4.269230769230769,1059.6568047337275
0.0,0.0,0.0,0.0,0.0,50.4,0.0,0.0,0.0,0.0,0.0,0.0,8.2,0.0,51.0,0.0,9.0,4.507692307692308,1129.9171597633133
0.0,0.0,0.0,0.0,0.0,53.55,0.0,0.0,0.0,0.0,0.0,0.0,8.15,0.0,51.0,0.0,9.0,4.746153846153846,1200.177514792899
0.0,0.0,0.0,0.0,0.0,56.7,0.0,0.0,0.0,0.0,0.0,0.0,8.1,0.0,51.0,0.0,9.0,4.984615384615385,1270.4378698224848
0.0,0.0,0.0,0.0,0.0,59.849999999999994,0.0,0.0,0.0,0.0,0.0,0.0,8.05,0.0,51.0,0.0,9.0,5.223076923076923,1340.6982248520706
0.0,0.0,0.0,0.0,0.0,63.0,0.0,0.0,0.0,0.0,0.0,0.0,8.0,0.0,51.0,0.0,9.0,5.461538461538462,1410.9585798816563
0.0,0.0,0.0,0.0,0.0,66.15,0.0,0.0,0.0,0.0,0.0,0.0,7.95,0.0,51.0,0.0,9.0,5.7,1481.218934911242
0.0,0.0,0.0,0.0,0.0,69.3,0.0,0.0,0.0,0.0,0.0,0.0,7.9,0.0,51.0,0.0,9.0,5.938461538461539,1551.479289940828
0.0,0.0,0.0,0.0,0.0,72.45,0.0,0.0,0.0,0.0,0.0,0.0,7.85,0.0,51.0,0.0,9.0,6.176923076923077,1621.7396449704138
0.0,0.0,0.0,0.0,0.0,75.6,0.0,0.0,0.0,0.0,0.0,0.0,7.8,0.0,51.0,0.0,9.0,6.415384615384616,1691.9999999999995
0.0,0.0,0.0,0.0,0.0,78.75,0.0,0.0,0.0,0.0,0.0,0.0,7.75,0.0,51.0,0.0,9.0,6.653846153846153,1762.2603550295853
0.0,0.0,0.0,0.0,0.0,81.9,0.0,0.0,0.0,0.0,0.0,0.0,7.7,0.0,51.0,0.0,9.0,6.892307692307693,1832.5207100591713
0.0,0.0,0.0,0.0,0.0,85.05,0.0,0.0,0.0,0.0,0.0,0.0,7.65,0.0,51.0,0.0,9.0,7.13076923076923,1902.781065088757
0.0,0.0,0.0,0.0,0.0,88.2,0.0,0.0,0.0,0.0,0.0,0.0,7.6,0.0,51.0,0.0,9.0,7.369230769230769,1973.041420118343
0.0,0.0,0.0,0.0,0.0,91.35,0.0,0.0,0.0,0.0,0.0,0.0,7.55,0.0,51.0,0.0,9.0,7.607692307692307,2043.3017751479288
0.0,0.0,0.0,0.0,0.0,94.5,0.0,0.0,0.0,0.0,0.0,0.0,7.5,0.0,51.0,0.0,9.0,7.846153846153846,2113.5621301775145
0.0,0.0,0.0,0.0,0.0,97.65,0.0,0.0,0.0,0.0,0.0,0.0,7.45,0.0,51.0,0.0,9.0,8.084615384615384,2183.8224852071003
0.0,0.0,0.0,0.0,0.0,100.8,0.0,0.0,0.0,0.0,0.0,0.0,7.4,0.0,51.0,0.0,9.0,8.323076923076922,2254.082840236686
0.0,0.0,0.0,0.0,0.0,103.95,0.0,0.0,0.0,0.0,0.0,0.0,7.35,0.0,51.0,0.0,9.0,8.561538461538461,2324.343195266272
0.0,0.0,0.0,0.0,0.0,107.1,0.0,0.0,0.0,0.0,0.0,0.0,7.3,0.0,51.0,0.0,9.0,8.799999999999999,2394.6035502958575
0.0,0.0,0.0,0.0,0.0,110.25,0.0,0.0,0.0,0.0,0.0,0.0,7.25,0.0,51.0,0.0,9.0,9.038461538461538,2464.8639053254437
0.0,0.0,0.0,0.0,0.0,113.4,0.0,0.0,0.0,0.0,0.0,0.0,7.2,0.0,51.0,0.0,9.0,9.276923076923076,2535.124260355029
0.0,0.0,0.0,0.0,0.0,116.55,0.0,0.0,0.0,0.0,0.0,0.0,7.15,0.0,51.0,0.0,9.0,9.515384615384615,2605.3846153846152
0.0,0.0,0.0,0.0,0.0,119.7,0.0,0.0,0.0,0.0,0.0,0.0,7.1,0.0,51.0,0.0,9.0,9.753846153846153,2675.644970414201
0.0,0.0,0.0,0.0,0.0,122.85,0.0,0.0,0.0,0.0,0.0,0.0,7.05,0.0,51.0,0.0,9.0,9.99230769230769,2745.9053254437868
0.0,0.0,0.0,0.0,0.0,126.0,0.0,0.0,0.0,0.0,0.0,0.0,7.0,0.0,51.0,0.0,9.0,10.23076923076923,2816.1656804733725
0.0,0.0,0.0,0.0,0.0,129.15,0.0,0.0,0.0,0.0,0.0,0.0,6.95,0.0,51.0,0.0,9.0,10.46923076923077,2886.4260355029583
0.0,0.0,0.0,0.0,0.0,132.3,0.0,0.0,0.0,0.0,0.0,0.0,6.9,0.0,51.0,0.0,9.0,10.707692307692307,2956.686390532544
0.0,0.0,0.0,0.0,0.0,135.45,0.0,0.0,0.0,0.0,0.0,0.0,6.85,0.0,51.0,0.0,9.0,10.946153846153846,3026.9467455621298
0.0,0.0,0.0,0.0,0.0,138.6,0.0,0.0,0.0,0.0,0.0,0.0,6.8,0.0,51.0,0.0,9.0,11.184615384615384,3097.2071005917155
0.0,0.0,0.0,0.0,0.0,141.75,0.0,0.0,0.0,0.0,0.0,0.0,6.75,0.0,51.0,0.0,9.0,11.423076923076923,3167.4674556213013
0.0,0.0,0.0,0.0,0.0,144.9,0.0,0.0,0.0,0.0,0.0,0.0,6.7,0.0,51.0,0.0,9.0,11.661538461538463,3237.7278106508875
0.0,0.0,0.0,0.0,0.0,148.05,0.0,0.0,0.0,0.0,0.0,0.0,6.65,0.0,51.0,0.0,9.0,11.9,3307.9881656804732
0.0,0.0,0.0,0.0,0.0,151.2,0.0,0.0,0.0,0.0,0.0,0.0,6.6,0.0,51.0,0.0,9.0,12.13846153846154,3378.248520710059
0.0,0.0,0.0,0.0,0.0,154.35,0.0,0.0,0.0,0.0,0.0,0.0,6.55,0.0,51.0,0.0,9.0,12.376923076923077,3448.5088757396447
0.0,0.0,0.0,0.0,0.0,157.5,0.0,0.0,0.0,0.0,0.0,0.0,6.5,0.0,51.0,0.0,9.0,12.615384615384617,3518.7692307692305
0.0,0.0,0.0,0.0,0.0,160.65,0.0,0.0,0.0,0.0,0.0,0.0,6.45,0.0,51.0,0.0,9.0,12.853846153846154,3589.0295857988162
0.0,0.0,0.0,0.0,0.0,163.8,0.0,0.0,0.0,0.0,0.0,0.0,6.4,0.0,51.0,0.0,9.0,13.092307692307694,3659.289940828402
0.0,0.0,0.0,0.0,0.0,166.95,0.0,0.0,0.0,0.0,0.0,0.0,6.35,0.0,51.0,0.0,9.0,13.330769230769231,3729.5502958579877
0.0,0.0,0.0,0.0,0.0,170.1,0.0,0.0,0.0,0.0,0.0,0.0,6.3,0.0,51.0,0.0,9.0,13.569230769230769,3799.8106508875735
0.0,0.0,0.0,0.0,0.0,173.25,0.0,0.0,0.0,0.0,0.0,0.0,6.25,0.0,51.0,0.0,9.0,13.807692307692307,3870.0710059171593
0.0,0.0,0.0,0.0,0.0,176.4,0.0,0.0,0.0,0.0,0.0,0.0,6.2,0.0,51.0,0.0,9.0,14.046153846153846,3940.331360946745
0.0,0.0,0.0,0.0,0.0,179.55,0.0,0.0,0.0,0.0,0.0,0.0,6.15,0.0,51.0,0.0,9.0,14.284615384615384,4010.5917159763308
0.0,0.0,0.0,0.0,0.0,182.7,0.0,0.0,0.0,0.0,0.0,0.0,6.1,0.0,51.0,0.0,9.0,14.523076923076921,4080.8520710059165
0.0,0.0,0.0,0.0,0.0,185.85,0.0,0.0,0.0,0.0,0.0,0.0,6.05,0.0,51.0,0.0,9.0,14.76153846153846,4151.112426035503
0.0,0.0,0.0,0.0,0.0,189.0,0.0,0.0,0.0,0.0,0.0,0.0,6.0,0.0,51.0,0.0,9.0,14.999999999999998,4221.372781065088
0.0,0.0,0.0,0.0,0.0,192.15,0.0,0.0,0.0,0.0,0.0,0.0,5.95,0.0,51.0,0.0,9.0,15.238461538461538,4291.633136094674
0.0,0.0,0.0,0.0,0.0,195.3,0.0,0.0,0.0,0.0,0.0,0.0,5.9,0.0,51.0,0.0,9.0,15.476923076923075,4361.8934911242595
0.0,0.0,0.0,0.0,0.0,198.45,0.0,0.0,0.0,0.0,0.0,0.0,5.85,0.0,51.0,0.0,9.0,15.715384615384615,4432.153846153846
0.0,0.0,0.0,0.0,0.0,201.6,0.0,0.0,0.0,0.0,0.0,0.0,5.8,0.0,51.0,0.0,9.0,15.953846153846154,4502.414201183431
0.0,0.0,0.0,0.0,0.0,204.75,0.0,0.0,0.0,0.0,0.0,0.0,5.75,0.0,51.0,0.0,9.0,16.192307692307693,4572.674556213017
0.0,0.0,0.0,0.0,0.0,207.9,0.0,0.0,0.0,0.0,0.0,0.0,5.7,0.0,51.0,0.0,9.0,16.430769230769233,4642.934911242603
0.0,0.0,0.0,0.0,0.0,211.05,0.0,0.0,0.0,0.0,0.0,0.0,5.65,0.0,51.0,0.0,9.0,16.66923076923077,4713.195266272189
0.0,0.0,0.0,0.0,0.0,214.2,0.0,0.0,0.0,0.0,0.0,0.0,5.6,0.0,51.0,0.0,9.0,16.907692307692308,4783.455621301775
0.0,0.0,0.0,0.0,0.0,217.35,0.0,0.0,0.0,0.0,0.0,0.0,5.55,0.0,51.0,0.0,9.0,17.146153846153847,4853.71597633136
0.0,0.0,0.0,0.0,0.0,220.5,0.0,0.0,0.0,0.0,0.0,0.0,5.5,0.0,51.0,0.0,9.0,17.384615384615387,4923.9763313609465
0.0,0.0,0.0,0.0,0.0,223.65,0.0,0.0,0.0,0.0,0.0,0.0,5.45,0.0,51.0,0.0,9.0,17.623076923076926,4994.236686390532
0.0,0.0,0.0,0.0,0.0,226.8,0.0,0.0,0.0,0.0,0.0,0.0,5.4,0.0,51.0,0.0,9.0,17.861538461538462,5064.497041420118
0.0,0.0,0.0,0.0,0.0,229.95,0.0,0.0,0.0,0.0,0.0,0.0,5.35,0.0,51.0,0.0,9.0,18.1,5134.757396449704
0.0,0.0,0.0,0.0,0.0,233.1,0.0,0.0,0.0,0.0,0.0,0.0,5.3,0.0,51.0,0.0,9.0,18.33846153846154,5205.0177514792895
0.0,0.0,0.0,0.0,0.0,236.25,0.0,0.0,0.0,0.0,0.0,0.0,5.25,0.0,51.0,0.0,9.0,18.57692307692308,5275.278106508875
0.0,0.0,0.0,0.0,0.0,239.4,0.0,0.0,0.0,0.0,0.0,0.0,5.2,0.0,51.0,0.0,9.0,18.815384615384616,5345.538461538461
0.0,0.0,0.0,0.0,0.0,242.55,0.0,0.0,0.0,0.0,0.0,0.0,5.15,0.0,51.0,0.0,9.0,19.053846153846155,5415.798816568047
0.0,0.0,0.0,0.0,0.0,245.7,0.0,0.0,0.0,0.0,0.0,0.0,5.1,0.0,51.0,0.0,9.0,19.292307692307695,5486.0591715976325
0.0,0.0,0.0,0.0,0.0,248.85,0.0,0.0,0.0,0.0,0.0,0.0,5.05,0.0,51.0,0.0,9.0,19.53076923076923,5556.319526627218
0.0,0.0,0.0,0.0,0.0,252.0,0.0,0.0,0.0,0.0,0.0,0.0,5.0,0.0,51.0,0.0,9.0,19.76923076923077,5626.579881656804
0.0,0.0,0.0,0.0,0.0,255.15,0.0,0.0,0.0,0.0,0.0,0.0,4.95,0.0,51.0,0.0,9.0,20.00769230769231,5696.84023668639
0.0,0.0,0.0,0.0,0.0,258.3,0.0,0.0,0.0,0.0,0.0,0.0,4.9,0.0,51.0,0.0,9.0,20.24615384615385,5767.1005917159755
0.0,0.0,0.0,0.0,0.0,261.45,0.0,0.0,0.0,0.0,0.0,0.0,4.85,0.0,51.0,0.0,9.0,20.484615384615385,5837.360946745561
0.0,0.0,0.0,0.0,0.0,264.6,0.0,0.0,0.0,0.0,0.0,0.0,4.8,0.0,51.0,0.0,9.0,20.723076923076924,5907.621301775147
0.0,0.0,0.0,0.0,0.0,267.75,0.0,0.0,0.0,0.0,0.0,0.0,4.75,0.0,51.0,0.0,9.0,20.961538461538463,5977.881656804733
0.0,0.0,0.0,0.0,0.0,270.9,0.0,0.0,0.0,0.0,0.0,0.0,4.7,0.0,51.0,0.0,9.0,21.200000000000003,6048.1420118343185
0.0,0.0,0.0,0.0,0.0,274.05,0.0,0.0,0.0,0.0,0.0,0.0,4.65,0.0,51.0,0.0,9.0,21.438461538461542,6118.402366863904
0.0,0.0,0.0,0.0,0.0,277.2,0.0,0.0,0.0,0.0,0.0,0.0,4.6,0.0,51.0,0.0,9.0,21.676923076923078,6188.66272189349
0.0,0.0,0.0,0.0,0.0,280.35,0.0,0.0,0.0,0.0,0.0,0.0,4.55,0.0,51.0,0.0,9.0,21.915384615384617,6258.923076923076
0.0,0.0,0.0,0.0,0.0,283.5,0.0,0.0,0.0,0.0,0.0,0.0,4.5,0.0,51.0,0.0,9.0,22.153846153846157,6329.1834319526615
0.0,0.0,0.0,0.0,0.0,286.65,0.0,0.0,0.0,0.0,0.0,0.0,4.45,0.0,51.0,0.0,9.0,22.392307692307696,6399.443786982248
0.0,0.0,0.0,0.0,0.0,289.8,0.0,0.0,0.0,0.0,0.0,0.0,4.4,0.0,51.0,0.0,9.0,22.630769230769232,6469.704142011833
0.0,0.0,0.0,0.0,0.0,292.95,0.0,0.0,0.0,0.0,0.0,0.0,4.35,0.0,51.0,0.0,9.0,22.86923076923077,6539.964497041419
0.0,0.0,0.0,0.0,0.0,296.1,0.0,0.0,0.0,0.0,0.0,0.0,4.3,0.0,51.0,0.0,9.0,23.10769230769231,6610.2248520710045
0.0,0.0,0.0,0.0,0.0,299.25,0.0,0.0,0.0,0.0,0.0,0.0,4.25,0.0,51.0,0.0,9.0,23.346153846153847,6680.485207100591
0.0,0.0,0.0,0.0,0.0,302.4,0.0,0.0,0.0,0.0,0.0,0.0,4.2,0.0,51.0,0.0,9.0,23.584615384615386,6750.745562130177
0.0,0.0,0.0,0.0,0.0,305.55,0.0,0.0,0.0,0.0,0.0,0.0,4.15,0.0,51.0,0.0,9.0,23.823076923076925,6821.005917159762
0.0,0.0,0.0,0.0,0.0,308.7,0.0,0.0,0.0,0.0,0.0,0.0,4.1,0.0,51.0,0.0,9.0,24.061538461538465,6891.2662721893485
0.0,0.0,0.0,0.0,0.0,311.85,0.0,0.0,0.0,0.0,0.0,0.0,4.05,0.0,51.0,0.0,9.0,24.3,6961.526627218934
0.0,0.0,0.0,0.0,0.0,315.0,0.0,0.0,0.0,0.0,0.0,0.0,4.0,0.0,51.0,0.0,9.0,24.53846153846154,7031.78698224852
0.0,0.0,0.0,0.0,0.0,327.15,0.04,0.0,2.7600000000000002,0.51,0.0,0.0,4.62,0.0,51.57,0.0,8.91,25.775384615384617,8606.398579881656
0.0,0.0,0.0,0.0,0.0,339.3,0.08,0.0,5.5200000000000005,1.02,0.0,0.0,5.24,0.0,52.14,0.0,8.82,27.012307692307694,10181.010177514792
0.0,0.0,0.0,0.0,0.0,351.45,0.12,0.0,8.280000000000001,1.53,0.0,0.0,5.859999999999999,0.0,52.71,0.0,8.73,28.24923076923077,11755.621775147927
0.0,0.0,0.0,0.0,0.0,363.6,0.16,0.0,11.040000000000001,2.04,0.0,0.0,6.4799999999999995,0.0,53.28,0.0,8.64,29.486153846153847,13330.233372781066
0.0,0.0,0.0,0.0,0.0,375.75,0.2,0.0,13.8,2.55,0.0,0.0,7.1,0.0,53.85,0.0,8.55,30.723076923076924,14904.8449704142
0.0,0.0,0.0,0.0,0.0,387.9,0.24,0.0,16.560000000000002,3.06,0.0,0.0,7.719999999999999,0.0,54.42,0.0,8.459999999999999,31.96,16479.456568047335
0.0,0.0,0.0,0.0,0.0,400.05,0.28,0.0,19.32,3.5700000000000003,0.0,0.0,8.34,0.0,54.99,0.0,8.37,33.19692307692308,18054.068165680474
0.0,0.0,0.0,0.0,0.0,412.2,0.32,0.0,22.080000000000002,4.08,0.0,0.0,8.959999999999999,0.0,55.56,0.0,8.28,34.433846153846154,19628.67976331361
0.0,0.0,0.0,0.0,0.0,424.35,0.36,0.0,24.840000000000003,4.59,0.0,0.0,9.579999999999998,0.0,56.13,0.0,8.19,35.67076923076923,21203.291360946747
0.0,0.0,0.0,0.0,0.0,436.5,0.4,0.0,27.6,5.1,0.0,0.0,10.2,0.0,56.7,0.0,8.1,36.90769230769231,22777.90295857988
0.0,0.0,0.0,0.0,0.0,448.65,0.44,0.0,30.360000000000003,5.609999999999999,0.0,0.0,10.819999999999999,0.0,57.27,0.0,8.01,38.144615384615385,24352.51455621302
0.0,0.0,0.0,0.0,0.0,460.8,0.48000000000000004,0.0,33.120000000000005,6.119999999999999,0.0,0.0,11.44,0.0,57.84,0.0,7.92,39.38153846153846,25927.126153846155
0.0,0.0,0.0,0.0,0.0,472.95,0.52,0.0,35.88,6.63,0.0,0.0,12.059999999999999,0.0,58.410000000000004,0.0,7.83,40.61846153846154,27501.73775147929
0.0,0.0,0.0,0.0,0.0,485.1,0.56,0.0,38.64,7.14,0.0,0.0,12.68,0.0,58.980000000000004,0.0,7.74,41.855384615384615,29076.349349112428
0.0,0.0,0.0,0.0,0.0,497.25,0.6000000000000001,0.0,41.400000000000006,7.6499999999999995,0.0,0.0,13.299999999999999,0.0,59.55,0.0,7.65,43.0923076923077,30650.960946745567
0.0,0.0,0.0,0.0,0.0,509.4,0.64,0.0,44.160000000000004,8.16,0.0,0.0,13.919999999999998,0.0,60.12,0.0,7.5600000000000005,44.329230769230776,32225.5725443787
0.0,0.0,0.0,0.0,0.0,521.55,0.68,0.0,46.92,8.67,0.0,0.0,14.54,0.0,60.69,0.0,7.47,45.56615384615385,33800.184142011836
0.0,0.0,0.0,0.0,0.0,533.7,0.72,0.0,49.68000000000001,9.18,0.0,0.0,15.159999999999998,0.0,61.26,0.0,7.38,46.80307692307693,35374.79573964498
0.0,0.0,0.0,0.0,0.0,545.85,0.76,0.0,52.440000000000005,9.69,0.0,0.0,15.779999999999998,0.0,61.83,0.0,7.29,48.040000000000006,36949.40733727811
0.0,0.0,0.0,0.0,0.0,558.0,0.8,0.0,55.2,10.2,0.0,0.0,16.4,0.0,62.4,0.0,7.2,49.27692307692308,38524.01893491125
0.0,0.0,0.0,0.0,0.0,570.15,0.8400000000000001,0.0,57.96,10.709999999999999,0.0,0.0,17.02,0.0,62.97,0.0,7.11,50.51384615384616,40098.63053254438
0.0,0.0,0.0,0.0,0.0,582.3,0.8800000000000001,0.0,60.720000000000006,11.219999999999999,0.0,0.0,17.64,0.0,63.54,0.0,7.0200000000000005,51.75076923076924,41673.24213017752
0.0,0.0,0.0,0.0,0.0,594.45,0.9200000000000002,0.0,63.480000000000004,11.73,0.0,0.0,18.259999999999998,0.0,64.11,0.0,6.93,52.987692307692306,43247.85372781065
0.0,0.0,0.0,0.0,0.0,606.6,0.9600000000000001,0.0,66.24000000000001,12.24,0.0,0.0,18.88,0.0,64.67999999999999,0.0,6.84,54.22461538461538,44822.465325443794
0.0,0.0,0.0,0.0,0.0,618.75,1.0,0.0,69.0,12.75,0.0,0.0,19.5,0.0,65.25,0.0,6.75,55.46153846153846,46397.07692307693
0.0,0.0,0.0,0.0,0.0,630.9,1.04,0.0,71.76,13.26,0.0,0.0,20.12,0.0,65.82,0.0,6.66,56.69846153846154,47971.688520710064
0.0,0.0,0.0,0.0,0.0,643.05,1.08,0.0,74.52000000000001,13.77,0.0,0.0,20.740000000000002,0.0,66.39,0.0,6.57,57.93538461538461,49546.3001183432
0.0,0.0,0.0,0.0,0.0,655.2,1.12,0.0,77.28,14.280000000000001,0.0,0.0,21.36,0.0,66.96,0.0,6.4799999999999995,59.17230769230768,51120.91171597634
0.0,0.0,0.0,0.0,0.0,667.35,1.1600000000000001,0.0,80.04,14.79,0.0,0.0,21.98,0.0,67.53,0.0,6.39,60.40923076923076,52695.523313609476
0.0,0.0,0.0,0.0,0.0,679.5,1.2000000000000002,0.0,82.80000000000001,15.3,0.0,0.0,22.6,0.0,68.1,0.0,6.3,61.64615384615384,54270.13491124261
0.0,0.0,0.0,0.0,0.0,691.65,1.2400000000000002,0.0,85.56000000000002,15.81,0.0,0.0,23.220000000000002,0.0,68.66999999999999,0.0,6.21,62.88307692307691,55844.746508875745
0.0,0.0,0.0,0.0,0.0,703.8,1.2800000000000002,0.0,88.32000000000001,16.32,0.0,0.0,23.84,0.0,69.24,0.0,6.12,64.11999999999999,57419.35810650888
0.0,0.0,0.0,0.0,0.0,715.95,1.32,0.0,91.08000000000001,16.83,0.0,0.0,24.46,0.0,69.81,0.0,6.03,65.35692307692307,58993.969704142015
0.0,0.0,0.0,0.0,0.0,728.1,1.36,0.0,93.84,17.34,0.0,0.0,25.080000000000002,0.0,70.38,0.0,5.94,66.59384615384614,60568.58130177516
0.0,0.0,0.0,0.0,0.0,740.25,1.4000000000000001,0.0,96.60000000000001,17.85,0.0,0.0,25.700000000000003,0.0,70.94999999999999,0.0,5.85,67.83076923076922,62143.19289940829
0.0,0.0,0.0,0.0,0.0,752.4,1.4400000000000002,0.0,99.36000000000001,18.36,0.0,0.0,26.32,0.0,71.52,0.0,5.76,69.06769230769231,63717.80449704143
0.0,0.0,0.0,0.0,0.0,764.55,1.4800000000000002,0.0,102.12,18.869999999999997,0.0,0.0,26.94,0.0,72.09,0.0,5.67,70.30461538461539,65292.41609467456
0.0,0.0,0.0,0.0,0.0,776.7,1.52,0.0,104.88000000000001,19.38,0.0,0.0,27.560000000000002,0.0,72.66,0.0,5.58,71.54153846153847,66867.0276923077
0.0,0.0,0.0,0.0,0.0,788.85,1.56,0.0,107.64,19.89,0.0,0.0,28.18,0.0,73.22999999999999,0.0,5.49,72.77846153846154,68441.63928994084
0.0,0.0,0.0,0.0,0.0,801.0,1.6,0.0,110.4,20.4,0.0,0.0,28.8,0.0,73.8,0.0,5.4,74.01538461538462,70016.25088757397
0.0,0.0,0.0,0.0,0.0,813.15,1.6400000000000001,0.0,113.16000000000001,20.91,0.0,0.0,29.42,0.0,74.37,0.0,5.3100000000000005,75.2523076923077,71590.86248520711
0.0,0.0,0.0,0.0,0.0,825.3,1.6800000000000002,0.0,115.92,21.419999999999998,0.0,0.0,30.04,0.0,74.94,0.0,5.220000000000001,76.48923076923077,73165.47408284024
0.0,0.0,0.0,0.0,0.0,837.45,1.72,0.0,118.68,21.93,0.0,0.0,30.66,0.0,75.50999999999999,0.0,5.13,77.72615384615385,74740.08568047338
0.0,0.0,0.0,0.0,0.0,849.6,1.76,0.0,121.44,22.439999999999998,0.0,0.0,31.28,0.0,76.08,0.0,5.04,78.96307692307693,76314.69727810651
0.0,0.0,0.0,0.0,0.0,861.75,1.8,0.0,124.2,22.95,0.0,0.0,31.9,0.0,76.65,0.0,4.95,80.2,77889.30887573966
0.0,0.0,0.0,0.0,0.0,873.9,1.84,0.0,126.96000000000001,23.46,0.0,0.0,32.52,0.0,77.22,0.0,4.86,81.43692307692308,79463.9204733728
0.0,0.0,0.0,0.0,0.0,886.05,1.8800000000000001,0.0,129.72,23.97,0.0,0.0,33.14,0.0,77.78999999999999,0.0,4.7700000000000005,82.67384615384616,81038.53207100593
0.0,0.0,0.0,0.0,0.0,898.2,1.92,0.0,132.48,24.48,0.0,0.0,33.76,0.0,78.36,0.0,4.68,83.91076923076923,82613.14366863907
0.0,0.0,0.0,0.0,0.0,910.35,1.96,0.0,135.24,24.99,0.0,0.0,34.38,0.0,78.93,0.0,4.59,85.14769230769231,84187.7552662722
0.0,0.0,0.0,0.0,0.0,922.5,2.0,0.0,138.0,25.5,0.0,0.0,35.0,0.0,79.5,0.0,4.5,86.38461538461539,85762.36686390534
0.0,0.0,0.0,0.0,0.0,934.65,2.04,0.0,140.76,26.01,0.0,0.0,35.62,0.0,80.07,0.0,4.41,87.62153846153846,87336.97846153847
0.0,0.0,0.0,0.0,0.0,946.8,2.08,0.0,143.52,26.52,0.0,0.0,36.24,0.0,80.64,0.0,4.32,88.85846153846154,88911.5900591716
0.0,0.0,0.0,0.0,0.0,958.95,2.12,0.0,146.28,27.03,0.0,0.0,36.86,0.0,81.21000000000001,0.0,4.23,90.09538461538462,90486.20165680474
0.0,0.0,0.0,0.0,0.0,971.1,2.16,0.0,149.04000000000002,27.54,0.0,0.0,37.480000000000004,0.0,81.78,0.0,4.14,91.3323076923077,92060.81325443788
0.0,0.0,0.0,0.0,0.0,983.25,2.2,0.0,151.8,28.05,0.0,0.0,38.1,0.0,82.35,0.0,4.05,92.56923076923077,93635.42485207101
0.0,0.0,0.0,0.0,0.0,995.4,2.24,0.0,154.56,28.560000000000002,0.0,0.0,38.72,0.0,82.92,0.0,3.96,93.80615384615385,95210.03644970414
0.0,0.0,0.0,0.0,0.0,1007.55,2.2800000000000002,0.0,157.32000000000002,29.07,0.0,0.0,39.34,0.0,83.49000000000001,0.0,3.87,95.04307692307692,96784.6480473373
0.0,0.0,0.0,0.0,0.0,1019.7,2.3200000000000003,0.0,160.08,29.580000000000002,0.0,0.0,39.96,0.0,84.06,0.0,3.7800000000000002,96.28,98359.25964497043
0.0,0.0,0.0,0.0,0.0,1031.85,2.3600000000000003,0.0,162.84000000000003,30.09,0.0,0.0,40.580000000000005,0.0,84.63,0.0,3.69,97.51692307692308,99933.87124260356
0.0,0.0,0.0,0.0,0.0,1044.0,2.4000000000000004,0.0,165.60000000000002,30.6,0.0,0.0,41.2,0.0,85.2,0.0,3.6,98.75384615384615,101508.4828402367
0.0,0.0,0.0,0.0,0.0,1056.15,2.4400000000000004,0.0,168.36,31.110000000000003,0.0,0.0,41.82,0.0,85.77000000000001,0.0,3.5100000000000002,99.99076923076923,103083.09443786983
0.0,0.0,0.0,0.0,0.0,1068.3,2.4800000000000004,0.0,171.12,31.62,0.0,0.0,42.440000000000005,0.0,86.34,0.0,3.42,101.22769230769231,104657.70603550297
0.0,0.0,0.0,0.0,0.0,1080.45,2.5200000000000005,0.0,173.88000000000002,32.13,0.0,0.0,43.06,0.0,86.91,0.0,3.33,102.46461538461539,106232.3176331361
0.0,0.0,0.0,0.0,0.0,1092.6,2.5600000000000005,0.0,176.64000000000001,32.64,0.0,0.0,43.68,0.0,87.48,0.0,3.24,103.70153846153846,107806.92923076924
0.0,0.0,0.0,0.0,0.0,1104.75,2.6000000000000005,0.0,179.4,33.150000000000006,0.0,0.0,44.3,0.0,88.05000000000001,0.0,3.1500000000000004,104.93846153846154,109381.54082840239
0.0,0.0,0.0,0.0,0.0,1116.9,2.64,0.0,182.16,33.660000000000004,0.0,0.0,44.92,0.0,88.62,0.0,3.06,106.17538461538462,110956.15242603552
0.0,0.0,0.0,0.0,0.0,1129.05,2.68,0.0,184.92,34.17,0.0,0.0,45.54,0.0,89.19,0.0,2.97,107.41230769230769,112530.76402366866
0.0,0.0,0.0,0.0,0.0,1141.2,2.72,0.0,187.68,34.68,0.0,0.0,46.16,0.0,89.76,0.0,2.88,108.64923076923077,114105.37562130179
0.0,0.0,0.0,0.0,0.0,1153.35,2.7600000000000002,0.0,190.44,35.190000000000005,0.0,0.0,46.78,0.0,90.33000000000001,0.0,2.79,109.88615384615385,115679.98721893493
0.0,0.0,0.0,0.0,0.0,1165.5,2.8000000000000003,0.0,193.2,35.7,0.0,0.0,47.4,0.0,90.9,0.0,2.7,111.12307692307692,117254.59881656806
0.0,0.0,0.0,0.0,0.0,1177.65,2.8400000000000003,0.0,195.95999999999998,36.21,0.0,0.0,48.019999999999996,0.0,91.47,0.0,2.6100000000000003,112.36,118829.2104142012
0.0,0.0,0.0,0.0,0.0,1189.8,2.8800000000000003,0.0,198.72,36.72,0.0,0.0,48.64,0.0,92.04,0.0,2.52,113.59692307692308,120403.82201183433
0.0,0.0,0.0,0.0,0.0,1201.95,2.9200000000000004,0.0,201.48,37.230000000000004,0.0,0.0,49.26,0.0,92.61,0.0,2.43,114.83384615384615,121978.43360946747
0.0,0.0,0.0,0.0,0.0,1214.1,2.9600000000000004,0.0,204.24,37.74,0.0,0.0,49.88,0.0,93.18,0.0,2.34,116.07076923076923,123553.0452071006
0.0,0.0,0.0,0.0,0.0,1226.25,3.0,0.0,207.0,38.25,0.0,0.0,50.5,0.0,93.75,0.0,2.25,117.30769230769229,125127.65680473374
0.0,0.0,0.0,0.0,0.0,1238.4,3.04,0.0,209.76,38.76,0.0,0.0,51.12,0.0,94.32,0.0,2.16,118.54461538461537,126702.26840236687
0.0,0.0,0.0,0.0,0.0,1250.55,3.08,0.0,212.52,39.269999999999996,0.0,0.0,51.74,0.0,94.89,0.0,2.07,119.78153846153845,128276.88
0.0,0.0,0.0,0.0,0.0,1262.7,3.12,0.0,215.28,39.78,0.0,0.0,52.36,0.0,95.46,0.0,1.98,121.01846153846152,129851.49159763314
0.0,0.0,0.0,0.0,0.0,1274.85,3.16,0.0,218.04000000000002,40.29,0.0,0.0,52.980000000000004,0.0,96.03,0.0,1.8899999999999997,122.2553846153846,131426.10319526627
0.0,0.0,0.0,0.0,0.0,1287.0,3.2,0.0,220.8,40.8,0.0,0.0,53.6,0.0,96.6,0.0,1.7999999999999998,123.49230769230768,133000.7147928994
0.0,0.0,0.0,0.0,0.0,1299.15,3.24,0.0,223.56,41.309999999999995,0.0,0.0,54.22,0.0,97.16999999999999,0.0,1.71,124.72923076923075,134575.32639053254
0.0,0.0,0.0,0.0,0.0,1311.3,3.2800000000000002,0.0,226.32000000000002,41.82,0.0,0.0,54.84,0.0,97.74,0.0,1.6199999999999999,125.96615384615383,136149.93798816568
0.0,0.0,0.0,0.0,0.0,1323.45,3.3200000000000003,0.0,229.08,42.33,0.0,0.0,55.46,0.0,98.31,0.0,1.53,127.2030769230769,137724.5495857988
0.0,0.0,0.0,0.0,0.0,1335.6,3.3600000000000003,0.0,231.84,42.839999999999996,0.0,0.0,56.08,0.0,98.88,0.0,1.44,128.44,139299.16118343195
0.0,0.0,0.0,0.0,0.0,1347.75,3.4000000000000004,0.0,234.60000000000002,43.349999999999994,0.0,0.0,56.7,0.0,99.44999999999999,0.0,1.35,129.67692307692306,140873.77278106508
0.0,0.0,0.0,0.0,0.0,1359.9,3.44,0.0,237.36,43.86,0.0,0.0,57.32,0.0,100.02,0.0,1.2600000000000002,130.91384615384615,142448.38437869822
0.0,0.0,0.0,0.0,0.0,1372.05,3.48,0.0,240.12,44.37,0.0,0.0,57.94,0.0,100.59,0.0,1.1700000000000004,132.1507692307692,144022.99597633135
0.0,0.0,0.0,0.0,0.0,1384.2,3.52,0.0,242.88,44.879999999999995,0.0,0.0,58.559999999999995,0.0,101.16,0.0,1.0800000000000003,133.3876923076923,145597.6075739645
0.0,0.0,0.0,0.0,0.0,1396.35,3.56,0.0,245.64000000000001,45.39,0.0,0.0,59.18,0.0,101.72999999999999,0.0,0.9900000000000003,134.62461538461537,147172.21917159762
0.0,0.0,0.0,0.0,0.0,1408.5,3.6,0.0,248.4,45.9,0.0,0.0,59.8,0.0,102.3,0.0,0.9000000000000004,135.86153846153846,148746.83076923076
0.0,0.0,0.0,0.0,0.0,1420.65,3.64,0.0,251.16,46.41,0.0,0.0,60.419999999999995,0.0,102.87,0.0,0.8100000000000003,137.09846153846155,150321.4423668639
0.0,0.0,0.0,0.0,0.0,1432.8,3.68,0.0,253.92000000000002,46.92,0.0,0.0,61.04,0.0,103.44,0.0,0.7200000000000003,138.3353846153846,151896.05396449703
0.0,0.0,0.0,0.0,0.0,1444.95,3.72,0.0,256.68,47.43,0.0,0.0,61.66,0.0,104.00999999999999,0.0,0.6300000000000002,139.57230769230767,153470.66556213016
0.0,0.0,0.0,0.0,0.0,1457.1,3.7600000000000002,0.0,259.44,47.94,0.0,0.0,62.28,0.0,104.58,0.0,0.5400000000000003,140.80923076923077,155045.2771597633
0.0,0.0,0.0,0.0,0.0,1469.25,3.8,0.0,262.2,48.45,0.0,0.0,62.9,0.0,105.15,0.0,0.4500000000000002,142.04615384615386,156619.88875739643
0.0,0.0,0.0,0.0,0.0,1481.4,3.84,0.0,264.96,48.96,0.0,0.0,63.519999999999996,0.0,105.72,0.0,0.3600000000000001,143.28307692307692,158194.5003550296
0.0,0.0,0.0,0.0,0.0,1493.55,3.88,0.0,267.72,49.47,0.0,0.0,64.14,0.0,106.28999999999999,0.0,0.27000000000000013,144.51999999999998,159769.11195266273
0.0,0.0,0.0,0.0,0.0,1505.7,3.92,0.0,270.48,49.98,0.0,0.0,64.76,0.0,106.86,0.0,0.18000000000000005,145.75692307692307,161343.72355029586
0.0,0.0,0.0,0.0,0.0,1517.85,3.96,0.0,273.24,50.49,0.0,0.0,65.38,0.0,107.43,0.0,0.08999999999999997,146.99384615384616,162918.335147929
0.0,0.0,0.0,0.0,0.0,1530.0,4.0,0.0,276.0,51.0,0.0,0.0,66.0,0.0,108.0,0.0,0.0,148.23076923076923,164492.94674556213
0.0,0.09,0.09,0.0,0.0,1525.08,4.05,0.04,276.0,51.0,0.9099999999999999,0.6599999999999999,66.0,0.0,107.91,0.0,0.21000000000000002,147.99384615384616,163595.5905325444
0.0,0.18,0.18,0.0,0.0,1520.16,4.1,0.08,276.0,51.0,1.8199999999999998,1.3199999999999998,66.0,0.0,107.82,0.0,0.42000000000000004,147.75692307692307,162698.23431952664
0.0,0.27,0.27,0.0,0.0,1515.24,4.15,0.12,276.0,51.0,2.7299999999999995,1.9799999999999998,66.0,0.0,107.73,0.0,0.6300000000000001,147.51999999999998,161800.87810650887
0.0,0.36,0.36,0.0,0.0,1510.32,4.2,0.16,276.0,51.0,3.6399999999999997,2.6399999999999997,66.0,0.0,107.64,0.0,0.8400000000000001,147.28307692307692,160903.52189349112
0.0,0.44999999999999996,0.44999999999999996,0.0,0.0,1505.4,4.25,0.2,276.0,51.0,4.55,3.3,66.0,0.0,107.55,0.0,1.05,147.04615384615386,160006.16568047338
0.0,0.54,0.54,0.0,0.0,1500.48,4.3,0.24,276.0,51.0,5.459999999999999,3.9599999999999995,66.0,0.0,107.46,0.0,1.2600000000000002,146.80923076923077,159108.80946745563
0.0,0.63,0.63,0.0,0.0,1495.56,4.35,0.28,276.0,51.0,6.369999999999999,4.619999999999999,66.0,0.0,107.36999999999999,0.0,1.4700000000000002,146.57230769230767,158211.4532544379
0.0,0.72,0.72,0.0,0.0,1490.6399999999999,4.4,0.32,276.0,51.0,7.279999999999999,5.279999999999999,66.0,0.0,107.28,0.0,1.6800000000000002,146.3353846153846,157314.09704142011
0.0,0.8099999999999999,0.8099999999999999,0.0,0.0,1485.72,4.45,0.36,276.0,51.0,8.19,5.9399999999999995,66.0,0.0,107.19,0.0,1.8900000000000001,146.09846153846155,156416.74082840237
0.0,0.9,0.9,0.0,0.0,1480.8,4.5,0.4,276.0,51.0,9.1,6.6,66.0,0.0,107.1,0.0,2.1,145.86153846153846,155519.38461538462
0.0,0.99,0.99,0.0,0.0,1475.8799999999999,4.55,0.44,276.0,51.0,10.01,7.26,66.0,0.0,107.00999999999999,0.0,2.31,145.62461538461537,154622.02840236688
0.0,1.08,1.08,0.0,0.0,1470.96,4.6,0.48000000000000004,276.0,51.0,10.92,7.92,66.0,0.0,106.92,0.0,2.52,145.3876923076923,153724.67218934913
0.0,1.17,1.17,0.0,0.0,1466.04,4.65,0.52,276.0,51.0,11.829999999999998,8.58,66.0,0.0,106.83,0.0,2.7300000000000004,145.15076923076924,152827.31597633136
0.0,1.26,1.26,0.0,0.0,1461.12,4.7,0.56,276.0,51.0,12.739999999999998,9.239999999999998,66.0,0.0,106.74,0.0,2.9400000000000004,144.91384615384615,151929.9597633136
0.0,1.35,1.35,0.0,0.0,1456.1999999999998,4.75,0.6000000000000001,276.0,51.0,13.649999999999999,9.899999999999999,66.0,0.0,106.65,0.0,3.1500000000000004,144.67692307692306,151032.60355029587
0.0,1.44,1.44,0.0,0.0,1451.28,4.8,0.64,276.0,51.0,14.559999999999999,10.559999999999999,66.0,0.0,106.56,0.0,3.3600000000000003,144.44,150135.24733727812
0.0,1.53,1.53,0.0,0.0,1446.36,4.85,0.68,276.0,51.0,15.469999999999999,11.219999999999999,66.0,0.0,106.47,0.0,3.5700000000000003,144.20307692307694,149237.89112426038
0.0,1.62,1.62,0.0,0.0,1441.4399999999998,4.9,0.72,276.0,51.0,16.38,11.879999999999999,66.0,0.0,106.38,0.0,3.7800000000000002,143.96615384615384,148340.5349112426
0.0,1.71,1.71,0.0,0.0,1436.52,4.95,0.76,276.0,51.0,17.29,12.54,66.0,0.0,106.29,0.0,3.99,143.72923076923075,147443.17869822486
0.0,1.8,1.8,0.0,0.0,1431.6,5.0,0.8,276.0,51.0,18.2,13.2,66.0,0.0,106.2,0.0,4.2,143.4923076923077,146545.8224852071
0.0,1.8900000000000001,1.8900000000000001,0.0,0.0,1426.6799999999998,5.05,0.8400000000000001,276.0,51.0,19.11,13.86,66.0,0.0,106.11,0.0,4.41,143.25538461538463,145648.46627218937
0.0,1.98,1.98,0.0,0.0,1421.76,5.1,0.8800000000000001,276.0,51.0,20.02,14.52,66.0,0.0,106.02,0.0,4.62,143.01846153846154,144751.11005917162
0.0,2.0700000000000003,2.0700000000000003,0.0,0.0,1416.84,5.15,0.9200000000000002,276.0,51.0,20.93,15.18,66.0,0.0,105.93,0.0,4.83,142.78153846153845,143853.75384615385
0.0,2.16,2.16,0.0,0.0,1411.92,5.2,0.9600000000000001,276.0,51.0,21.84,15.84,66.0,0.0,105.84,0.0,5.04,142.54461538461538,142956.3976331361
0.0,2.25,2.25,0.0,0.0,1407.0,5.25,1.0,276.0,51.0,22.75,16.5,66.0,0.0,105.75,0.0,5.25,142.30769230769232,142059.04142011836
0.0,2.34,2.34,0.0,0.0,1402.08,5.3,1.04,276.0,51.0,23.66,17.16,66.0,0.0,105.66,0.0,5.460000000000001,142.07076923076923,141161.6852071006
0.0,2.43,2.43,0.0,0.0,1397.16,5.35,1.08,276.0,51.0,24.57,17.82,66.0,0.0,105.57,0.0,5.670000000000001,141.83384615384614,140264.32899408287
0.0,2.52,2.52,0.0,0.0,1392.24,5.4,1.12,276.0,51.0,25.48,18.48,66.0,0.0,105.48,0.0,5.880000000000001,141.59692307692308,139366.9727810651
0.0,2.6100000000000003,2.6100000000000003,0.0,0.0,1387.3200000000002,5.45,1.1600000000000001,276.0,51.0,26.39,19.14,66.0,0.0,105.39,0.0,6.090000000000001,141.36,138469.61656804735
0.0,2.7,2.7,0.0,0.0,1382.4,5.5,1.2000000000000002,276.0,51.0,27.3,19.8,66.0,0.0,105.3,0.0,6.300000000000001,141.12307692307692,137572.2603550296
0.0,2.79,2.79,0.0,0.0,1377.48,5.55,1.2400000000000002,276.0,51.0,28.21,20.46,66.0,0.0,105.21,0.0,6.510000000000001,140.88615384615383,136674.90414201186
0.0,2.8800000000000003,2.8800000000000003,0.0,0.0,1372.5600000000002,5.6,1.2800000000000002,276.0,51.0,29.12,21.12,66.0,0.0,105.12,0.0,6.720000000000001,140.64923076923077,135777.5479289941
0.0,2.97,2.97,0.0,0.0,1367.64,5.65,1.32,276.0,51.0,30.03,21.78,66.0,0.0,105.03,0.0,6.930000000000001,140.4123076923077,134880.19171597634
0.0,3.06,3.06,0.0,0.0,1362.72,5.7,1.36,276.0,51.0,30.94,22.44,66.0,0.0,104.94,0.0,7.140000000000001,140.17538461538462,133982.8355029586
0.0,3.1500000000000004,3.1500000000000004,0.0,0.0,1357.8000000000002,5.75,1.4000000000000001,276.0,51.0,31.85,23.1,66.0,0.0,104.85,0.0,7.3500000000000005,139.93846153846152,133085.47928994085
0.0,3.24,3.24,0.0,0.0,1352.88,5.8,1.4400000000000002,276.0,51.0,32.76,23.759999999999998,66.0,0.0,104.76,0.0,7.5600000000000005,139.70153846153846,132188.12307692308
0.0,3.33,3.33,0.0,0.0,1347.96,5.85,1.4800000000000002,276.0,51.0,33.67,24.419999999999998,66.0,0.0,104.67,0.0,7.7700000000000005,139.4646153846154,131290.76686390533
0.0,3.42,3.42,0.0,0.0,1343.04,5.9,1.52,276.0,51.0,34.58,25.08,66.0,0.0,104.58,0.0,7.98,139.2276923076923,130393.41065088758
0.0,3.5100000000000002,3.5100000000000002,0.0,0.0,1338.1200000000001,5.95,1.56,276.0,51.0,35.489999999999995,25.74,66.0,0.0,104.49000000000001,0.0,8.190000000000001,138.99076923076922,129496.05443786984
0.0,3.6,3.6,0.0,0.0,1333.2,6.0,1.6,276.0,51.0,36.4,26.4,66.0,0.0,104.4,0.0,8.4,138.75384615384615,128598.69822485208
0.0,3.69,3.69,0.0,0.0,1328.28,6.05,1.6400000000000001,276.0,51.0,37.31,27.06,66.0,0.0,104.31,0.0,8.61,138.5169230769231,127701.34201183432
0.0,3.7800000000000002,3.7800000000000002,0.0,0.0,1323.3600000000001,6.1,1.6800000000000002,276.0,51.0,38.22,27.72,66.0,0.0,104.22,0.0,8.82,138.28,126803.98579881657
0.0,3.87,3.87,0.0,0.0,1318.44,6.15,1.72,276.0,51.0,39.129999999999995,28.38,66.0,0.0,104.13000000000001,0.0,9.030000000000001,138.0430769230769,125906.62958579883
0.0,3.96,3.96,0.0,0.0,1313.52,6.2,1.76,276.0,51.0,40.04,29.04,66.0,0.0,104.04,0.0,9.24,137.80615384615385,125009.27337278107
0.0,4.05,4.05,0.0,0.0,1308.6,6.25,1.8,276.0,51.0,40.95,29.7,66.0,0.0,103.95,0.0,9.45,137.56923076923078,124111.91715976331
0.0,4.140000000000001,4.140000000000001,0.0,0.0,1303.68,6.3,1.84,276.0,51.0,41.86,30.36,66.0,0.0,103.86,0.0,9.66,137.3323076923077,123214.56094674557
0.0,4.23,4.23,0.0,0.0,1298.76,6.35,1.8800000000000001,276.0,51.0,42.769999999999996,31.02,66.0,0.0,103.77,0.0,9.870000000000001,137.0953846153846,122317.20473372782
0.0,4.32,4.32,0.0,0.0,1293.84,6.4,1.92,276.0,51.0,43.68,31.68,66.0,0.0,103.68,0.0,10.08,136.85846153846154,121419.84852071006
0.0,4.41,4.41,0.0,0.0,1288.92,6.45,1.96,276.0,51.0,44.59,32.34,66.0,0.0,103.59,0.0,10.29,136.62153846153848,120522.4923076923
0.0,4.5,4.5,0.0,0.0,1284.0,6.5,2.0,276.0,51.0,45.5,33.0,66.0,0.0,103.5,0.0,10.5,136.3846153846154,119625.13609467456
0.0,4.59,4.59,0.0,0.0,1279.08,6.55,2.04,276.0,51.0,46.41,33.66,66.0,0.0,103.41,0.0,10.71,136.1476923076923,118727.77988165681
0.0,4.68,4.68,0.0,0.0,1274.16,6.6,2.08,276.0,51.0,47.32,34.32,66.0,0.0,103.32,0.0,10.92,135.91076923076923,117830.42366863905
0.0,4.7700000000000005,4.7700000000000005,0.0,0.0,1269.24,6.65,2.12,276.0,51.0,48.230000000000004,34.980000000000004,66.0,0.0,103.23,0.0,11.129999999999999,135.67384615384617,116933.0674556213
0.0,4.86,4.86,0.0,0.0,1264.32,6.7,2.16,276.0,51.0,49.14,35.64,66.0,0.0,103.14,0.0,11.34,135.43692307692308,116035.71124260355
0.0,4.95,4.95,0.0,0.0,1259.4,6.75,2.2,276.0,51.0,50.05,36.3,66.0,0.0,103.05,0.0,11.55,135.2,115138.3550295858
0.0,5.04,5.04,0.0,0.0,1254.48,6.8,2.24,276.0,51.0,50.96,36.96,66.0,0.0,102.96,0.0,11.76,134.96307692307693,114240.99881656806
0.0,5.13,5.13,0.0,0.0,1249.56,6.85,2.2800000000000002,276.0,51.0,51.870000000000005,37.620000000000005,66.0,0.0,102.86999999999999,0.0,11.969999999999999,134.72615384615386,113343.6426035503
0.0,5.220000000000001,5.220000000000001,0.0,0.0,1244.6399999999999,6.9,2.3200000000000003,276.0,51.0,52.78,38.28,66.0,0.0,102.78,0.0,12.18,134.48923076923077,112446.28639053255
0.0,5.3100000000000005,5.3100000000000005,0.0,0.0,1239.72,6.95,2.3600000000000003,276.0,51.0,53.69,38.94,66.0,0.0,102.69,0.0,12.39,134.25230769230768,111548.93017751479
0.0,5.4,5.4,0.0,0.0,1234.8,7.0,2.4000000000000004,276.0,51.0,54.6,39.6,66.0,0.0,102.6,0.0,12.6,134.01538461538462,110651.57396449705
0.0,5.49,5.49,0.0,0.0,1229.8799999999999,7.05,2.4400000000000004,276.0,51.0,55.510000000000005,40.260000000000005,66.0,0.0,102.50999999999999,0.0,12.809999999999999,133.77846153846156,109754.2177514793
0.0,5.58,5.58,0.0,0.0,1224.96,7.1,2.4800000000000004,276.0,51.0,56.42,40.92,66.0,0.0,102.42,0.0,13.02,133.54153846153847,108856.86153846154
0.0,5.67,5.67,0.0,0.0,1220.04,7.15,2.5200000000000005,276.0,51.0,57.33,41.58,66.0,0.0,102.33,0.0,13.23,133.30461538461537,107959.5053254438
0.0,5.76,5.76,0.0,0.0,1215.12,7.2,2.5600000000000005,276.0,51.0,58.24,42.24,66.0,0.0,102.24,0.0,13.44,133.0676923076923,107062.14911242604
0.0,5.85,5.85,0.0,0.0,1210.1999999999998,7.25,2.6000000000000005,276.0,51.0,59.150000000000006,42.900000000000006,66.0,0.0,102.15,0.0,13.649999999999999,132.83076923076925,106164.79289940829
0.0,5.9399999999999995,5.9399999999999995,0.0,0.0,1205.28,7.3,2.64,276.0,51.0,60.06,43.56,66.0,0.0,102.06,0.0,13.86,132.59384615384616,105267.43668639055
0.0,6.03,6.03,0.0,0.0,1200.36,7.35,2.68,276.0,51.0,60.97,44.22,66.0,0.0,101.97,0.0,14.07,132.35692307692307,104370.08047337279
0.0,6.12,6.12,0.0,0.0,1195.4399999999998,7.4,2.72,276.0,51.0,61.88,44.88,66.0,0.0,101.88,0.0,14.28,132.12,103472.72426035504
0.0,6.21,6.21,0.0,0.0,1190.52,7.45,2.7600000000000002,276.0,51.0,62.790000000000006,45.540000000000006,66.0,0.0,101.79,0.0,14.489999999999998,131.88307692307694,102575.36804733728
0.0,6.3,6.3,0.0,0.0,1185.6,7.5,2.8000000000000003,276.0,51.0,63.7,46.2,66.0,0.0,101.7,0.0,14.7,131.64615384615385,101678.01183431954
0.0,6.39,6.39,0.0,0.0,1180.6799999999998,7.55,2.8400000000000003,276.0,51.0,64.61,46.86,66.0,0.0,101.61,0.0,14.91,131.40923076923076,100780.65562130179
0.0,6.4799999999999995,6.4799999999999995,0.0,0.0,1175.76,7.6,2.8800000000000003,276.0,51.0,65.52,47.52,66.0,0.0,101.52,0.0,15.12,131.1723076923077,99883.29940828403
0.0,6.57,6.57,0.0,0.0,1170.84,7.65,2.9200000000000004,276.0,51.0,66.43,48.18,66.0,0.0,101.43,0.0,15.33,130.93538461538463,98985.94319526629
0.0,6.66,6.66,0.0,0.0,1165.92,7.7,2.9600000000000004,276.0,51.0,67.34,48.84,66.0,0.0,101.34,0.0,15.54,130.69846153846154,98088.58698224854
0.0,6.75,6.75,0.0,0.0,1161.0,7.75,3.0,276.0,51.0,68.25,49.5,66.0,0.0,101.25,0.0,15.75,130.46153846153845,97191.23076923078
0.0,6.84,6.84,0.0,0.0,1156.08,7.8,3.04,276.0,51.0,69.16,50.16,66.0,0.0,101.16,0.0,15.96,130.2246153846154,96293.87455621304
0.0,6.93,6.93,0.0,0.0,1151.16,7.85,3.08,276.0,51.0,70.07,50.82,66.0,0.0,101.07,0.0,16.17,129.98769230769233,95396.51834319529
0.0,7.0200000000000005,7.0200000000000005,0.0,0.0,1146.24,7.9,3.12,276.0,51.0,70.98,51.48,66.0,0.0,100.98,0.0,16.38,129.75076923076924,94499.16213017754
0.0,7.11,7.11,0.0,0.0,1141.3200000000002,7.95,3.16,276.0,51.0,71.89,52.14,66.0,0.0,100.89,0.0,16.59,129.51384615384615,93601.80591715979
0.0,7.2,7.2,0.0,0.0,1136.4,8.0,3.2,276.0,51.0,72.8,52.8,66.0,0.0,100.8,0.0,16.8,129.27692307692308,92704.44970414204
0.0,7.29,7.29,0.0,0.0,1131.48,8.05,3.24,276.0,51.0,73.71,53.459999999999994,66.0,0.0,100.71,0.0,17.01,129.04,91807.09349112428
0.0,7.38,7.38,0.0,0.0,1126.5600000000002,8.1,3.2800000000000002,276.0,51.0,74.61999999999999,54.12,66.0,0.0,100.62,0.0,17.22,128.80307692307693,90909.73727810654
0.0,7.47,7.47,0.0,0.0,1121.64,8.15,3.3200000000000003,276.0,51.0,75.53,54.78,66.0,0.0,100.53,0.0,17.43,128.56615384615384,90012.38106508879
0.0,7.56,7.56,0.0,0.0,1116.72,8.2,3.3600000000000003,276.0,51.0,76.44,55.44,66.0,0.0,100.44,0.0,17.64,128.32923076923078,89115.02485207103
0.0,7.65,7.65,0.0,0.0,1111.8000000000002,8.25,3.4000000000000004,276.0,51.0,77.35,56.099999999999994,66.0,0.0,100.35,0.0,17.85,128.09230769230768,88217.66863905327
0.0,7.74,7.74,0.0,0.0,1106.88,8.3,3.44,276.0,51.0,78.25999999999999,56.76,66.0,0.0,100.26,0.0,18.06,127.85538461538461,87320.31242603553
0.0,7.83,7.83,0.0,0.0,1101.96,8.35,3.48,276.0,51.0,79.16999999999999,57.42,66.0,0.0,100.17,0.0,18.27,127.61846153846153,86422.95621301778
0.0,7.92,7.92,0.0,0.0,1097.04,8.4,3.52,276.0,51.0,80.08,58.08,66.0,0.0,100.08,0.0,18.48,127.38153846153845,85525.60000000002
0.0,8.01,8.01,0.0,0.0,1092.1200000000001,8.45,3.56,276.0,51.0,80.99,58.739999999999995,66.0,0.0,99.99000000000001,0.0,18.689999999999998,127.14461538461538,84628.24378698226
0.0,8.1,8.1,0.0,0.0,1087.2,8.5,3.6,276.0,51.0,81.89999999999999,59.4,66.0,0.0,99.9,0.0,18.9,126.9076923076923,83730.88757396452
0.0,8.19,8.19,0.0,0.0,1082.28,8.55,3.64,276.0,51.0,82.80999999999999,60.06,66.0,0.0,99.81,0.0,19.11,126.67076923076922,82833.53136094677
0.0,8.28,8.28,0.0,0.0,1077.3600000000001,8.6,3.68,276.0,51.0,83.72,60.72,66.0,0.0,99.72,0.0,19.32,126.43384615384615,81936.17514792901
0.0,8.37,8.37,0.0,0.0,1072.44,8.65,3.72,276.0,51.0,84.63,61.379999999999995,66.0,0.0,99.63000000000001,0.0,19.529999999999998,126.19692307692307,81038.81893491125
0.0,8.459999999999999,8.459999999999999,0.0,0.0,1067.52,8.7,3.7600000000000002,276.0,51.0,85.53999999999999,62.04,66.0,0.0,99.54,0.0,19.74,125.96,80141.4627218935
0.0,8.55,8.55,0.0,0.0,1062.6,8.75,3.8,276.0,51.0,86.44999999999999,62.7,66.0,0.0,99.45,0.0,19.95,125.72307692307692,79244.10650887576
0.0,8.64,8.64,0.0,0.0,1057.68,8.8,3.84,276.0,51.0,87.36,63.36,66.0,0.0,99.36,0.0,20.16,125.48615384615383,78346.750295858
0.0,8.73,8.73,0.0,0.0,1052.76,8.85,3.88,276.0,51.0,88.27,64.02,66.0,0.0,99.27,0.0,20.37,125.24923076923075,77449.39408284024
0.0,8.82,8.82,0.0,0.0,1047.84,8.9,3.92,276.0,51.0,89.17999999999999,64.68,66.0,0.0,99.18,0.0,20.58,125.01230769230767,76552.0378698225
0.0,8.91,8.91,0.0,0.0,1042.92,8.95,3.96,276.0,51.0,90.09,65.34,66.0,0.0,99.09,0.0,20.79,124.7753846153846,75654.68165680475
0.0,9.0,9.0,0.0,0.0,1038.0,9.0,4.0,276.0,51.0,91.0,66.0,66.0,0.0,99.0,0.0,21.0,124.53846153846152,74757.32544378699
0.09,9.0,10.29,0.75,0.0,1047.84,8.91,4.56,278.55,52.68,90.09,66.93,65.98,0.0,98.31,1.17,22.26,125.82076923076922,76814.07088757397
0.18,9.0,11.58,1.5,0.0,1057.68,8.82,5.12,281.1,54.36,89.18,67.86,65.96,0.0,97.62,2.34,23.52,127.10307692307691,78870.81633136095
0.27,9.0,12.87,2.25,0.0,1067.52,8.73,5.68,283.65,56.04,88.27,68.78999999999999,65.94,0.0,96.92999999999999,3.51,24.78,128.3853846153846,80927.56177514793
0.36,9.0,14.16,3.0,0.0,1077.3600000000001,8.64,6.24,286.2,57.72,87.36,69.72,65.92,0.0,96.24,4.68,26.04,129.6676923076923,82984.30721893492
0.44999999999999996,9.0,15.45,3.75,0.0,1087.2,8.55,6.8,288.75,59.4,86.45,70.65,65.9,0.0,95.55,5.85,27.3,130.95,85041.0526627219
0.54,9.0,16.74,4.5,0.0,1097.04,8.459999999999999,7.359999999999999,291.3,61.08,85.54,71.58,65.88,0.0,94.86,7.02,28.560000000000002,132.23230769230767,87097.79810650888
0.63,9.0,18.03,5.25,0.0,1106.88,8.37,7.92,293.85,62.76,84.63000000000001,72.50999999999999,65.86,0.0,94.17,8.19,29.82,133.51461538461538,89154.54355029586
0.72,9.0,19.32,6.0,0.0,1116.72,8.28,8.48,296.4,64.44,83.72,73.44,65.84,0.0,93.47999999999999,9.36,31.080000000000002,134.79692307692306,91211.28899408283
0.8099999999999999,9.0,20.61,6.75,0.0,1126.5600000000002,8.19,9.04,298.95,66.12,82.81,74.37,65.82,0.0,92.78999999999999,10.53,32.34,136.07923076923078,93268.03443786982
0.9,9.0,21.9,7.5,0.0,1136.4,8.1,9.6,301.5,67.8,81.9,75.3,65.8,0.0,92.1,11.7,33.6,137.36153846153846,95324.7798816568
0.99,9.0,23.189999999999998,8.25,0.0,1146.24,8.01,10.16,304.05,69.47999999999999,80.99000000000001,76.22999999999999,65.78,0.0,91.41,12.87,34.86,138.64384615384614,97381.52532544378
1.08,9.0,24.479999999999997,9.0,0.0,1156.0800000000002,7.92,10.719999999999999,306.6,71.16,80.08,77.16,65.75999999999999,0.0,90.72,14.04,36.120000000000005,139.92615384615385,99438.27076923076
1.17,9.0,25.769999999999996,9.75,0.0,1165.92,7.83,11.28,309.15,72.84,79.17,78.09,65.74,0.0,90.03,15.209999999999999,37.38,141.20846153846153,101495.01621301775
1.26,9.0,27.06,10.5,0.0,1175.76,7.74,11.84,311.7,74.52,78.26,79.02,65.72,0.0,89.34,16.38,38.64,142.49076923076922,103551.76165680474
1.35,9.0,28.349999999999998,11.25,0.0,1185.6,7.65,12.399999999999999,314.25,76.19999999999999,77.35,79.94999999999999,65.69999999999999,0.0,88.65,17.549999999999997,39.900000000000006,143.77307692307693,105608.50710059173
1.44,9.0,29.639999999999997,12.0,0.0,1195.44,7.5600000000000005,12.959999999999999,316.8,77.88,76.44,80.88,65.67999999999999,0.0,87.96,18.72,41.160000000000004,145.0553846153846,107665.2525443787
1.53,9.0,30.93,12.75,0.0,1205.28,7.47,13.52,319.35,79.56,75.53,81.81,65.66,0.0,87.27,19.89,42.42,146.3376923076923,109721.99798816569
1.62,9.0,32.22,13.5,0.0,1215.12,7.38,14.079999999999998,321.9,81.24,74.62,82.74,65.64,0.0,86.58,21.06,43.68000000000001,147.61999999999998,111778.74343195267
1.71,9.0,33.51,14.25,0.0,1224.96,7.29,14.639999999999999,324.45,82.91999999999999,73.71,83.66999999999999,65.61999999999999,0.0,85.89,22.229999999999997,44.940000000000005,148.9023076923077,113835.48887573965
1.8,9.0,34.8,15.0,0.0,1234.8,7.2,15.2,327.0,84.6,72.8,84.6,65.6,0.0,85.2,23.4,46.2,150.18461538461537,115892.23431952664
1.8900000000000001,9.0,36.089999999999996,15.75,0.0,1244.6399999999999,7.11,15.76,329.55,86.28,71.89,85.53,65.58,0.0,84.51,24.569999999999997,47.46,151.46692307692305,117948.97976331363
1.98,9.0,37.379999999999995,16.5,0.0,1254.48,7.0200000000000005,16.32,332.1,87.96,70.98,86.46,65.56,0.0,83.82000000000001,25.74,48.72,152.74923076923076,120005.72520710061
2.0700000000000003,9.0,38.67,17.25,0.0,1264.32,6.93,16.88,334.65,89.64,70.07,87.39,65.53999999999999,0.0,83.13,26.909999999999997,49.980000000000004,154.03153846153845,122062.4706508876
2.16,9.0,39.96,18.0,0.0,1274.16,6.84,17.44,337.2,91.32,69.16,88.32,65.52,0.0,82.44,28.08,51.24,155.31384615384616,124119.21609467457
2.25,9.0,41.25,18.75,0.0,1284.0,6.75,18.0,339.75,93.0,68.25,89.25,65.5,0.0,81.75,29.249999999999996,52.5,156.59615384615384,126175.96153846156
2.34,9.0,42.54,19.5,0.0,1293.84,6.66,18.560000000000002,342.3,94.68,67.34,90.18,65.48,0.0,81.06,30.419999999999995,53.76,157.87846153846152,128232.70698224855
2.43,9.0,43.83,20.25,0.0,1303.68,6.57,19.12,344.85,96.36,66.43,91.11,65.46000000000001,0.0,80.37,31.589999999999996,55.019999999999996,159.16076923076923,130289.45242603552
2.52,9.0,45.120000000000005,21.0,0.0,1313.52,6.4799999999999995,19.68,347.4,98.04,65.52,92.04,65.44,0.0,79.67999999999999,32.75999999999999,56.28,160.44307692307692,132346.1978698225
2.6100000000000003,9.0,46.410000000000004,21.75,0.0,1323.3600000000001,6.39,20.240000000000002,349.95,99.72,64.61,92.97,65.42,0.0,78.99,33.92999999999999,57.54,161.72538461538463,134402.9433136095
2.7,9.0,47.7,22.5,0.0,1333.2,6.3,20.8,352.5,101.4,63.7,93.9,65.4,0.0,78.3,35.099999999999994,58.8,163.0076923076923,136459.68875739648
2.79,9.0,48.99,23.25,0.0,1343.04,6.21,21.36,355.05,103.08000000000001,62.790000000000006,94.83000000000001,65.38000000000001,0.0,77.61,36.269999999999996,60.059999999999995,164.29,138516.43420118347
2.8800000000000003,9.0,50.28,24.0,0.0,1352.88,6.12,21.92,357.6,104.76,61.88,95.76,65.36,0.0,76.92,37.44,61.32,165.5723076923077,140573.17964497046
2.97,9.0,51.57,24.75,0.0,1362.72,6.03,22.48,360.15,106.44,60.97,96.69,65.34,0.0,76.23,38.60999999999999,62.58,166.85461538461539,142629.92508875742
3.06,9.0,52.86,25.5,0.0,1372.56,5.94,23.04,362.7,108.12,60.06,97.62,65.32000000000001,0.0,75.54,39.779999999999994,63.84,168.13692307692307,144686.6705325444
3.1500000000000004,9.0,54.150000000000006,26.25,0.0,1382.4,5.85,23.6,365.25,109.80000000000001,59.150000000000006,98.55000000000001,65.30000000000001,0.0,74.85,40.949999999999996,65.1,169.41923076923075,146743.4159763314
3.24,9.0,55.44,27.0,0.0,1392.24,5.76,24.16,367.8,111.48,58.24,99.48,65.28,0.0,74.16,42.12,66.36,170.70153846153846,148800.16142011838
3.33,9.0,56.730000000000004,27.75,0.0,1402.08,5.67,24.72,370.35,113.16,57.33,100.41,65.26,0.0,73.47,43.29,67.62,171.98384615384614,150856.90686390537
3.42,9.0,58.02,28.5,0.0,1411.9199999999998,5.58,25.28,372.9,114.84,56.42,101.34,65.24000000000001,0.0,72.78,44.459999999999994,68.88000000000001,173.26615384615383,152913.65230769233
3.5100000000000002,9.0,59.31,29.25,0.0,1421.76,5.49,25.84,375.45,116.52000000000001,55.510000000000005,102.27000000000001,65.22,0.0,72.09,45.629999999999995,70.14,174.54846153846154,154970.39775147932
3.6,9.0,60.6,30.0,0.0,1431.6,5.4,26.4,378.0,118.2,54.6,103.2,65.2,0.0,71.4,46.8,71.4,175.83076923076922,157027.1431952663
3.69,9.0,61.89,30.75,0.0,1441.4399999999998,5.3100000000000005,26.959999999999997,380.55,119.88,53.69,104.13,65.18,0.0,70.71000000000001,47.97,72.66000000000001,177.1130769230769,159083.8886390533
3.7800000000000002,9.0,63.18,31.5,0.0,1451.28,5.220000000000001,27.52,383.1,121.56,52.78,105.06,65.16,0.0,70.02000000000001,49.14,73.92,178.39538461538461,161140.6340828403
3.87,9.0,64.47,32.25,0.0,1461.12,5.13,28.08,385.65,123.24000000000001,51.870000000000005,105.99000000000001,65.14,0.0,69.33,50.309999999999995,75.18,179.6776923076923,163197.37952662728
3.96,9.0,65.76,33.0,0.0,1470.96,5.04,28.64,388.2,124.92,50.96,106.92,65.12,0.0,68.64,51.48,76.44,180.95999999999998,165254.12497041427
4.05,9.0,67.05,33.75,0.0,1480.8,4.95,29.2,390.75,126.6,50.05,107.85,65.1,0.0,67.95,52.65,77.7,182.2423076923077,167310.87041420123
4.140000000000001,9.0,68.34,34.5,0.0,1490.6399999999999,4.86,29.759999999999998,393.3,128.28,49.14,108.78,65.08,0.0,67.26,53.82,78.96000000000001,183.52461538461537,169367.61585798822
4.23,9.0,69.63,35.25,0.0,1500.48,4.7700000000000005,30.32,395.85,129.96,48.230000000000004,109.71000000000001,65.06,0.0,66.57000000000001,54.99,80.22,184.80692307692306,171424.3613017752
4.32,9.0,70.92,36.0,0.0,1510.32,4.68,30.88,398.4,131.64,47.32,110.64,65.04,0.0,65.88,56.16,81.48,186.08923076923074,173481.1067455622
4.41,9.0,72.21,36.75,0.0,1520.16,4.59,31.44,400.95,133.32,46.41,111.57,65.02,0.0,65.19,57.33,82.74,187.37153846153845,175537.85218934919
4.5,9.0,73.5,37.5,0.0,1530.0,4.5,32.0,403.5,135.0,45.5,112.5,65.0,0.0,64.5,58.5,84.0,188.65384615384613,177594.59763313617
4.59,9.0,74.79,38.25,0.0,1539.84,4.41,32.56,406.05,136.68,44.59,113.43,64.98,0.0,63.81,59.67,85.26,189.93615384615381,179651.34307692316
4.68,9.0,76.08,39.0,0.0,1549.68,4.32,33.12,408.6,138.36,43.68,114.36,64.96,0.0,63.12,60.839999999999996,86.52,191.21846153846153,181708.08852071012
4.7700000000000005,9.0,77.37,39.75,0.0,1559.52,4.23,33.68,411.15,140.04,42.77,115.28999999999999,64.94,0.0,62.43,62.01,87.78,192.5007692307692,183764.8339644971
4.86,9.0,78.66,40.5,0.0,1569.3600000000001,4.14,34.24,413.7,141.72,41.86,116.22,64.92,0.0,61.74,63.17999999999999,89.03999999999999,193.78307692307692,185821.57940828407
4.95,9.0,79.95,41.25,0.0,1579.2,4.05,34.8,416.25,143.4,40.95,117.15,64.9,0.0,61.05,64.35,90.3,195.0653846153846,187878.32485207106
5.04,9.0,81.24000000000001,42.0,0.0,1589.04,3.96,35.36,418.8,145.08,40.040000000000006,118.08,64.88,0.0,60.36,65.52,91.56,196.34769230769228,189935.07029585805
5.13,9.0,82.53,42.75,0.0,1598.88,3.87,35.92,421.35,146.76000000000002,39.13,119.00999999999999,64.86,0.0,59.67,66.69,92.82,197.63,191991.815739645
5.220000000000001,9.0,83.82000000000001,43.5,0.0,1608.72,3.7800000000000002,36.480000000000004,423.9,148.44,38.220000000000006,119.94,64.84,0.0,58.980000000000004,67.85999999999999,94.08,198.91230769230768,194048.561183432
5.3100000000000005,9.0,85.11,44.25,0.0,1618.5600000000002,3.69,37.04,426.45,150.12,37.31,120.87,64.82,0.0,58.29,69.02999999999999,95.33999999999999,200.1946153846154,196105.30662721896
5.4,9.0,86.4,45.0,0.0,1628.4,3.6,37.6,429.0,151.8,36.400000000000006,121.8,64.8,0.0,57.6,70.19999999999999,96.6,201.47692307692307,198162.05207100595
5.49,9.0,87.69,45.75,0.0,1638.24,3.5100000000000002,38.160000000000004,431.55,153.48000000000002,35.49000000000001,122.73,64.78,0.0,56.910000000000004,71.36999999999999,97.86,202.75923076923075,200218.79751479294
5.58,9.0,88.98,46.5,0.0,1648.0800000000002,3.42,38.72,434.1,155.16000000000003,34.580000000000005,123.66,64.75999999999999,0.0,56.22,72.53999999999999,99.11999999999999,204.04153846153847,202275.5429585799
5.67,9.0,90.27000000000001,47.25,0.0,1657.92,3.33,39.28,436.65,156.84,33.67,124.59,64.74,0.0,55.53,73.71,100.38,205.32384615384615,204332.2884023669
5.76,9.0,91.56,48.0,0.0,1667.7600000000002,3.24,39.84,439.2,158.52,32.760000000000005,125.52000000000001,64.72,0.0,54.84,74.88,101.64,206.60615384615386,206389.03384615385
5.85,9.0,92.85,48.75,0.0,1677.6000000000001,3.1500000000000004,40.400000000000006,441.75,160.20000000000002,31.850000000000005,126.45000000000002,64.69999999999999,0.0,54.150000000000006,76.04999999999998,102.9,207.88846153846154,208445.77928994084
5.9399999999999995,9.0,94.14,49.5,0.0,1687.44,3.06,40.96,444.3,161.88000000000002,30.940000000000005,127.38000000000001,64.67999999999999,0.0,53.46,77.21999999999998,104.16,209.17076923076922,210502.52473372783
6.03,9.0,95.43,50.25,0.0,1697.2800000000002,2.97,41.52,446.85,163.56000000000003,30.030000000000005,128.31,64.66,0.0,52.77,78.38999999999999,105.42,210.45307692307694,212559.2701775148
6.12,9.0,96.72,51.0,0.0,1707.1200000000001,2.88,42.080000000000005,449.4,165.24,29.120000000000005,129.24,64.64,0.0,52.080000000000005,79.55999999999999,106.68,211.73538461538462,214616.01562130178
6.21,9.0,98.00999999999999,51.75,0.0,1716.9600000000003,2.79,42.64,451.95,166.92000000000002,28.210000000000004,130.17000000000002,64.61999999999999,0.0,51.39,80.72999999999999,107.94,213.01769230769233,216672.76106508874
6.3,9.0,99.3,52.5,0.0,1726.8000000000002,2.7,43.2,454.5,168.60000000000002,27.300000000000004,131.10000000000002,64.6,0.0,50.7,81.89999999999999,109.2,214.3,218729.50650887573
6.39,9.0,100.59,53.25,0.0,1736.64,2.6100000000000003,43.760000000000005,457.05,170.28000000000003,26.390000000000004,132.03000000000003,64.58,0.0,50.010000000000005,83.07,110.46000000000001,215.5823076923077,220786.25195266271
6.4799999999999995,9.0,101.88,54.0,0.0,1746.4800000000002,2.52,44.32,459.6,171.96,25.480000000000004,132.96,64.56,0.0,49.32,84.24,111.72,216.86461538461538,222842.9973964497
6.57,9.0,103.17,54.75,0.0,1756.3200000000002,2.43,44.88,462.15,173.64000000000001,24.570000000000004,133.89000000000001,64.53999999999999,0.0,48.63,85.41,112.98,218.1469230769231,224899.7428402367
6.66,9.0,104.46,55.5,0.0,1766.16,2.34,45.44,464.7,175.32000000000002,23.660000000000004,134.82000000000002,64.52,0.0,47.94,86.58,114.24,219.42923076923077,226956.48828402368
6.75,9.0,105.75,56.25,0.0,1776.0,2.25,46.0,467.25,177.0,22.750000000000004,135.75,64.5,0.0,47.25,87.75,115.5,220.71153846153845,229013.23372781067
6.84,9.0,107.04,57.0,0.0,1785.8400000000001,2.16,46.56,469.8,178.68,21.840000000000003,136.68,64.48,0.0,46.56,88.91999999999999,116.76,221.99384615384614,231069.97917159763
6.93,9.0,108.33,57.75,0.0,1795.68,2.07,47.12,472.35,180.36,20.930000000000003,137.61,64.46000000000001,0.0,45.87,90.08999999999999,118.02,223.27615384615382,233126.72461538462
7.0200000000000005,9.0,109.62,58.5,0.0,1805.52,1.98,47.68,474.9,182.04000000000002,20.020000000000003,138.54000000000002,64.44,0.0,45.18,91.25999999999999,119.28,224.55846153846153,235183.4700591716
7.11,9.0,110.91,59.25,0.0,1815.3600000000001,1.8899999999999997,48.239999999999995,477.45,183.72,19.110000000000003,139.47,64.42,0.0,44.489999999999995,92.42999999999999,120.53999999999999,225.8407692307692,237240.2155029586
7.2,9.0,112.2,60.0,0.0,1825.2,1.7999999999999998,48.8,480.0,185.4,18.200000000000003,140.4,64.4,0.0,43.8,93.6,121.8,227.1230769230769,239296.9609467456
7.29,9.0,113.49000000000001,60.75,0.0,1835.04,1.71,49.36,482.55,187.08,17.290000000000003,141.33,64.38000000000001,0.0,43.11,94.77,123.06,228.40538461538458,241353.70639053258
7.38,9.0,114.78,61.5,0.0,1844.88,1.6199999999999999,49.919999999999995,485.1,188.76,16.380000000000003,142.26,64.36,0.0,42.419999999999995,95.94,124.32,229.6876923076923,243410.45183431957
7.47,9.0,116.07,62.25,0.0,1854.72,1.53,50.48,487.65,190.44,15.470000000000004,143.19,64.34,0.0,41.73,97.11,125.57999999999998,230.96999999999997,245467.19727810656
7.56,9.0,117.36,63.0,0.0,1864.56,1.44,51.04,490.2,192.12,14.560000000000006,144.12,64.32000000000001,0.0,41.04,98.28,126.83999999999999,232.25230769230768,247523.94272189355
7.65,9.0,118.65,63.75,0.0,1874.4,1.35,51.599999999999994,492.75,193.8,13.650000000000006,145.05,64.30000000000001,0.0,40.349999999999994,99.44999999999999,128.1,233.53461538461536,249580.6881656805
7.74,9.0,119.94,64.5,0.0,1884.24,1.2600000000000002,52.16,495.3,195.48,12.740000000000006,145.98,64.28,0.0,39.66,100.61999999999999,129.35999999999999,234.81692307692305,251637.4336094675
7.83,9.0,121.22999999999999,65.25,0.0,1894.08,1.1700000000000004,52.72,497.85,197.16,11.830000000000005,146.91,64.26,0.0,38.97,101.78999999999999,130.61999999999998,236.09923076923076,253694.17905325448
7.92,9.0,122.52,66.0,0.0,1903.9199999999998,1.0800000000000003,53.28,500.4,198.84,10.920000000000007,147.84,64.24000000000001,0.0,38.28,102.96,131.88,237.38153846153844,255750.92449704147
8.01,9.0,123.81,66.75,0.0,1913.76,0.9900000000000003,53.839999999999996,502.95,200.51999999999998,10.010000000000007,148.76999999999998,64.22,0.0,37.589999999999996,104.13,133.14,238.66384615384615,257807.66994082846
8.1,9.0,125.1,67.5,0.0,1923.6,0.9000000000000004,54.4,505.5,202.2,9.100000000000009,149.7,64.2,0.0,36.9,105.3,134.39999999999998,239.94615384615383,259864.41538461545
8.19,9.0,126.39,68.25,0.0,1933.4399999999998,0.8100000000000003,54.96,508.05,203.88,8.190000000000008,150.63,64.18,0.0,36.21,106.47,135.65999999999997,241.22846153846154,261921.16082840244
8.28,9.0,127.67999999999999,69.0,0.0,1943.28,0.7200000000000003,55.519999999999996,510.6,205.56,7.2800000000000065,151.56,64.16,0.0,35.519999999999996,107.64,136.92,242.51076923076923,263977.9062721894
8.37,9.0,128.97,69.75,0.0,1953.12,0.6300000000000002,56.08,513.15,207.23999999999998,6.370000000000006,152.48999999999998,64.14,0.0,34.83,108.81,138.17999999999998,243.7930769230769,266034.6517159764
8.459999999999999,9.0,130.26,70.5,0.0,1962.96,0.5400000000000003,56.64,515.7,208.92,5.460000000000005,153.42,64.12,0.0,34.14,109.98,139.44,245.07538461538462,268091.3971597634
8.55,9.0,131.55,71.25,0.0,1972.8,0.4500000000000002,57.2,518.25,210.6,4.550000000000004,154.35,64.1,0.0,33.45,111.15,140.7,246.35769230769233,270148.14260355034
8.64,9.0,132.84,72.0,0.0,1982.6399999999999,0.3600000000000001,57.76,520.8,212.28,3.640000000000004,155.28,64.08,0.0,32.76,112.32,141.95999999999998,247.64000000000001,272204.88804733736
8.73,9.0,134.13,72.75,0.0,1992.48,0.27000000000000013,58.32,523.35,213.96,2.730000000000003,156.21,64.06,0.0,32.07,113.49,143.22,248.9223076923077,274261.6334911243
8.82,9.0,135.42,73.5,0.0,2002.32,0.18000000000000005,58.88,525.9,215.64,1.820000000000002,157.14,64.04,0.0,31.38,114.66,144.48,250.2046153846154,276318.3789349113
8.91,9.0,136.71,74.25,0.0,2012.16,0.08999999999999997,59.44,528.45,217.32,0.9100000000000019,158.07,64.02,0.0,30.69,115.83,145.74,251.48692307692312,278375.1243786983
9.0,9.0,138.0,75.0,0.0,2022.0,0.0,60.0,531.0,219.0,0.0,159.0,64.0,0.0,30.0,117.0,147.0,252.7692307692308,280431.86982248526
9.21,9.27,139.62,75.39,0.0,2020.44,0.0,60.0,540.21,223.23,0.0,159.57,64.62,0.0,29.91,117.87,147.09,253.96615384615387,280989.312071006
9.42,9.54,141.24,75.78,0.0,2018.88,0.0,60.0,549.42,227.46,0.0,160.14,65.24,0.0,29.82,118.74,147.18,255.16307692307694,281546.75431952666
9.629999999999999,9.81,142.85999999999999,76.17,0.0,2017.32,0.0,60.0,558.63,231.69,0.0,160.71,65.86,0.0,29.73,119.61,147.27,256.36,282104.1965680474
9.84,10.08,144.48,76.56,0.0,2015.76,0.0,60.0,567.84,235.92000000000002,0.0,161.28,66.48,0.0,29.64,120.48,147.36,257.5569230769231,282661.63881656807
10.05,10.35,146.1,76.95,0.0,2014.2,0.0,60.0,577.05,240.15,0.0,161.85,67.1,0.0,29.55,121.35,147.45,258.75384615384615,283219.0810650888
10.26,10.62,147.72,77.34,0.0,2012.64,0.0,60.0,586.26,244.38,0.0,162.42,67.72,0.0,29.46,122.22,147.54,259.95076923076925,283776.52331360953
10.469999999999999,10.889999999999999,149.34,77.73,0.0,2011.0800000000002,0.0,60.0,595.47,248.61,0.0,162.98999999999998,68.34,0.0,29.37,123.09,147.63,261.1476923076923,284333.9655621302
10.68,11.16,150.95999999999998,78.12,0.0,2009.52,0.0,60.0,604.6800000000001,252.84,0.0,163.56,68.96000000000001,0.0,29.28,123.96000000000001,147.72,262.3446153846154,284891.40781065094
10.89,11.43,152.57999999999998,78.51,0.0,2007.96,0.0,60.0,613.89,257.07,0.0,164.13,69.58,0.0,29.19,124.83,147.81,263.54153846153844,285448.8500591716
11.1,11.7,154.2,78.9,0.0,2006.4,0.0,60.0,623.1,261.3,0.0,164.7,70.2,0.0,29.1,125.7,147.9,264.73846153846154,286006.29230769235
11.309999999999999,11.969999999999999,155.82,79.29,0.0,2004.8400000000001,0.0,60.0,632.3100000000001,265.53000000000003,0.0,165.26999999999998,70.82000000000001,0.0,29.01,126.57000000000001,147.99,265.93538461538463,286563.7345562131
11.52,12.24,157.44,79.68,0.0,2003.28,0.0,60.0,641.52,269.76,0.0,165.84,71.44,0.0,28.92,127.44,148.08,267.1323076923077,287121.17680473375
11.73,12.51,159.06,80.07000000000001,0.0,2001.72,0.0,60.0,650.73,273.99,0.0,166.41,72.06,0.0,28.830000000000002,128.31,148.17000000000002,268.3292307692308,287678.6190532545
11.94,12.78,160.68,80.46000000000001,0.0,2000.16,0.0,60.0,659.94,278.22,0.0,166.98,72.68,0.0,28.740000000000002,129.18,148.26000000000002,269.5261538461538,288236.06130177516
12.149999999999999,13.05,162.3,80.85,0.0,1998.6,0.0,60.0,669.1500000000001,282.45000000000005,0.0,167.55,73.30000000000001,0.0,28.65,130.05,148.35000000000002,270.7230769230769,288793.5035502959
12.36,13.32,163.92,81.24,0.0,1997.04,0.0,60.0,678.36,286.68,0.0,168.12,73.92,0.0,28.56,130.92000000000002,148.44,271.92,289350.9457988166
12.57,13.59,165.54,81.63,0.0,1995.48,0.0,60.0,687.57,290.91,0.0,168.69,74.54,0.0,28.47,131.79,148.53,273.11692307692306,289908.3880473373
12.78,13.86,167.16,82.02,0.0,1993.92,0.0,60.0,696.7800000000001,295.14000000000004,0.0,169.26,75.16000000000001,0.0,28.38,132.66,148.62,274.31384615384616,290465.83029585803
12.989999999999998,14.13,168.78,82.41,0.0,1992.36,0.0,60.0,705.99,299.37,0.0,169.83,75.78,0.0,28.29,133.53,148.71,275.5107692307692,291023.2725443787
13.2,14.4,170.4,82.8,0.0,1990.8,0.0,60.0,715.2,303.6,0.0,170.4,76.4,0.0,28.2,134.4,148.8,276.7076923076923,291580.71479289944
13.41,14.67,172.02,83.19,0.0,1989.24,0.0,60.0,724.4100000000001,307.83000000000004,0.0,170.97,77.02000000000001,0.0,28.11,135.27,148.89000000000001,277.9046153846154,292138.15704142017
13.62,14.940000000000001,173.64000000000001,83.58,0.0,1987.68,0.0,60.0,733.62,312.06,0.0,171.54,77.64,0.0,28.02,136.14000000000001,148.98000000000002,279.10153846153844,292695.59928994084
13.83,15.21,175.26,83.97,0.0,1986.12,0.0,60.0,742.83,316.29,0.0,172.11,78.26,0.0,27.93,137.01,149.07,280.29846153846154,293253.0415384616
14.04,15.48,176.88,84.36,0.0,1984.56,0.0,60.0,752.04,320.52,0.0,172.68,78.88,0.0,27.84,137.88,149.16,281.4953846153846,293810.48378698225
14.25,15.75,178.5,84.75,0.0,1983.0,0.0,60.0,761.25,324.75,0.0,173.25,79.5,0.0,27.75,138.75,149.25,282.6923076923077,294367.926035503
14.46,16.02,180.12,85.14,0.0,1981.44,0.0,60.0,770.46,328.98,0.0,173.82,80.12,0.0,27.66,139.62,149.34,283.8892307692308,294925.3682840237
14.67,16.290000000000003,181.74,85.53,0.0,1979.88,0.0,60.0,779.67,333.21,0.0,174.39,80.74,0.0,27.57,140.49,149.43,285.0861538461538,295482.8105325444
14.88,16.560000000000002,183.35999999999999,85.92,0.0,1978.32,0.0,60.0,788.88,337.44,0.0,174.96,81.36,0.0,27.48,141.35999999999999,149.51999999999998,286.2830769230769,296040.2527810651
15.09,16.830000000000002,184.98,86.31,0.0,1976.76,0.0,60.0,798.0899999999999,341.66999999999996,0.0,175.53,81.97999999999999,0.0,27.39,142.23,149.60999999999999,287.47999999999996,296597.6950295858
15.3,17.1,186.6,86.7,0.0,1975.2,0.0,60.0,807.3,345.9,0.0,176.1,82.6,0.0,27.3,143.1,149.7,288.67692307692306,297155.13727810653
15.51,17.37,188.22,87.09,0.0,1973.64,0.0,60.0,816.51,350.13,0.0,176.67,83.22,0.0,27.21,143.97,149.79,289.87384615384616,297712.57952662726
15.72,17.64,189.84,87.48,0.0,1972.08,0.0,60.0,825.7199999999999,354.35999999999996,0.0,177.24,83.83999999999999,0.0,27.12,144.84,149.88,291.0707692307692,298270.02177514794
15.93,17.91,191.46,87.87,0.0,1970.52,0.0,60.0,834.93,358.59,0.0,177.81,84.46,0.0,27.03,145.71,149.97,292.2676923076923,298827.46402366867
16.14,18.18,193.08,88.26,0.0,1968.96,0.0,60.0,844.14,362.82,0.0,178.38,85.08,0.0,26.94,146.58,150.06,293.46461538461534,299384.90627218934
16.35,18.450000000000003,194.7,88.65,0.0,1967.4,0.0,60.0,853.3499999999999,367.04999999999995,0.0,178.95,85.69999999999999,0.0,26.85,147.45,150.14999999999998,294.66153846153844,299942.3485207101
16.56,18.720000000000002,196.32,89.03999999999999,0.0,1965.84,0.0,60.0,862.56,371.28,0.0,179.52,86.32,0.0,26.759999999999998,148.32,150.23999999999998,295.85846153846154,300499.7907692308
16.77,18.990000000000002,197.94,89.42999999999999,0.0,1964.28,0.0,60.0,871.77,375.51,0.0,180.09,86.94,0.0,26.669999999999998,149.19,150.32999999999998,297.0553846153846,301057.2330177515
16.98,19.26,199.56,89.82,0.0,1962.72,0.0,60.0,880.98,379.74,0.0,180.66,87.56,0.0,26.58,150.06,150.42,298.2523076923077,301614.6752662722
17.189999999999998,19.53,201.18,90.21,0.0,1961.1599999999999,0.0,60.0,890.1899999999999,383.96999999999997,0.0,181.23000000000002,88.17999999999999,0.0,26.49,150.93,150.51,299.4492307692307,302172.1175147929
17.4,19.8,202.8,90.6,0.0,1959.6,0.0,60.0,899.4,388.2,0.0,181.8,88.8,0.0,26.4,151.8,150.6,300.6461538461538,302729.5597633136
17.61,20.07,204.42000000000002,90.99,0.0,1958.04,0.0,60.0,908.61,392.43,0.0,182.37,89.42,0.0,26.31,152.67000000000002,150.69,301.8430769230769,303287.00201183435
17.82,20.34,206.04000000000002,91.38,0.0,1956.48,0.0,60.0,917.8199999999999,396.65999999999997,0.0,182.94,90.03999999999999,0.0,26.22,153.54000000000002,150.78,303.03999999999996,303844.444260355
18.029999999999998,20.61,207.66,91.77,0.0,1954.9199999999998,0.0,60.0,927.03,400.89,0.0,183.51000000000002,90.66,0.0,26.13,154.41,150.87,304.23692307692306,304401.88650887576
18.24,20.88,209.28,92.16,0.0,1953.36,0.0,60.0,936.24,405.12,0.0,184.08,91.28,0.0,26.04,155.28,150.96,305.43384615384616,304959.32875739643
18.45,21.15,210.9,92.55,0.0,1951.8,0.0,60.0,945.45,409.35,0.0,184.65,91.9,0.0,25.95,156.15,151.05,306.63076923076926,305516.77100591717
18.66,21.42,212.52,92.94,0.0,1950.24,0.0,60.0,954.66,413.58,0.0,185.22,92.52,0.0,25.86,157.02,151.14,307.8276923076923,306074.2132544379
18.87,21.69,214.14000000000001,93.33,0.0,1948.68,0.0,60.0,963.87,417.81,0.0,185.79,93.14,0.0,25.77,157.89000000000001,151.23,309.0246153846154,306631.6555029586
19.08,21.96,215.76,93.72,0.0,1947.12,0.0,60.0,973.08,422.04,0.0,186.36,93.76,0.0,25.68,158.76,151.32,310.2215384615385,307189.0977514793
19.29,22.23,217.38,94.11,0.0,1945.56,0.0,60.0,982.29,426.27,0.0,186.93,94.38,0.0,25.59,159.63,151.41,311.41846153846154,307746.54
19.5,22.5,219.0,94.5,0.0,1944.0,0.0,60.0,991.5,430.5,0.0,187.5,95.0,0.0,25.5,160.5,151.5,312.61538461538464,308303.9822485207
19.71,22.77,220.62,94.89,0.0,1942.44,0.0,60.0,1000.71,434.73,0.0,188.07,95.62,0.0,25.41,161.37,151.59,313.81230769230774,308861.42449704144
19.92,23.04,222.24,95.28,0.0,1940.88,0.0,60.0,1009.92,438.96,0.0,188.64,96.24,0.0,25.32,162.24,151.68,315.0092307692308,309418.8667455621
20.13,23.310000000000002,223.85999999999999,95.67,0.0,1939.32,0.0,60.0,1019.13,443.19,0.0,189.21,96.86,0.0,25.23,163.10999999999999,151.77,316.2061538461539,309976.30899408285
20.34,23.580000000000002,225.48,96.06,0.0,1937.76,0.0,60.0,1028.34,447.42,0.0,189.78,97.48,0.0,25.14,163.98,151.86,317.4030769230769,310533.7512426035
20.55,23.85,227.1,96.45,0.0,1936.2,0.0,60.0,1037.55,451.65,0.0,190.35,98.1,0.0,25.05,164.85,151.95,318.6,311091.19349112426
20.76,24.12,228.72,96.84,0.0,1934.64,0.0,60.0,1046.76,455.88,0.0,190.92,98.72,0.0,24.96,165.72,152.04,319.7969230769231,311648.635739645
20.970000000000002,24.39,230.34,97.23,0.0,1933.0800000000002,0.0,60.0,1055.97,460.11,0.0,191.48999999999998,99.34,0.0,24.87,166.59,152.13,320.99384615384616,312206.07798816566
21.18,24.660000000000004,231.95999999999998,97.62,0.0,1931.52,0.0,60.0,1065.1799999999998,464.34000000000003,0.0,192.06,99.96000000000001,0.0,24.78,167.45999999999998,152.22,322.19076923076926,312763.5202366864
21.39,24.930000000000003,233.57999999999998,98.01,0.0,1929.96,0.0,60.0,1074.3899999999999,468.57,0.0,192.63,100.58,0.0,24.69,168.32999999999998,152.31,323.3876923076923,313320.96248520707
21.6,25.200000000000003,235.2,98.4,0.0,1928.4,0.0,60.0,1083.6,472.8,0.0,193.2,101.2,0.0,24.6,169.2,152.4,324.5846153846154,313878.4047337278
21.810000000000002,25.470000000000002,236.82,98.79,0.0,1926.8400000000001,0.0,60.0,1092.81,477.03,0.0,193.76999999999998,101.82000000000001,0.0,24.51,170.07,152.49,325.7815384615385,314435.84698224853
22.020000000000003,25.740000000000002,238.44,99.18,0.0,1925.28,0.0,60.0,1102.02,481.26,0.0,194.34,102.44,0.0,24.42,170.94,152.58,326.97846153846154,314993.2892307692
22.23,26.01,240.06,99.57000000000001,0.0,1923.72,0.0,60.0,1111.2299999999998,485.49,0.0,194.91,103.06,0.0,24.330000000000002,171.80999999999997,152.67000000000002,328.17538461538464,315550.73147928994
22.44,26.28,241.68,99.96000000000001,0.0,1922.16,0.0,60.0,1120.4399999999998,489.71999999999997,0.0,195.48,103.68,0.0,24.240000000000002,172.67999999999998,152.76000000000002,329.3723076923077,316108.1737278106
22.650000000000002,26.55,243.3,100.35,0.0,1920.6,0.0,60.0,1129.6499999999999,493.94999999999993,0.0,196.05,104.30000000000001,0.0,24.15,173.54999999999998,152.85000000000002,330.5692307692308,316665.61597633135
22.860000000000003,26.82,244.92,100.74,0.0,1919.04,0.0,60.0,1138.86,498.17999999999995,0.0,196.62,104.92,0.0,24.06,174.42,152.94,331.7661538461539,317223.0582248521
23.070000000000004,27.09,246.54,101.13,0.0,1917.48,0.0,60.0,1148.07,502.40999999999997,0.0,197.19,105.54,0.0,23.97,175.29,153.03,332.9630769230769,317780.50047337275
23.28,27.36,248.16,101.52,0.0,1915.92,0.0,60.0,1157.2799999999997,506.63999999999993,0.0,197.76,106.16000000000001,0.0,23.88,176.15999999999997,153.12,334.16,318337.9427218935
23.490000000000002,27.63,249.78,101.91,0.0,1914.36,0.0,60.0,1166.4899999999998,510.8699999999999,0.0,198.33,106.78,0.0,23.79,177.02999999999997,153.21,335.35692307692307,318895.38497041416
23.700000000000003,27.9,251.4,102.3,0.0,1912.8,0.0,60.0,1175.6999999999998,515.0999999999999,0.0,198.9,107.4,0.0,23.7,177.89999999999998,153.3,336.55384615384617,319452.8272189349
23.910000000000004,28.169999999999998,253.02,102.69,0.0,1911.24,0.0,60.0,1184.9099999999999,519.3299999999999,0.0,199.47,108.02000000000001,0.0,23.61,178.76999999999998,153.39000000000001,337.75076923076927,320010.2694674556
24.12,28.439999999999998,254.64000000000001,103.08,0.0,1909.68,0.0,60.0,1194.12,523.56,0.0,200.04,108.64,0.0,23.52,179.64,153.48000000000002,338.9476923076923,320567.7117159763
24.330000000000002,28.71,256.26,103.47,0.0,1908.12,0.0,60.0,1203.33,527.79,0.0,200.61,109.26,0.0,23.43,180.51,153.57,340.1446153846154,321125.15396449703
24.540000000000003,28.98,257.88,103.86,0.0,1906.56,0.0,60.0,1212.54,532.02,0.0,201.18,109.88,0.0,23.34,181.38,153.66,341.34153846153845,321682.59621301776
24.75,29.25,259.5,104.25,0.0,1905.0,0.0,60.0,1221.75,536.25,0.0,201.75,110.5,0.0,23.25,182.25,153.75,342.53846153846155,322240.0384615385
24.96,29.52,261.12,104.64,0.0,1903.44,0.0,60.0,1230.9599999999998,540.4799999999999,0.0,202.32,111.12,0.0,23.16,183.11999999999998,153.84,343.73538461538465,322797.4807100592
25.17,29.79,262.74,105.03,0.0,1901.88,0.0,60.0,1240.1699999999998,544.7099999999999,0.0,202.89,111.74,0.0,23.07,183.98999999999998,153.93,344.9323076923077,323354.9229585799
25.380000000000003,30.060000000000002,264.36,105.42,0.0,1900.32,0.0,60.0,1249.3799999999999,548.9399999999999,0.0,203.46,112.36,0.0,22.98,184.85999999999999,154.01999999999998,346.1292307692308,323912.36520710064
25.59,30.330000000000002,265.98,105.81,0.0,1898.76,0.0,60.0,1258.59,553.17,0.0,204.03,112.97999999999999,0.0,22.89,185.73,154.10999999999999,347.32615384615383,324469.8074556213
25.8,30.6,267.6,106.2,0.0,1897.2,0.0,60.0,1267.8,557.4,0.0,204.6,113.6,0.0,22.8,186.6,154.2,348.5230769230769,325027.24970414204
26.01,30.87,269.22,106.59,0.0,1895.64,0.0,60.0,1277.01,561.63,0.0,205.17,114.22,0.0,22.71,187.47,154.29,349.72,325584.6919526628
26.22,31.14,270.84000000000003,106.98,0.0,1894.08,0.0,60.0,1286.22,565.86,0.0,205.74,114.83999999999999,0.0,22.62,188.34,154.38,350.91692307692307,326142.13420118345
26.43,31.41,272.46,107.37,0.0,1892.52,0.0,60.0,1295.43,570.09,0.0,206.31,115.46,0.0,22.53,189.21,154.47,352.11384615384617,326699.5764497042
26.64,31.68,274.08,107.76,0.0,1890.96,0.0,60.0,1304.64,574.32,0.0,206.88,116.08,0.0,22.44,190.08,154.56,353.3107692307692,327257.01869822486
26.85,31.95,275.7,108.15,0.0,1889.4,0.0,60.0,1313.85,578.55,0.0,207.45,116.69999999999999,0.0,22.35,190.95,154.64999999999998,354.5076923076923,327814.4609467456
27.06,32.22,277.32,108.53999999999999,0.0,1887.84,0.0,60.0,1323.06,582.78,0.0,208.02,117.32,0.0,22.259999999999998,191.82,154.73999999999998,355.7046153846154,328371.9031952663
27.27,32.489999999999995,278.94,108.92999999999999,0.0,1886.28,0.0,60.0,1332.27,587.01,0.0,208.59,117.94,0.0,22.169999999999998,192.69,154.82999999999998,356.90153846153845,328929.345443787
27.48,32.76,280.55999999999995,109.32,0.0,1884.72,0.0,60.0,1341.48,591.24,0.0,209.16,118.56,0.0,22.08,193.56,154.92,358.09846153846155,329486.7876923077
27.689999999999998,33.03,282.17999999999995,109.71,0.0,1883.1599999999999,0.0,60.0,1350.69,595.47,0.0,209.73000000000002,119.17999999999999,0.0,21.99,194.43,155.01,359.2953846153846,330044.2299408284
27.9,33.3,283.79999999999995,110.1,0.0,1881.6,0.0,60.0,1359.9,599.7,0.0,210.3,119.8,0.0,21.9,195.3,155.1,360.4923076923077,330601.67218934913
28.11,33.57,285.41999999999996,110.49,0.0,1880.04,0.0,60.0,1369.1100000000001,603.9300000000001,0.0,210.87,120.42,0.0,21.81,196.17000000000002,155.19,361.6892307692308,331159.11443786987
28.32,33.839999999999996,287.03999999999996,110.88,0.0,1878.48,0.0,60.0,1378.3200000000002,608.1600000000001,0.0,211.44,121.03999999999999,0.0,21.72,197.04000000000002,155.28,362.88615384615383,331716.55668639054
28.529999999999998,34.11,288.65999999999997,111.27,0.0,1876.9199999999998,0.0,60.0,1387.53,612.39,0.0,212.01000000000002,121.66,0.0,21.63,197.91,155.37,364.08307692307693,332273.9989349113
28.74,34.379999999999995,290.28,111.66,0.0,1875.36,0.0,60.0,1396.74,616.62,0.0,212.58,122.28,0.0,21.54,198.78,155.46,365.28,332831.44118343195
28.95,34.65,291.9,112.05,0.0,1873.8,0.0,60.0,1405.95,620.85,0.0,213.15,122.9,0.0,21.45,199.65,155.55,366.4769230769231,333388.8834319527
29.16,34.92,293.52,112.44,0.0,1872.24,0.0,60.0,1415.16,625.08,0.0,213.72,123.52,0.0,21.36,200.52,155.64,367.67384615384617,333946.3256804734
29.37,35.19,295.14,112.83,0.0,1870.68,0.0,60.0,1424.3700000000001,629.3100000000001,0.0,214.29,124.14,0.0,21.27,201.39000000000001,155.73,368.8707692307692,334503.7679289941
29.58,35.46,296.76,113.22,0.0,1869.12,0.0,60.0,1433.58,633.54,0.0,214.86,124.76,0.0,21.18,202.26,155.82,370.0676923076923,335061.2101775148
29.79,35.73,298.38,113.61,0.0,1867.56,0.0,60.0,1442.79,637.77,0.0,215.43,125.38,0.0,21.09,203.13,155.91,371.26461538461535,335618.6524260355
30.0,36.0,300.0,114.0,0.0,1866.0,0.0,60.0,1452.0,642.0,0.0,216.0,126.0,0.0,21.0,204.0,156.0,372.46153846153845,336176.0946745562
30.81,37.62,305.7,114.72,0.0,1868.76,1.47,62.25,1452.0,642.0,0.0,216.0,126.0,0.0,21.09,202.41,156.93,373.64076923076925,336653.42378698225
31.62,39.24,311.4,115.44,0.0,1871.52,2.94,64.5,1452.0,642.0,0.0,216.0,126.0,0.0,21.18,200.82,157.86,374.82,337130.7528994083
32.43,40.86,317.1,116.16,0.0,1874.28,4.41,66.75,1452.0,642.0,0.0,216.0,126.0,0.0,21.27,199.23,158.79,375.99923076923073,337608.0820118343
33.24,42.480000000000004,322.8,116.88,0.0,1877.04,5.88,69.0,1452.0,642.0,0.0,216.0,126.0,0.0,21.36,197.64,159.72,377.17846153846153,338085.41112426034
34.05,44.1,328.5,117.6,0.0,1879.8,7.35,71.25,1452.0,642.0,0.0,216.0,126.0,0.0,21.45,196.05,160.65,378.35769230769233,338562.7402366864
34.86,45.72,334.2,118.32000000000001,0.0,1882.56,8.82,73.5,1452.0,642.0,0.0,216.0,126.0,0.0,21.54,194.46,161.58,379.5369230769231,339040.06934911245
35.67,47.34,339.9,119.04,0.0,1885.32,10.29,75.75,1452.0,642.0,0.0,216.0,126.0,0.0,21.63,192.87,162.51000000000002,380.7161538461538,339517.3984615385
36.480000000000004,48.96,345.6,119.76,0.0,1888.08,11.76,78.0,1452.0,642.0,0.0,216.0,126.0,0.0,21.72,191.28,163.44,381.8953846153846,339994.7275739645
37.29,50.580000000000005,351.3,120.48,0.0,1890.84,13.23,80.25,1452.0,642.0,0.0,216.0,126.0,0.0,21.81,189.69,164.37,383.0746153846154,340472.05668639054
38.1,52.2,357.0,121.2,0.0,1893.6,14.7,82.5,1452.0,642.0,0.0,216.0,126.0,0.0,21.9,188.1,165.3,384.25384615384615,340949.38579881657
38.910000000000004,53.82,362.7,121.92,0.0,1896.36,16.169999999999998,84.75,1452.0,642.0,0.0,216.0,126.0,0.0,21.99,186.51,166.23000000000002,385.4330769230769,341426.7149112426
39.72,55.440000000000005,368.4,122.64,0.0,1899.12,17.64,87.0,1452.0,642.0,0.0,216.0,126.0,0.0,22.08,184.92,167.16,386.6123076923077,341904.0440236686
40.53,57.06,374.1,123.36,0.0,1901.8799999999999,19.11,89.25,1452.0,642.0,0.0,216.0,126.0,0.0,22.169999999999998,183.32999999999998,168.09,387.7915384615385,342381.37313609465
41.34,58.68000000000001,379.8,124.08,0.0,1904.6399999999999,20.58,91.5,1452.0,642.0,0.0,216.0,126.0,0.0,22.259999999999998,181.73999999999998,169.02,388.97076923076924,342858.7022485207
42.150000000000006,60.300000000000004,385.5,124.80000000000001,0.0,1907.4,22.049999999999997,93.75,1452.0,642.0,0.0,216.0,126.0,0.0,22.35,180.14999999999998,169.95,390.15,343336.0313609467
42.96,61.92,391.2,125.52000000000001,0.0,1910.16,23.52,96.0,1452.0,642.0,0.0,216.0,126.0,0.0,22.44,178.56,170.88,391.3292307692308,343813.3604733728
43.77,63.540000000000006,396.9,126.24000000000001,0.0,1912.92,24.99,98.25,1452.0,642.0,0.0,216.0,126.0,0.0,22.53,176.97,171.81,392.5084615384616,344290.6895857988
44.580000000000005,65.16000000000001,402.6,126.96000000000001,0.0,1915.68,26.46,100.5,1452.0,642.0,0.0,216.0,126.0,0.0,22.62,175.38,172.74,393.6876923076923,344768.01869822486
45.39,66.78,408.3,127.68,0.0,1918.44,27.93,102.75,1452.0,642.0,0.0,216.0,126.0,0.0,22.71,173.79,173.67,394.86692307692306,345245.3478106509
46.2,68.4,414.0,128.4,0.0,1921.2,29.4,105.0,1452.0,642.0,0.0,216.0,126.0,0.0,22.8,172.2,174.6,396.04615384615386,345722.6769230769
47.010000000000005,70.02000000000001,419.7,129.12,0.0,1923.96,30.869999999999997,107.25,1452.0,642.0,0.0,216.0,126.0,0.0,22.89,170.60999999999999,175.53,397.2253846153846,346200.00603550294
47.82,71.64,425.4,129.84,0.0,1926.72,32.339999999999996,109.5,1452.0,642.0,0.0,216.0,126.0,0.0,22.98,169.01999999999998,176.46,398.4046153846154,346677.33514792897
48.63,73.26,431.1,130.56,0.0,1929.48,33.81,111.75,1452.0,642.0,0.0,216.0,126.0,0.0,23.07,167.43,177.39,399.58384615384614,347154.66426035506
49.44,74.88,436.8,131.28,0.0,1932.24,35.28,114.0,1452.0,642.0,0.0,216.0,126.0,0.0,23.16,165.84,178.32,400.76307692307694,347631.9933727811
50.25,76.5,442.5,132.0,0.0,1935.0,36.75,116.25,1452.0,642.0,0.0,216.0,126.0,0.0,23.25,164.25,179.25,401.9423076923077,348109.3224852071
51.06,78.12,448.2,132.72,0.0,1937.76,38.22,118.5,1452.0,642.0,0.0,216.0,126.0,0.0,23.34,162.66,180.18,403.1215384615384,348586.65159763314
51.87,79.74,453.9,133.44,0.0,1940.52,39.69,120.75,1452.0,642.0,0.0,216.0,126.0,0.0,23.43,161.07,181.11,404.3007692307692,349063.9807100592
52.68,81.36,459.6,134.16,0.0,1943.28,41.16,123.0,1452.0,642.0,0.0,216.0,126.0,0.0,23.52,159.48000000000002,182.04,405.47999999999996,349541.30982248526
53.489999999999995,82.97999999999999,465.3,134.88,0.0,1946.04,42.63,125.25,1452.0,642.0,0.0,216.0,126.0,0.0,23.61,157.89000000000001,182.97,406.65923076923076,350018.6389349113
54.3,84.6,471.0,135.6,0.0,1948.8,44.1,127.5,1452.0,642.0,0.0,216.0,126.0,0.0,23.7,156.3,183.9,407.8384615384615,350495.9680473373
55.11,86.22,476.7,136.32,0.0,1951.56,45.57,129.75,1452.0,642.0,0.0,216.0,126.0,0.0,23.79,154.71,184.83,409.0176923076923,350973.29715976334
55.919999999999995,87.83999999999999,482.4,137.04,0.0,1954.32,47.04,132.0,1452.0,642.0,0.0,216.0,126.0,0.0,23.88,153.12,185.76,410.19692307692304,351450.6262721894
56.73,89.46,488.1,137.76,0.0,1957.08,48.51,134.25,1452.0,642.0,0.0,216.0,126.0,0.0,23.97,151.53,186.69,411.3761538461538,351927.9553846154
57.54,91.08,493.8,138.48,0.0,1959.84,49.98,136.5,1452.0,642.0,0.0,216.0,126.0,0.0,24.06,149.94,187.62,412.5553846153846,352405.28449704143
58.349999999999994,92.69999999999999,499.5,139.2,0.0,1962.6,51.45,138.75,1452.0,642.0,0.0,216.0,126.0,0.0,24.15,148.35000000000002,188.55,413.7346153846154,352882.6136094675
59.16,94.32,505.2,139.92000000000002,0.0,1965.3600000000001,52.92,141.0,1452.0,642.0,0.0,216.0,126.0,0.0,24.240000000000002,146.76000000000002,189.48,414.9138461538461,353359.94272189355
59.97,95.94,510.9,140.64000000000001,0.0,1968.1200000000001,54.39,143.25,1452.0,642.0,0.0,216.0,126.0,0.0,24.330000000000002,145.17000000000002,190.41,416.09307692307686,353837.2718343196
60.78,97.56,516.6,141.36,0.0,1970.88,55.86,145.5,1452.0,642.0,0.0,216.0,126.0,0.0,24.42,143.58,191.34,417.27230769230766,354314.6009467456
61.589999999999996,99.17999999999999,522.3,142.08,0.0,1973.64,57.33,147.75,1452.0,642.0,0.0,216.0,126.0,0.0,24.51,141.99,192.26999999999998,418.45153846153846,354791.93005917163
62.4,100.8,528.0,142.8,0.0,1976.4,58.8,150.0,1452.0,642.0,0.0,216.0,126.0,0.0,24.6,140.4,193.2,419.6307692307692,355269.25917159766
63.21,102.42,533.7,143.52,0.0,1979.16,60.269999999999996,152.25,1452.0,642.0,0.0,216.0,126.0,0.0,24.69,138.81,194.13,420.80999999999995,355746.5882840237
64.02,104.03999999999999,539.4,144.24,0.0,1981.92,61.739999999999995,154.5,1452.0,642.0,0.0,216.0,126.0,0.0,24.78,137.22,195.06,421.98923076923074,356223.9173964497
64.83,105.66,545.1,144.96,0.0,1984.68,63.209999999999994,156.75,1452.0,642.0,0.0,216.0,126.0,0.0,24.87,135.63,195.98999999999998,423.16846153846154,356701.24650887575
65.64,107.28,550.8,145.68,0.0,1987.44,64.67999999999999,159.0,1452.0,642.0,0.0,216.0,126.0,0.0,24.96,134.04,196.92,424.3476923076923,357178.5756213018
66.45,108.9,556.5,146.4,0.0,1990.2,66.15,161.25,1452.0,642.0,0.0,216.0,126.0,0.0,25.05,132.45,197.85,425.526923076923,357655.9047337278
67.26,110.52,562.2,147.12,0.0,1992.96,67.62,163.5,1452.0,642.0,0.0,216.0,126.0,0.0,25.14,130.86,198.78,426.7061538461538,358133.2338461539
68.07,112.14,567.9,147.84,0.0,1995.72,69.09,165.75,1452.0,642.0,0.0,216.0,126.0,0.0,25.23,129.27,199.71,427.8853846153846,358610.5629585799
68.88,113.76,573.6,148.56,0.0,1998.48,70.56,168.0,1452.0,642.0,0.0,216.0,126.0,0.0,25.32,127.68,200.64,429.06461538461537,359087.89207100595
69.69,115.38,579.3,149.28,0.0,2001.24,72.03,170.25,1452.0,642.0,0.0,216.0,126.0,0.0,25.41,126.09,201.57,430.2438461538461,359565.221183432
70.5,117.0,585.0,150.0,0.0,2004.0,73.5,172.5,1452.0,642.0,0.0,216.0,126.0,0.0,25.5,124.5,202.5,431.4230769230769,360042.550295858
71.31,118.62,590.7,150.72,0.0,2006.76,74.97,174.75,1452.0,642.0,0.0,216.0,126.0,0.0,25.59,122.91,203.43,432.6023076923077,360519.87940828403
72.12,120.24,596.4,151.44,0.0,2009.52,76.44,177.0,1452.0,642.0,0.0,216.0,126.0,0.0,25.68,121.32,204.36,433.78153846153845,360997.20852071006
72.92999999999999,121.86,602.1,152.16,0.0,2012.28,77.91,179.25,1452.0,642.0,0.0,216.0,126.0,0.0,25.77,119.73,205.29,434.9607692307692,361474.53763313615
73.74,123.47999999999999,607.8,152.88,0.0,2015.04,79.38,181.5,1452.0,642.0,0.0,216.0,126.0,0.0,25.86,118.14,206.22,436.14,361951.8667455622
74.55,125.1,613.5,153.6,0.0,2017.8,80.85,183.75,1452.0,642.0,0.0,216.0,126.0,0.0,25.95,116.55,207.15,437.3192307692308,362429.1958579882
75.36,126.72,619.2,154.32,0.0,2020.56,82.32,186.0,1452.0,642.0,0.0,216.0,126.0,0.0,26.04,114.96,208.08,438.4984615384615,362906.52497041423
76.17,128.34,624.9,155.04,0.0,2023.32,83.78999999999999,188.25,1452.0,642.0,0.0,216.0,126.0,0.0,26.13,113.36999999999999,209.01000000000002,439.67769230769227,363383.85408284026
76.97999999999999,129.95999999999998,630.6,155.76,0.0,2026.08,85.25999999999999,190.5,1452.0,642.0,0.0,216.0,126.0,0.0,26.22,111.78,209.94,440.85692307692307,363861.18319526635
77.78999999999999,131.57999999999998,636.3,156.48,0.0,2028.84,86.72999999999999,192.75,1452.0,642.0,0.0,216.0,126.0,0.0,26.31,110.19,210.87,442.03615384615387,364338.5123076924
78.6,133.2,642.0,157.2,0.0,2031.6,88.19999999999999,195.0,1452.0,642.0,0.0,216.0,126.0,0.0,26.4,108.6,211.8,443.2153846153846,364815.8414201184
79.41,134.82,647.7,157.92,0.0,2034.36,89.66999999999999,197.25,1452.0,642.0,0.0,216.0,126.0,0.0,26.49,107.00999999999999,212.73000000000002,444.39461538461535,365293.17053254443
80.22,136.44,653.4,158.64,0.0,2037.12,91.13999999999999,199.5,1452.0,642.0,0.0,216.0,126.0,0.0,26.58,105.42,213.66,445.57384615384615,365770.49964497046
81.02999999999999,138.05999999999997,659.1,159.35999999999999,0.0,2039.8799999999999,92.61,201.75,1452.0,642.0,0.0,216.0,126.0,0.0,26.669999999999998,103.83,214.59,446.75307692307695,366247.8287573965
81.83999999999999,139.67999999999998,664.8,160.07999999999998,0.0,2042.6399999999999,94.08,204.0,1452.0,642.0,0.0,216.0,126.0,0.0,26.759999999999998,102.24,215.52,447.9323076923077,366725.1578698225
82.64999999999999,141.29999999999998,670.5,160.8,0.0,2045.3999999999999,95.55,206.25,1452.0,642.0,0.0,216.0,126.0,0.0,26.85,100.65,216.45,449.11153846153843,367202.48698224855
83.46,142.92,676.2,161.52,0.0,2048.16,97.02,208.5,1452.0,642.0,0.0,216.0,126.0,0.0,26.94,99.06,217.38,450.29076923076923,367679.8160946746
84.27,144.54,681.9,162.24,0.0,2050.92,98.49,210.75,1452.0,642.0,0.0,216.0,126.0,0.0,27.03,97.47,218.31,451.47,368157.1452071006
85.07999999999998,146.15999999999997,687.6,162.96,0.0,2053.68,99.96000000000001,213.0,1452.0,642.0,0.0,216.0,126.0,0.0,27.12,95.88,219.24,452.64923076923077,368634.47431952663
85.88999999999999,147.77999999999997,693.3,163.68,0.0,2056.4399999999996,101.43,215.25,1452.0,642.0,0.0,216.0,126.0,0.0,27.21,94.29,220.17,453.8284615384615,369111.80343195266
86.69999999999999,149.39999999999998,699.0,164.4,0.0,2059.2,102.9,217.5,1452.0,642.0,0.0,216.0,126.0,0.0,27.3,92.7,221.1,455.0076923076923,369589.1325443787
87.50999999999999,151.01999999999998,704.7,165.12,0.0,2061.96,104.37,219.75,1452.0,642.0,0.0,216.0,126.0,0.0,27.39,91.11,222.03,456.1869230769231,370066.4616568047
88.32,152.64,710.4,165.84,0.0,2064.72,105.84,222.0,1452.0,642.0,0.0,216.0,126.0,0.0,27.48,89.52,222.96,457.36615384615385,370543.79076923075
89.13,154.26,716.1,166.56,0.0,2067.48,107.31,224.25,1452.0,642.0,0.0,216.0,126.0,0.0,27.57,87.93,223.89,458.5453846153846,371021.11988165684
89.94,155.88,721.8,167.28,0.0,2070.24,108.78,226.5,1452.0,642.0,0.0,216.0,126.0,0.0,27.66,86.34,224.82,459.7246153846154,371498.44899408286
90.75,157.5,727.5,168.0,0.0,2073.0,110.25,228.75,1452.0,642.0,0.0,216.0,126.0,0.0,27.75,84.75,225.75,460.9038461538462,371975.7781065089
91.55999999999999,159.11999999999998,733.2,168.72,0.0,2075.76,111.72,231.0,1452.0,642.0,0.0,216.0,126.0,0.0,27.84,83.16,226.68,462.08307692307693,372453.1072189349
92.36999999999999,160.73999999999998,738.9,169.44,0.0,2078.52,113.19,233.25,1452.0,642.0,0.0,216.0,126.0,0.0,27.93,81.57,227.61,463.2623076923077,372930.43633136095
93.17999999999999,162.35999999999999,744.6,170.16,0.0,2081.28,114.66,235.5,1452.0,642.0,0.0,216.0,126.0,0.0,28.02,79.98,228.54,464.44153846153847,373407.76544378704
93.99,163.98,750.3,170.88,0.0,2084.04,116.13,237.75,1452.0,642.0,0.0,216.0,126.0,0.0,28.11,78.39,229.47,465.62076923076927,373885.09455621307
94.8,165.6,756.0,171.6,0.0,2086.8,117.6,240.0,1452.0,642.0,0.0,216.0,126.0,0.0,28.2,76.8,230.4,466.8,374362.4236686391
95.61,167.22,761.7,172.32,0.0,2089.5600000000004,119.07,242.25,1452.0,642.0,0.0,216.0,126.0,0.0,28.29,75.21,231.33,467.97923076923075,374839.7527810651
96.42,168.84,767.4,173.04,0.0,2092.32,120.53999999999999,244.5,1452.0,642.0,0.0,216.0,126.0,0.0,28.38,73.62,232.26,469.15846153846155,375317.08189349115
97.23,170.46,773.1,173.76,0.0,2095.08,122.00999999999999,246.75,1452.0,642.0,0.0,216.0,126.0,0.0,28.47,72.03,233.19,470.3376923076923,375794.4110059172
98.04,172.08,778.8,174.48,0.0,2097.84,123.47999999999999,249.0,1452.0,642.0,0.0,216.0,126.0,0.0,28.56,70.44,234.12,471.5169230769231,376271.7401183432
98.85,173.7,784.5,175.2,0.0,2100.6000000000004,124.94999999999999,251.25,1452.0,642.0,0.0,216.0,126.0,0.0,28.65,68.85,235.05,472.69615384615383,376749.06923076924
99.66,175.32,790.2,175.92000000000002,0.0,2103.36,126.41999999999999,253.5,1452.0,642.0,0.0,216.0,126.0,0.0,28.740000000000002,67.26,235.98,473.8753846153846,377226.39834319527
100.47,176.94,795.9,176.64000000000001,0.0,2106.12,127.88999999999999,255.75,1452.0,642.0,0.0,216.0,126.0,0.0,28.830000000000002,65.67,236.91,475.0546153846154,377703.7274556213
101.28,178.56,801.6,177.36,0.0,2108.88,129.35999999999999,258.0,1452.0,642.0,0.0,216.0,126.0,0.0,28.92,64.08,237.84,476.2338461538461,378181.0565680473
102.09,180.18,807.3,178.08,0.0,2111.6400000000003,130.82999999999998,260.25,1452.0,642.0,0.0,216.0,126.0,0.0,29.01,62.49,238.76999999999998,477.4130769230769,378658.38568047335
102.9,181.8,813.0,178.8,0.0,2114.4,132.29999999999998,262.5,1452.0,642.0,0.0,216.0,126.0,0.0,29.1,60.900000000000006,239.7,478.59230769230766,379135.7147928994
